"YEAR","JURISDICTION","LOCATION","AGE_GROUP","METRIC","DETECTION_METHOD","FINES","ARRESTS","CHARGES"
2024,"NSW","Major Cities of Australia","40-64","non_wearing_seatbelts","Police issued",151,0,2
2024,"NSW","Major Cities of Australia","40-64","speed_fines","Police issued",1888,0,10
2024,"NSW","Major Cities of Australia","40-64","unlicensed_driving","Not applicable",109,0,431
2024,"NSW","Major Cities of Australia","65 and over","mobile_phone_use","Police issued",31,0,0
2024,"NSW","Major Cities of Australia","65 and over","non_wearing_seatbelts","Police issued",24,0,0
2024,"NSW","Major Cities of Australia","65 and over","speed_fines","Police issued",285,0,0
2024,"NSW","Major Cities of Australia","65 and over","unlicensed_driving","Not applicable",9,0,29
2024,"NSW","Outer Regional Australia","12-16","non_wearing_seatbelts","Police issued",1,0,1
2024,"NSW","Outer Regional Australia","12-16","speed_fines","Police issued",2,0,0
2024,"NSW","Outer Regional Australia","12-16","unlicensed_driving","Not applicable",0,0,2
2024,"NSW","Outer Regional Australia","17-25","mobile_phone_use","Police issued",6,0,0
2024,"NSW","Outer Regional Australia","17-25","non_wearing_seatbelts","Police issued",17,0,0
2024,"NSW","Outer Regional Australia","17-25","speed_fines","Police issued",347,0,1
2024,"NSW","Outer Regional Australia","17-25","unlicensed_driving","Not applicable",14,0,47
2024,"NSW","Outer Regional Australia","26-39","mobile_phone_use","Police issued",11,0,0
2024,"NSW","Outer Regional Australia","26-39","non_wearing_seatbelts","Police issued",43,0,0
2024,"NSW","Outer Regional Australia","26-39","speed_fines","Police issued",639,0,1
2024,"NSW","Outer Regional Australia","26-39","unlicensed_driving","Not applicable",24,0,58
2024,"NSW","Outer Regional Australia","40-64","mobile_phone_use","Police issued",3,0,0
2024,"NSW","Outer Regional Australia","40-64","non_wearing_seatbelts","Police issued",20,0,6
2024,"NSW","Outer Regional Australia","40-64","speed_fines","Police issued",732,0,1
2024,"NSW","Outer Regional Australia","40-64","unlicensed_driving","Not applicable",13,0,36
2024,"NSW","Outer Regional Australia","65 and over","mobile_phone_use","Police issued",2,0,0
2024,"NSW","Outer Regional Australia","65 and over","non_wearing_seatbelts","Police issued",8,0,0
2024,"NSW","Outer Regional Australia","65 and over","speed_fines","Police issued",194,0,0
2024,"NSW","Outer Regional Australia","65 and over","unlicensed_driving","Not applicable",1,0,3
2024,"NSW","Remote Australia","12-16","speed_fines","Police issued",1,0,0
2024,"NSW","Remote Australia","17-25","mobile_phone_use","Police issued",1,0,1
2024,"NSW","Remote Australia","17-25","non_wearing_seatbelts","Police issued",6,0,1
2024,"NSW","Remote Australia","17-25","speed_fines","Police issued",28,0,0
2024,"NSW","Remote Australia","17-25","unlicensed_driving","Not applicable",0,0,4
2024,"NSW","Remote Australia","26-39","non_wearing_seatbelts","Police issued",9,0,0
2024,"NSW","Remote Australia","26-39","speed_fines","Police issued",55,0,0
2024,"NSW","Remote Australia","26-39","unlicensed_driving","Not applicable",2,0,9
2024,"NSW","Remote Australia","40-64","non_wearing_seatbelts","Police issued",3,0,0
2024,"NSW","Remote Australia","40-64","speed_fines","Police issued",54,0,0
2024,"NSW","Remote Australia","40-64","unlicensed_driving","Not applicable",1,0,9
2024,"NSW","Remote Australia","65 and over","non_wearing_seatbelts","Police issued",3,0,0
2024,"NSW","Remote Australia","65 and over","speed_fines","Police issued",21,0,0
2024,"NSW","Unknown","12-16","speed_fines","Police issued",2,0,0
2024,"NSW","Unknown","12-16","unlicensed_driving","Not applicable",1,0,3
2024,"NSW","Unknown","17-25","mobile_phone_use","Police issued",12,0,1
2024,"NSW","Unknown","17-25","non_wearing_seatbelts","Police issued",11,0,0
2024,"NSW","Unknown","17-25","speed_fines","Police issued",96,0,5
2024,"NSW","Unknown","17-25","unlicensed_driving","Not applicable",6,0,51
2024,"NSW","Unknown","26-39","mobile_phone_use","Police issued",14,0,0
2024,"NSW","Unknown","26-39","non_wearing_seatbelts","Police issued",17,0,0
2024,"NSW","Unknown","26-39","speed_fines","Police issued",136,0,2
2024,"NSW","Unknown","26-39","unlicensed_driving","Not applicable",18,0,57
2024,"NSW","Unknown","40-64","mobile_phone_use","Police issued",10,0,0
2024,"NSW","Unknown","40-64","non_wearing_seatbelts","Police issued",15,0,0
2024,"NSW","Unknown","40-64","speed_fines","Police issued",126,0,0
2024,"NSW","Unknown","40-64","unlicensed_driving","Not applicable",8,0,52
2024,"NSW","Unknown","65 and over","mobile_phone_use","Police issued",2,0,0
2024,"NSW","Unknown","65 and over","non_wearing_seatbelts","Police issued",3,0,0
2024,"NSW","Unknown","65 and over","speed_fines","Police issued",26,0,0
2024,"NSW","Unknown","65 and over","unlicensed_driving","Not applicable",0,0,2
2024,"NSW","Very Remote Australia","12-16","unlicensed_driving","Not applicable",0,0,1
2024,"NSW","Very Remote Australia","17-25","non_wearing_seatbelts","Police issued",1,0,0
2024,"NSW","Very Remote Australia","17-25","speed_fines","Police issued",2,0,0
2024,"NSW","Very Remote Australia","17-25","unlicensed_driving","Not applicable",0,0,4
2024,"NSW","Very Remote Australia","26-39","non_wearing_seatbelts","Police issued",2,0,0
2024,"NSW","Very Remote Australia","26-39","speed_fines","Police issued",4,0,0
2024,"NSW","Very Remote Australia","26-39","unlicensed_driving","Not applicable",0,0,3
2024,"NSW","Very Remote Australia","40-64","non_wearing_seatbelts","Police issued",1,0,0
2024,"NSW","Very Remote Australia","40-64","speed_fines","Police issued",5,0,0
2024,"NSW","Very Remote Australia","40-64","unlicensed_driving","Not applicable",1,0,2
2024,"NSW","Very Remote Australia","65 and over","unlicensed_driving","Not applicable",0,0,2
2024,"NT","Unknown","12-16","non_wearing_seatbelts","Police issued",0,0,3
2024,"NT","Unknown","12-16","speed_fines","Mobile camera",3,0,0
2024,"NT","Unknown","12-16","speed_fines","Police issued",2,0,0
2024,"NT","Unknown","12-16","unlicensed_driving","Not applicable",0,18,35
2024,"NT","Unknown","17-25","mobile_phone_use","Police issued",1,0,0
2024,"NT","Unknown","17-25","non_wearing_seatbelts","Police issued",6,0,3
2024,"NT","Unknown","17-25","speed_fines","Fixed camera",84,0,0
2024,"NT","Unknown","17-25","speed_fines","Mobile camera",460,0,0
2024,"NT","Unknown","17-25","speed_fines","Police issued",34,0,0
2024,"NT","Unknown","17-25","unlicensed_driving","Not applicable",0,13,45
2024,"NT","Unknown","26-39","mobile_phone_use","Police issued",6,0,1
2024,"NT","Unknown","26-39","non_wearing_seatbelts","Police issued",17,0,14
2024,"NT","Unknown","26-39","speed_fines","Fixed camera",380,0,0
2024,"NT","Unknown","26-39","speed_fines","Mobile camera",1254,0,0
2024,"NT","Unknown","26-39","speed_fines","Police issued",46,0,0
2024,"NT","Unknown","26-39","unlicensed_driving","Not applicable",6,12,56
2024,"NT","Unknown","40-64","mobile_phone_use","Police issued",1,0,0
2024,"NT","Unknown","40-64","non_wearing_seatbelts","Police issued",13,0,7
2024,"NT","Unknown","40-64","speed_fines","Fixed camera",511,0,0
2024,"NT","Unknown","40-64","speed_fines","Mobile camera",1575,0,0
2024,"NT","Unknown","40-64","speed_fines","Police issued",45,0,0
2024,"NT","Unknown","40-64","unlicensed_driving","Not applicable",7,4,29
2024,"NT","Unknown","65 and over","non_wearing_seatbelts","Police issued",1,0,0
2024,"NT","Unknown","65 and over","speed_fines","Fixed camera",83,0,0
2024,"NT","Unknown","65 and over","speed_fines","Mobile camera",381,0,0
2024,"NT","Unknown","65 and over","speed_fines","Police issued",5,0,0
2024,"QLD","Unknown","12-16","mobile_phone_use","Fixed camera",162,0,0
2024,"QLD","Unknown","12-16","mobile_phone_use","Police issued",2,0,0
2024,"QLD","Unknown","12-16","non_wearing_seatbelts","Fixed camera",42,0,0
2024,"QLD","Unknown","12-16","speed_fines","Fixed camera",602,0,0
2024,"QLD","Unknown","12-16","speed_fines","Mobile camera",748,0,0
2024,"QLD","Unknown","12-16","speed_fines","Police issued",4,0,0
2024,"QLD","Unknown","12-16","unlicensed_driving","Not applicable",59,0,0
2024,"QLD","Unknown","17-25","mobile_phone_use","Fixed camera",864,0,0
2024,"QLD","Unknown","17-25","mobile_phone_use","Police issued",64,0,0
2024,"QLD","Unknown","17-25","non_wearing_seatbelts","Fixed camera",386,0,0
2024,"QLD","Unknown","17-25","non_wearing_seatbelts","Police issued",99,0,0
2024,"QLD","Unknown","17-25","speed_fines","Fixed camera",2530,0,0
2024,"QLD","Unknown","17-25","speed_fines","Mobile camera",5118,0,0
2024,"QLD","Unknown","17-25","speed_fines","Police issued",1991,0,0
2024,"QLD","Unknown","17-25","unlicensed_driving","Not applicable",622,0,0
2024,"QLD","Unknown","26-39","mobile_phone_use","Fixed camera",2545,0,0
2024,"QLD","Unknown","26-39","mobile_phone_use","Police issued",105,0,0
2024,"QLD","Unknown","26-39","non_wearing_seatbelts","Fixed camera",1150,0,0
2024,"QLD","Unknown","26-39","non_wearing_seatbelts","Police issued",116,0,0
2024,"QLD","Unknown","26-39","speed_fines","Fixed camera",6221,0,0
2024,"QLD","Unknown","26-39","speed_fines","Mobile camera",10612,0,0
2024,"QLD","Unknown","26-39","speed_fines","Police issued",2825,0,0
2024,"QLD","Unknown","26-39","unlicensed_driving","Not applicable",1013,0,0
2024,"QLD","Unknown","40-64","mobile_phone_use","Fixed camera",2472,0,0
2024,"QLD","Unknown","40-64","mobile_phone_use","Police issued",53,0,0
2024,"QLD","Unknown","40-64","non_wearing_seatbelts","Fixed camera",1157,0,0
2024,"QLD","Unknown","40-64","non_wearing_seatbelts","Police issued",93,0,0
2024,"QLD","Unknown","40-64","speed_fines","Fixed camera",9251,0,0
2024,"QLD","Unknown","40-64","speed_fines","Mobile camera",15185,0,0
2024,"QLD","Unknown","40-64","speed_fines","Police issued",3245,0,0
2024,"QLD","Unknown","40-64","unlicensed_driving","Not applicable",578,0,0
2024,"QLD","Unknown","65 and over","mobile_phone_use","Fixed camera",318,0,0
2024,"QLD","Unknown","65 and over","mobile_phone_use","Police issued",7,0,0
2024,"QLD","Unknown","65 and over","non_wearing_seatbelts","Fixed camera",247,0,0
2024,"QLD","Unknown","65 and over","non_wearing_seatbelts","Police issued",14,0,0
2024,"QLD","Unknown","65 and over","speed_fines","Fixed camera",2350,0,0
2024,"QLD","Unknown","65 and over","speed_fines","Mobile camera",3861,0,0
2024,"QLD","Unknown","65 and over","speed_fines","Police issued",636,0,0
2024,"QLD","Unknown","65 and over","unlicensed_driving","Not applicable",30,0,0
2024,"SA","Inner Regional Australia","12-16","non_wearing_seatbelts","Police issued",1,0,0
2024,"SA","Inner Regional Australia","17-25","mobile_phone_use","Police issued",1,0,0
2024,"SA","Inner Regional Australia","17-25","non_wearing_seatbelts","Police issued",7,0,0
2024,"SA","Inner Regional Australia","17-25","speed_fines","Fixed camera",47,0,0
2024,"SA","Inner Regional Australia","17-25","speed_fines","Mobile camera",150,0,0
2024,"SA","Inner Regional Australia","17-25","speed_fines","Police issued",165,0,1
2024,"SA","Inner Regional Australia","26-39","mobile_phone_use","Police issued",1,0,0
2024,"SA","Inner Regional Australia","26-39","non_wearing_seatbelts","Police issued",13,0,0
2024,"SA","Inner Regional Australia","26-39","speed_fines","Fixed camera",95,0,0
2024,"SA","Inner Regional Australia","26-39","speed_fines","Mobile camera",408,0,0
2024,"SA","Inner Regional Australia","26-39","speed_fines","Police issued",374,0,6
2024,"SA","Inner Regional Australia","40-64","mobile_phone_use","Police issued",2,0,0
2024,"SA","Inner Regional Australia","40-64","non_wearing_seatbelts","Police issued",21,0,0
2024,"SA","Inner Regional Australia","40-64","speed_fines","Fixed camera",123,0,0
2024,"SA","Inner Regional Australia","40-64","speed_fines","Mobile camera",744,0,0
2024,"SA","Inner Regional Australia","40-64","speed_fines","Police issued",443,0,0
2024,"SA","Inner Regional Australia","65 and over","non_wearing_seatbelts","Police issued",7,0,0
2024,"SA","Inner Regional Australia","65 and over","speed_fines","Fixed camera",46,0,0
2024,"SA","Inner Regional Australia","65 and over","speed_fines","Mobile camera",310,0,0
2024,"SA","Inner Regional Australia","65 and over","speed_fines","Police issued",139,0,0
2024,"SA","Inner Regional Australia","65 and over","unlicensed_driving","Not applicable",4,0,0
2024,"SA","Major Cities of Australia","12-16","non_wearing_seatbelts","Police issued",2,0,0
2024,"SA","Major Cities of Australia","12-16","speed_fines","Fixed camera",1,0,0
2024,"SA","Major Cities of Australia","12-16","speed_fines","Mobile camera",1,0,0
2024,"SA","Major Cities of Australia","17-25","mobile_phone_use","Police issued",32,0,0
2024,"SA","Major Cities of Australia","17-25","non_wearing_seatbelts","Police issued",30,0,0
2024,"SA","Major Cities of Australia","17-25","speed_fines","Fixed camera",399,0,0
2024,"SA","Major Cities of Australia","17-25","speed_fines","Mobile camera",549,0,0
2024,"SA","Major Cities of Australia","17-25","speed_fines","Police issued",228,3,6
2024,"SA","Major Cities of Australia","26-39","mobile_phone_use","Police issued",55,0,0
2024,"SA","Major Cities of Australia","26-39","non_wearing_seatbelts","Police issued",32,0,0
2024,"SA","Major Cities of Australia","26-39","speed_fines","Fixed camera",998,0,0
2024,"SA","Major Cities of Australia","26-39","speed_fines","Mobile camera",1369,0,0
2024,"SA","Major Cities of Australia","26-39","speed_fines","Police issued",333,2,3
2024,"SA","Major Cities of Australia","40-64","mobile_phone_use","Police issued",42,0,0
2024,"SA","Major Cities of Australia","40-64","non_wearing_seatbelts","Police issued",42,0,0
2024,"SA","Major Cities of Australia","40-64","speed_fines","Fixed camera",2158,0,0
2024,"SA","Major Cities of Australia","40-64","speed_fines","Mobile camera",2301,0,0
2024,"SA","Major Cities of Australia","40-64","speed_fines","Police issued",392,1,2
2024,"SA","Major Cities of Australia","65 and over","mobile_phone_use","Police issued",6,0,0
2024,"SA","Major Cities of Australia","65 and over","non_wearing_seatbelts","Police issued",24,0,0
2024,"SA","Major Cities of Australia","65 and over","speed_fines","Fixed camera",918,0,0
2024,"SA","Major Cities of Australia","65 and over","speed_fines","Mobile camera",721,0,0
2024,"SA","Major Cities of Australia","65 and over","speed_fines","Police issued",95,0,0
2024,"SA","Major Cities of Australia","65 and over","unlicensed_driving","Not applicable",12,0,0
2024,"SA","Outer Regional Australia","12-16","non_wearing_seatbelts","Police issued",1,0,0
2024,"SA","Outer Regional Australia","12-16","speed_fines","Mobile camera",1,0,0
2024,"SA","Outer Regional Australia","17-25","mobile_phone_use","Police issued",1,0,0
2024,"SA","Outer Regional Australia","17-25","non_wearing_seatbelts","Police issued",12,0,0
2024,"SA","Outer Regional Australia","17-25","speed_fines","Fixed camera",30,0,0
2024,"SA","Outer Regional Australia","17-25","speed_fines","Mobile camera",48,0,0
2024,"SA","Outer Regional Australia","17-25","speed_fines","Police issued",184,1,1
2024,"SA","Outer Regional Australia","26-39","non_wearing_seatbelts","Police issued",13,0,0
2024,"SA","Outer Regional Australia","26-39","speed_fines","Fixed camera",57,0,0
2024,"SA","Outer Regional Australia","26-39","speed_fines","Mobile camera",161,0,0
2024,"SA","Outer Regional Australia","26-39","speed_fines","Police issued",369,0,1
2024,"SA","Outer Regional Australia","40-64","mobile_phone_use","Police issued",1,0,0
2024,"SA","Outer Regional Australia","40-64","non_wearing_seatbelts","Police issued",15,0,0
2024,"SA","Outer Regional Australia","40-64","speed_fines","Fixed camera",74,0,0
2024,"SA","Outer Regional Australia","40-64","speed_fines","Mobile camera",282,0,0
2024,"SA","Outer Regional Australia","40-64","speed_fines","Police issued",458,1,2
2024,"SA","Outer Regional Australia","65 and over","non_wearing_seatbelts","Police issued",7,0,0
2024,"SA","Outer Regional Australia","65 and over","speed_fines","Fixed camera",15,0,0
2024,"SA","Outer Regional Australia","65 and over","speed_fines","Mobile camera",128,0,0
2024,"SA","Outer Regional Australia","65 and over","speed_fines","Police issued",110,0,1
2024,"SA","Outer Regional Australia","65 and over","unlicensed_driving","Not applicable",4,0,0
2024,"SA","Remote Australia","17-25","non_wearing_seatbelts","Police issued",2,0,0
2024,"SA","Remote Australia","17-25","speed_fines","Mobile camera",7,0,0
2024,"SA","Remote Australia","17-25","speed_fines","Police issued",40,0,1
2024,"SA","Remote Australia","26-39","mobile_phone_use","Police issued",1,0,0
2024,"SA","Remote Australia","26-39","non_wearing_seatbelts","Police issued",4,0,0
2024,"SA","Remote Australia","26-39","speed_fines","Mobile camera",12,0,0
2024,"SA","Remote Australia","26-39","speed_fines","Police issued",70,0,0
2024,"SA","Remote Australia","40-64","non_wearing_seatbelts","Police issued",4,0,0
2024,"SA","Remote Australia","40-64","speed_fines","Mobile camera",31,0,0
2024,"SA","Remote Australia","40-64","speed_fines","Police issued",74,0,1
2024,"SA","Remote Australia","65 and over","non_wearing_seatbelts","Police issued",5,0,0
2024,"SA","Remote Australia","65 and over","speed_fines","Mobile camera",5,0,0
2024,"SA","Remote Australia","65 and over","speed_fines","Police issued",13,0,0
2024,"SA","Remote Australia","65 and over","unlicensed_driving","Not applicable",0,0,0
2024,"SA","Unknown","12-16","unlicensed_driving","Not applicable",0,6,8
2024,"SA","Unknown","17-25","mobile_phone_use","Police issued",1,0,0
2024,"SA","Unknown","17-25","speed_fines","Police issued",16,0,0
2024,"SA","Unknown","17-25","unlicensed_driving","Not applicable",0,26,50
2024,"SA","Unknown","26-39","speed_fines","Police issued",29,0,0
2024,"SA","Unknown","26-39","unlicensed_driving","Not applicable",0,68,155
2024,"SA","Unknown","40-64","non_wearing_seatbelts","Police issued",1,0,0
2024,"SA","Unknown","40-64","speed_fines","Police issued",45,1,0
2024,"SA","Unknown","40-64","unlicensed_driving","Not applicable",0,28,154
2024,"SA","Unknown","65 and over","non_wearing_seatbelts","Police issued",1,0,0
2024,"SA","Unknown","65 and over","speed_fines","Police issued",10,0,0
2024,"SA","Unknown","65 and over","unlicensed_driving","Not applicable",0,1,7
2024,"SA","Very Remote Australia","17-25","non_wearing_seatbelts","Police issued",1,0,0
2024,"SA","Very Remote Australia","17-25","speed_fines","Police issued",19,0,0
2024,"SA","Very Remote Australia","26-39","non_wearing_seatbelts","Police issued",7,0,0
2024,"SA","Very Remote Australia","26-39","speed_fines","Police issued",37,0,0
2024,"SA","Very Remote Australia","40-64","non_wearing_seatbelts","Police issued",5,0,0
2024,"SA","Very Remote Australia","40-64","speed_fines","Police issued",50,0,0
2024,"SA","Very Remote Australia","65 and over","non_wearing_seatbelts","Police issued",1,0,0
2024,"SA","Very Remote Australia","65 and over","speed_fines","Police issued",8,0,0
2024,"TAS","Unknown","12-16","non_wearing_seatbelts","Fixed or mobile camera",1,0,0
2024,"TAS","Unknown","12-16","unlicensed_driving","Not applicable",0,1,4
2024,"TAS","Unknown","17-25","mobile_phone_use","Fixed or mobile camera",10,0,0
2024,"TAS","Unknown","17-25","mobile_phone_use","Police issued",37,0,0
2024,"TAS","Unknown","17-25","non_wearing_seatbelts","Fixed or mobile camera",50,0,0
2024,"TAS","Unknown","17-25","non_wearing_seatbelts","Police issued",18,0,2
2024,"TAS","Unknown","17-25","speed_fines","Fixed or mobile camera",657,0,0
2024,"TAS","Unknown","17-25","speed_fines","Police issued",348,0,12
2024,"TAS","Unknown","17-25","unlicensed_driving","Not applicable",6,0,28
2024,"TAS","Unknown","26-39","mobile_phone_use","Fixed or mobile camera",77,0,0
2024,"TAS","Unknown","26-39","mobile_phone_use","Police issued",44,0,2
2024,"TAS","Unknown","26-39","non_wearing_seatbelts","Fixed or mobile camera",146,0,0
2024,"TAS","Unknown","26-39","non_wearing_seatbelts","Police issued",30,0,3
2024,"TAS","Unknown","26-39","speed_fines","Fixed or mobile camera",1655,0,0
2024,"TAS","Unknown","26-39","speed_fines","Police issued",543,0,12
2024,"TAS","Unknown","26-39","unlicensed_driving","Not applicable",16,0,73
2024,"TAS","Unknown","40-64","mobile_phone_use","Fixed or mobile camera",50,0,0
2024,"TAS","Unknown","40-64","mobile_phone_use","Police issued",36,0,1
2024,"TAS","Unknown","40-64","non_wearing_seatbelts","Fixed or mobile camera",143,0,0
2024,"TAS","Unknown","40-64","non_wearing_seatbelts","Police issued",27,0,0
2024,"TAS","Unknown","40-64","speed_fines","Fixed or mobile camera",2471,0,0
2024,"TAS","Unknown","40-64","speed_fines","Police issued",649,0,10
2024,"TAS","Unknown","40-64","unlicensed_driving","Not applicable",7,0,32
2024,"TAS","Unknown","65 and over","mobile_phone_use","Fixed or mobile camera",9,0,0
2024,"TAS","Unknown","65 and over","mobile_phone_use","Police issued",10,0,0
2024,"TAS","Unknown","65 and over","non_wearing_seatbelts","Fixed or mobile camera",71,0,0
2024,"TAS","Unknown","65 and over","non_wearing_seatbelts","Police issued",16,0,1
2024,"TAS","Unknown","65 and over","speed_fines","Fixed or mobile camera",933,0,0
2024,"TAS","Unknown","65 and over","speed_fines","Police issued",179,0,0
2024,"TAS","Unknown","65 and over","unlicensed_driving","Not applicable",2,0,2
2024,"VIC","Inner Regional Australia","12-16","mobile_phone_use","Fixed camera",0,0,0
2024,"VIC","Inner Regional Australia","12-16","mobile_phone_use","Mobile camera",0,0,0
2024,"VIC","Inner Regional Australia","12-16","non_wearing_seatbelts","Fixed camera",0,0,0
2024,"VIC","Inner Regional Australia","12-16","non_wearing_seatbelts","Mobile camera",0,0,0
2024,"VIC","Inner Regional Australia","12-16","speed_fines","Fixed camera",0,0,0
2024,"VIC","Inner Regional Australia","12-16","speed_fines","Mobile camera",0,0,0
2024,"VIC","Inner Regional Australia","17-25","mobile_phone_use","Fixed camera",0,0,0
2024,"VIC","Inner Regional Australia","17-25","mobile_phone_use","Mobile camera",101,0,0
2024,"VIC","Inner Regional Australia","17-25","non_wearing_seatbelts","Fixed camera",0,0,0
2024,"VIC","Inner Regional Australia","17-25","non_wearing_seatbelts","Mobile camera",64,0,0
2024,"VIC","Inner Regional Australia","17-25","speed_fines","Fixed camera",138,0,0
2024,"VIC","Inner Regional Australia","17-25","speed_fines","Mobile camera",574,0,0
2024,"VIC","Inner Regional Australia","26-39","mobile_phone_use","Fixed camera",0,0,0
2024,"VIC","Inner Regional Australia","26-39","mobile_phone_use","Mobile camera",387,0,0
2024,"VIC","Inner Regional Australia","26-39","non_wearing_seatbelts","Fixed camera",0,0,0
2024,"VIC","Inner Regional Australia","26-39","non_wearing_seatbelts","Mobile camera",217,0,0
2024,"VIC","Inner Regional Australia","26-39","speed_fines","Fixed camera",503,0,0
2024,"VIC","Inner Regional Australia","26-39","speed_fines","Mobile camera",1956,0,0
2024,"VIC","Inner Regional Australia","40-64","mobile_phone_use","Fixed camera",0,0,0
2024,"VIC","Inner Regional Australia","40-64","mobile_phone_use","Mobile camera",502,0,0
2024,"VIC","Inner Regional Australia","40-64","non_wearing_seatbelts","Fixed camera",0,0,0
2024,"VIC","Inner Regional Australia","40-64","non_wearing_seatbelts","Mobile camera",338,0,0
2024,"VIC","Inner Regional Australia","40-64","speed_fines","Fixed camera",882,0,0
2024,"VIC","Inner Regional Australia","40-64","speed_fines","Mobile camera",3176,0,0
2024,"VIC","Inner Regional Australia","65 and over","mobile_phone_use","Fixed camera",0,0,0
2024,"VIC","Inner Regional Australia","65 and over","mobile_phone_use","Mobile camera",85,0,0
2024,"VIC","Inner Regional Australia","65 and over","non_wearing_seatbelts","Fixed camera",0,0,0
2024,"VIC","Inner Regional Australia","65 and over","non_wearing_seatbelts","Mobile camera",124,0,0
2024,"VIC","Inner Regional Australia","65 and over","speed_fines","Fixed camera",377,0,0
2024,"VIC","Inner Regional Australia","65 and over","speed_fines","Mobile camera",1306,0,0
2024,"VIC","Major Cities of Australia","12-16","mobile_phone_use","Fixed camera",0,0,0
2024,"VIC","Major Cities of Australia","12-16","mobile_phone_use","Mobile camera",0,0,0
2024,"VIC","Major Cities of Australia","12-16","non_wearing_seatbelts","Fixed camera",0,0,0
2024,"VIC","Major Cities of Australia","12-16","non_wearing_seatbelts","Mobile camera",0,0,0
2024,"VIC","Major Cities of Australia","12-16","speed_fines","Fixed camera",0,0,0
2024,"VIC","Major Cities of Australia","12-16","speed_fines","Mobile camera",0,0,0
2024,"VIC","Major Cities of Australia","17-25","mobile_phone_use","Fixed camera",0,0,0
2024,"VIC","Major Cities of Australia","17-25","mobile_phone_use","Mobile camera",290,0,0
2024,"VIC","Major Cities of Australia","17-25","non_wearing_seatbelts","Fixed camera",0,0,0
2024,"VIC","Major Cities of Australia","17-25","non_wearing_seatbelts","Mobile camera",260,0,0
2024,"VIC","Major Cities of Australia","17-25","speed_fines","Fixed camera",3335,0,0
2024,"VIC","Major Cities of Australia","17-25","speed_fines","Mobile camera",2263,0,0
2024,"VIC","Major Cities of Australia","26-39","mobile_phone_use","Fixed camera",0,0,0
2024,"VIC","Major Cities of Australia","26-39","mobile_phone_use","Mobile camera",1402,0,0
2024,"VIC","Major Cities of Australia","26-39","non_wearing_seatbelts","Fixed camera",0,0,0
2024,"VIC","Major Cities of Australia","26-39","non_wearing_seatbelts","Mobile camera",1167,0,0
2024,"VIC","Major Cities of Australia","26-39","speed_fines","Fixed camera",12612,0,0
2024,"VIC","Major Cities of Australia","26-39","speed_fines","Mobile camera",8905,0,0
2024,"VIC","Major Cities of Australia","40-64","mobile_phone_use","Fixed camera",0,0,0
2024,"VIC","Major Cities of Australia","40-64","mobile_phone_use","Mobile camera",1884,0,0
2024,"VIC","Major Cities of Australia","40-64","non_wearing_seatbelts","Fixed camera",0,0,0
2024,"VIC","Major Cities of Australia","40-64","non_wearing_seatbelts","Mobile camera",1662,0,0
2024,"VIC","Major Cities of Australia","40-64","speed_fines","Fixed camera",21894,0,0
2024,"VIC","Major Cities of Australia","40-64","speed_fines","Mobile camera",13426,0,0
2024,"VIC","Major Cities of Australia","65 and over","mobile_phone_use","Fixed camera",0,0,0
2024,"VIC","Major Cities of Australia","65 and over","mobile_phone_use","Mobile camera",289,0,0
2024,"VIC","Major Cities of Australia","65 and over","non_wearing_seatbelts","Fixed camera",0,0,0
2024,"VIC","Major Cities of Australia","65 and over","non_wearing_seatbelts","Mobile camera",521,0,0
2024,"VIC","Major Cities of Australia","65 and over","speed_fines","Fixed camera",6792,0,0
2024,"VIC","Major Cities of Australia","65 and over","speed_fines","Mobile camera",4162,0,0
2024,"VIC","Outer Regional Australia","12-16","mobile_phone_use","Fixed camera",0,0,0
2024,"VIC","Outer Regional Australia","12-16","mobile_phone_use","Mobile camera",0,0,0
2024,"VIC","Outer Regional Australia","12-16","non_wearing_seatbelts","Fixed camera",0,0,0
2024,"VIC","Outer Regional Australia","12-16","non_wearing_seatbelts","Mobile camera",0,0,0
2024,"VIC","Outer Regional Australia","12-16","speed_fines","Fixed camera",0,0,0
2024,"VIC","Outer Regional Australia","12-16","speed_fines","Mobile camera",0,0,0
2024,"VIC","Outer Regional Australia","17-25","mobile_phone_use","Fixed camera",0,0,0
2024,"VIC","Outer Regional Australia","17-25","mobile_phone_use","Mobile camera",0,0,0
2024,"VIC","Outer Regional Australia","17-25","non_wearing_seatbelts","Fixed camera",0,0,0
2024,"VIC","Outer Regional Australia","17-25","non_wearing_seatbelts","Mobile camera",0,0,0
2024,"VIC","Outer Regional Australia","17-25","speed_fines","Fixed camera",5,0,0
2024,"VIC","Outer Regional Australia","17-25","speed_fines","Mobile camera",101,0,0
2024,"VIC","Outer Regional Australia","26-39","mobile_phone_use","Fixed camera",0,0,0
2024,"VIC","Outer Regional Australia","26-39","mobile_phone_use","Mobile camera",0,0,0
2024,"VIC","Outer Regional Australia","26-39","non_wearing_seatbelts","Fixed camera",0,0,0
2024,"VIC","Outer Regional Australia","26-39","non_wearing_seatbelts","Mobile camera",0,0,0
2024,"VIC","Outer Regional Australia","26-39","speed_fines","Fixed camera",7,0,0
2024,"VIC","Outer Regional Australia","26-39","speed_fines","Mobile camera",354,0,0
2024,"VIC","Outer Regional Australia","40-64","mobile_phone_use","Fixed camera",0,0,0
2024,"VIC","Outer Regional Australia","40-64","mobile_phone_use","Mobile camera",0,0,0
2024,"VIC","Outer Regional Australia","40-64","non_wearing_seatbelts","Fixed camera",0,0,0
2024,"VIC","Outer Regional Australia","40-64","non_wearing_seatbelts","Mobile camera",0,0,0
2024,"VIC","Outer Regional Australia","40-64","speed_fines","Fixed camera",19,0,0
2024,"VIC","Outer Regional Australia","40-64","speed_fines","Mobile camera",636,0,0
2024,"VIC","Outer Regional Australia","65 and over","mobile_phone_use","Fixed camera",0,0,0
2024,"VIC","Outer Regional Australia","65 and over","mobile_phone_use","Mobile camera",0,0,0
2024,"VIC","Outer Regional Australia","65 and over","non_wearing_seatbelts","Fixed camera",0,0,0
2024,"VIC","Outer Regional Australia","65 and over","non_wearing_seatbelts","Mobile camera",0,0,0
2024,"VIC","Outer Regional Australia","65 and over","speed_fines","Fixed camera",6,0,0
2024,"VIC","Outer Regional Australia","65 and over","speed_fines","Mobile camera",231,0,0
2024,"VIC","Remote Australia","12-16","mobile_phone_use","Fixed camera",0,0,0
2024,"VIC","Remote Australia","12-16","mobile_phone_use","Mobile camera",0,0,0
2024,"VIC","Remote Australia","12-16","non_wearing_seatbelts","Fixed camera",0,0,0
2024,"VIC","Remote Australia","12-16","non_wearing_seatbelts","Mobile camera",0,0,0
2024,"VIC","Remote Australia","12-16","speed_fines","Fixed camera",0,0,0
2024,"VIC","Remote Australia","12-16","speed_fines","Mobile camera",0,0,0
2024,"VIC","Remote Australia","17-25","mobile_phone_use","Fixed camera",0,0,0
2024,"VIC","Remote Australia","17-25","mobile_phone_use","Mobile camera",0,0,0
2024,"VIC","Remote Australia","17-25","non_wearing_seatbelts","Fixed camera",0,0,0
2024,"VIC","Remote Australia","17-25","non_wearing_seatbelts","Mobile camera",0,0,0
2024,"VIC","Remote Australia","17-25","speed_fines","Fixed camera",0,0,0
2024,"VIC","Remote Australia","17-25","speed_fines","Mobile camera",0,0,0
2024,"VIC","Remote Australia","26-39","mobile_phone_use","Fixed camera",0,0,0
2024,"VIC","Remote Australia","26-39","mobile_phone_use","Mobile camera",0,0,0
2024,"VIC","Remote Australia","26-39","non_wearing_seatbelts","Fixed camera",0,0,0
2024,"VIC","Remote Australia","26-39","non_wearing_seatbelts","Mobile camera",0,0,0
2024,"VIC","Remote Australia","26-39","speed_fines","Fixed camera",0,0,0
2024,"VIC","Remote Australia","26-39","speed_fines","Mobile camera",0,0,0
2024,"VIC","Remote Australia","40-64","mobile_phone_use","Fixed camera",0,0,0
2024,"VIC","Remote Australia","40-64","mobile_phone_use","Mobile camera",0,0,0
2024,"VIC","Remote Australia","40-64","non_wearing_seatbelts","Fixed camera",0,0,0
2024,"VIC","Remote Australia","40-64","non_wearing_seatbelts","Mobile camera",0,0,0
2024,"VIC","Remote Australia","40-64","speed_fines","Fixed camera",0,0,0
2024,"VIC","Remote Australia","40-64","speed_fines","Mobile camera",1,0,0
2024,"VIC","Remote Australia","65 and over","mobile_phone_use","Fixed camera",0,0,0
2024,"VIC","Remote Australia","65 and over","mobile_phone_use","Mobile camera",0,0,0
2024,"VIC","Remote Australia","65 and over","non_wearing_seatbelts","Fixed camera",0,0,0
2024,"VIC","Remote Australia","65 and over","non_wearing_seatbelts","Mobile camera",0,0,0
2024,"VIC","Remote Australia","65 and over","speed_fines","Fixed camera",0,0,0
2024,"VIC","Remote Australia","65 and over","speed_fines","Mobile camera",0,0,0
2024,"VIC","Unknown","12-16","mobile_phone_use","Fixed camera",0,0,0
2024,"VIC","Unknown","12-16","mobile_phone_use","Mobile camera",0,0,0
2024,"VIC","Unknown","12-16","mobile_phone_use","Police issued",3,0,0
2024,"VIC","Unknown","12-16","non_wearing_seatbelts","Fixed camera",0,0,0
2024,"VIC","Unknown","12-16","non_wearing_seatbelts","Mobile camera",0,0,0
2024,"VIC","Unknown","12-16","non_wearing_seatbelts","Police issued",1,0,0
2024,"VIC","Unknown","12-16","speed_fines","Fixed camera",0,0,0
2024,"VIC","Unknown","12-16","speed_fines","Mobile camera",0,0,0
2024,"VIC","Unknown","12-16","speed_fines","Police issued",2,0,0
2024,"VIC","Unknown","12-16","unlicensed_driving","Not applicable",5,0,0
2024,"VIC","Unknown","17-25","mobile_phone_use","Fixed camera",0,0,0
2024,"VIC","Unknown","17-25","mobile_phone_use","Mobile camera",0,0,0
2024,"VIC","Unknown","17-25","mobile_phone_use","Police issued",258,0,0
2024,"VIC","Unknown","17-25","non_wearing_seatbelts","Fixed camera",0,0,0
2024,"VIC","Unknown","17-25","non_wearing_seatbelts","Mobile camera",0,0,0
2024,"VIC","Unknown","17-25","non_wearing_seatbelts","Police issued",102,0,0
2024,"VIC","Unknown","17-25","speed_fines","Fixed camera",702,0,0
2024,"VIC","Unknown","17-25","speed_fines","Mobile camera",0,0,0
2024,"VIC","Unknown","17-25","speed_fines","Police issued",2207,0,0
2024,"VIC","Unknown","17-25","unlicensed_driving","Not applicable",188,0,0
2024,"VIC","Unknown","26-39","mobile_phone_use","Fixed camera",0,0,0
2024,"VIC","Unknown","26-39","mobile_phone_use","Mobile camera",0,0,0
2024,"VIC","Unknown","26-39","mobile_phone_use","Police issued",587,0,0
2024,"VIC","Unknown","26-39","non_wearing_seatbelts","Fixed camera",0,0,0
2024,"VIC","Unknown","26-39","non_wearing_seatbelts","Mobile camera",0,0,0
2024,"VIC","Unknown","26-39","non_wearing_seatbelts","Police issued",213,0,0
2024,"VIC","Unknown","26-39","speed_fines","Fixed camera",1686,0,0
2024,"VIC","Unknown","26-39","speed_fines","Mobile camera",0,0,0
2024,"VIC","Unknown","26-39","speed_fines","Police issued",3920,0,0
2024,"VIC","Unknown","26-39","unlicensed_driving","Not applicable",326,0,0
2024,"VIC","Unknown","40-64","mobile_phone_use","Fixed camera",0,0,0
2024,"VIC","Unknown","40-64","mobile_phone_use","Mobile camera",0,0,0
2024,"VIC","Unknown","40-64","mobile_phone_use","Police issued",452,0,0
2024,"VIC","Unknown","40-64","non_wearing_seatbelts","Fixed camera",0,0,0
2024,"VIC","Unknown","40-64","non_wearing_seatbelts","Mobile camera",0,0,0
2024,"VIC","Unknown","40-64","non_wearing_seatbelts","Police issued",171,0,0
2024,"VIC","Unknown","40-64","speed_fines","Fixed camera",2198,0,0
2024,"VIC","Unknown","40-64","speed_fines","Mobile camera",0,0,0
2024,"VIC","Unknown","40-64","speed_fines","Police issued",4556,0,0
2024,"VIC","Unknown","40-64","unlicensed_driving","Not applicable",189,0,0
2024,"VIC","Unknown","65 and over","mobile_phone_use","Fixed camera",0,0,0
2024,"VIC","Unknown","65 and over","mobile_phone_use","Mobile camera",0,0,0
2024,"VIC","Unknown","65 and over","mobile_phone_use","Police issued",56,0,0
2024,"VIC","Unknown","65 and over","non_wearing_seatbelts","Fixed camera",0,0,0
2024,"VIC","Unknown","65 and over","non_wearing_seatbelts","Mobile camera",0,0,0
2024,"VIC","Unknown","65 and over","non_wearing_seatbelts","Police issued",35,0,0
2024,"VIC","Unknown","65 and over","speed_fines","Fixed camera",487,0,0
2024,"VIC","Unknown","65 and over","speed_fines","Mobile camera",0,0,0
2024,"VIC","Unknown","65 and over","speed_fines","Police issued",979,0,0
2024,"VIC","Unknown","65 and over","unlicensed_driving","Not applicable",17,0,0
2024,"WA","Unknown","12-16","speed_fines","Average speed camera",1,0,0
2024,"WA","Unknown","12-16","speed_fines","Fixed camera",9,0,0
2024,"WA","Unknown","12-16","speed_fines","Mobile camera",13,0,0
2024,"WA","Unknown","12-16","speed_fines","Red light camera",5,0,0
2024,"WA","Unknown","12-16","unlicensed_driving","Not applicable",0,21,40
2024,"WA","Unknown","17-25","mobile_phone_use","Police issued",62,0,0
2024,"WA","Unknown","17-25","non_wearing_seatbelts","Police issued",75,0,0
2024,"WA","Unknown","17-25","speed_fines","Average speed camera",174,0,0
2024,"WA","Unknown","17-25","speed_fines","Fixed camera",833,0,0
2024,"WA","Unknown","17-25","speed_fines","Mobile camera",3729,0,0
2024,"WA","Unknown","17-25","speed_fines","Police issued",1046,0,0
2024,"WA","Unknown","17-25","speed_fines","Red light camera",737,0,0
2024,"WA","Unknown","17-25","unlicensed_driving","Not applicable",43,38,352
2024,"WA","Unknown","26-39","mobile_phone_use","Police issued",130,0,0
2024,"WA","Unknown","26-39","non_wearing_seatbelts","Police issued",112,0,0
2024,"WA","Unknown","26-39","speed_fines","Average speed camera",416,0,0
2024,"WA","Unknown","26-39","speed_fines","Fixed camera",2838,0,0
2024,"WA","Unknown","26-39","speed_fines","Mobile camera",10520,0,0
2024,"WA","Unknown","26-39","speed_fines","Police issued",2140,0,0
2024,"WA","Unknown","26-39","speed_fines","Red light camera",2912,0,0
2024,"WA","Unknown","26-39","unlicensed_driving","Not applicable",116,87,600
2024,"WA","Unknown","40-64","mobile_phone_use","Police issued",91,0,0
2024,"WA","Unknown","40-64","non_wearing_seatbelts","Police issued",68,0,0
2024,"WA","Unknown","40-64","speed_fines","Average speed camera",522,0,0
2024,"WA","Unknown","40-64","speed_fines","Fixed camera",4244,0,0
2024,"WA","Unknown","40-64","speed_fines","Mobile camera",14344,0,0
2024,"WA","Unknown","40-64","speed_fines","Police issued",2419,0,0
2024,"WA","Unknown","40-64","speed_fines","Red light camera",6352,0,0
2024,"WA","Unknown","40-64","unlicensed_driving","Not applicable",75,42,370
2024,"WA","Unknown","65 and over","mobile_phone_use","Police issued",11,0,0
2024,"WA","Unknown","65 and over","non_wearing_seatbelts","Police issued",13,0,0
2024,"WA","Unknown","65 and over","speed_fines","Average speed camera",82,0,0
2024,"WA","Unknown","65 and over","speed_fines","Fixed camera",1136,0,0
2024,"WA","Unknown","65 and over","speed_fines","Mobile camera",3538,0,0
2024,"WA","Unknown","65 and over","speed_fines","Police issued",431,0,0
2024,"WA","Unknown","65 and over","speed_fines","Red light camera",2129,0,0
2024,"WA","Unknown","65 and over","unlicensed_driving","Not applicable",10,0,14
2024,"ACT","Major Cities of Australia","12-16","speed_fines","Fixed camera",3,0,0
2024,"ACT","Major Cities of Australia","12-16","speed_fines","Police issued",4,0,0
2024,"ACT","Major Cities of Australia","12-16","unlicensed_driving","Not applicable",0,3,3
2024,"ACT","Major Cities of Australia","17-25","mobile_phone_use","Fixed or mobile camera",265,0,0
2024,"ACT","Major Cities of Australia","17-25","mobile_phone_use","Police issued",5,0,0
2024,"ACT","Major Cities of Australia","17-25","non_wearing_seatbelts","Police issued",6,0,0
2024,"ACT","Major Cities of Australia","17-25","speed_fines","Fixed camera",449,0,0
2024,"ACT","Major Cities of Australia","17-25","speed_fines","Mobile camera",319,0,0
2024,"ACT","Major Cities of Australia","17-25","speed_fines","Police issued",48,0,0
2024,"ACT","Major Cities of Australia","17-25","unlicensed_driving","Not applicable",6,4,11
2024,"ACT","Major Cities of Australia","26-39","mobile_phone_use","Fixed or mobile camera",670,0,0
2024,"ACT","Major Cities of Australia","26-39","mobile_phone_use","Police issued",9,0,0
2024,"ACT","Major Cities of Australia","26-39","non_wearing_seatbelts","Police issued",4,1,1
2024,"ACT","Major Cities of Australia","26-39","speed_fines","Fixed camera",991,0,0
2024,"ACT","Major Cities of Australia","26-39","speed_fines","Mobile camera",745,0,0
2024,"ACT","Major Cities of Australia","26-39","speed_fines","Police issued",68,1,5
2024,"ACT","Major Cities of Australia","26-39","unlicensed_driving","Not applicable",15,6,21
2024,"ACT","Major Cities of Australia","40-64","mobile_phone_use","Fixed or mobile camera",614,0,0
2024,"ACT","Major Cities of Australia","40-64","mobile_phone_use","Police issued",6,0,0
2024,"ACT","Major Cities of Australia","40-64","speed_fines","Fixed camera",1756,0,0
2024,"ACT","Major Cities of Australia","40-64","speed_fines","Mobile camera",870,0,0
2024,"ACT","Major Cities of Australia","40-64","speed_fines","Police issued",50,0,1
2024,"ACT","Major Cities of Australia","40-64","unlicensed_driving","Not applicable",6,3,9
2024,"ACT","Major Cities of Australia","65 and over","mobile_phone_use","Fixed or mobile camera",68,0,0
2024,"ACT","Major Cities of Australia","65 and over","mobile_phone_use","Police issued",1,0,0
2024,"ACT","Major Cities of Australia","65 and over","speed_fines","Fixed camera",542,0,0
2024,"ACT","Major Cities of Australia","65 and over","speed_fines","Mobile camera",306,0,0
2024,"ACT","Major Cities of Australia","65 and over","speed_fines","Police issued",7,0,0
2024,"NSW","Inner Regional Australia","12-16","speed_fines","Police issued",5,0,1
2024,"NSW","Inner Regional Australia","12-16","unlicensed_driving","Not applicable",0,0,13
2024,"NSW","Inner Regional Australia","17-25","mobile_phone_use","Police issued",56,0,1
2024,"NSW","Inner Regional Australia","17-25","non_wearing_seatbelts","Police issued",68,0,2
2024,"NSW","Inner Regional Australia","17-25","speed_fines","Police issued",1310,0,11
2024,"NSW","Inner Regional Australia","17-25","unlicensed_driving","Not applicable",34,0,130
2024,"NSW","Inner Regional Australia","26-39","mobile_phone_use","Police issued",63,0,1
2024,"NSW","Inner Regional Australia","26-39","non_wearing_seatbelts","Police issued",96,0,1
2024,"NSW","Inner Regional Australia","26-39","speed_fines","Police issued",1959,0,5
2024,"NSW","Inner Regional Australia","26-39","unlicensed_driving","Not applicable",72,0,262
2024,"NSW","Inner Regional Australia","40-64","mobile_phone_use","Police issued",28,0,0
2024,"NSW","Inner Regional Australia","40-64","non_wearing_seatbelts","Police issued",79,0,1
2024,"NSW","Inner Regional Australia","40-64","speed_fines","Police issued",2072,0,5
2024,"NSW","Inner Regional Australia","40-64","unlicensed_driving","Not applicable",58,0,163
2024,"NSW","Inner Regional Australia","65 and over","mobile_phone_use","Police issued",6,0,0
2024,"NSW","Inner Regional Australia","65 and over","non_wearing_seatbelts","Police issued",22,0,0
2024,"NSW","Inner Regional Australia","65 and over","speed_fines","Police issued",508,0,0
2024,"NSW","Inner Regional Australia","65 and over","unlicensed_driving","Not applicable",5,0,9
2024,"NSW","Major Cities of Australia","12-16","non_wearing_seatbelts","Police issued",4,0,0
2024,"NSW","Major Cities of Australia","12-16","speed_fines","Police issued",6,0,0
2024,"NSW","Major Cities of Australia","12-16","unlicensed_driving","Not applicable",1,0,30
2024,"NSW","Major Cities of Australia","17-25","mobile_phone_use","Police issued",337,0,8
2024,"NSW","Major Cities of Australia","17-25","non_wearing_seatbelts","Police issued",122,0,5
2024,"NSW","Major Cities of Australia","17-25","speed_fines","Police issued",1709,0,31
2024,"NSW","Major Cities of Australia","17-25","unlicensed_driving","Not applicable",146,0,423
2024,"NSW","Major Cities of Australia","26-39","mobile_phone_use","Police issued",382,0,7
2024,"NSW","Major Cities of Australia","26-39","non_wearing_seatbelts","Police issued",178,0,7
2024,"NSW","Major Cities of Australia","26-39","speed_fines","Police issued",1838,0,28
2024,"NSW","Major Cities of Australia","26-39","unlicensed_driving","Not applicable",161,0,583
2024,"NSW","Major Cities of Australia","40-64","mobile_phone_use","Police issued",254,0,3
2024,"NSW","Major Cities of Australia","40-64","non_wearing_seatbelts","Police issued",131,0,3
2024,"NSW","Major Cities of Australia","40-64","speed_fines","Police issued",1705,0,10
2024,"NSW","Major Cities of Australia","40-64","unlicensed_driving","Not applicable",86,0,423
2024,"NSW","Major Cities of Australia","65 and over","mobile_phone_use","Police issued",26,0,0
2024,"NSW","Major Cities of Australia","65 and over","non_wearing_seatbelts","Police issued",18,0,0
2024,"NSW","Major Cities of Australia","65 and over","speed_fines","Police issued",258,0,0
2024,"NSW","Major Cities of Australia","65 and over","unlicensed_driving","Not applicable",10,0,26
2024,"NSW","Outer Regional Australia","12-16","speed_fines","Police issued",0,0,1
2024,"NSW","Outer Regional Australia","12-16","unlicensed_driving","Not applicable",1,0,3
2024,"NSW","Outer Regional Australia","17-25","mobile_phone_use","Police issued",4,0,0
2024,"NSW","Outer Regional Australia","17-25","non_wearing_seatbelts","Police issued",30,0,1
2024,"NSW","Outer Regional Australia","17-25","speed_fines","Police issued",331,0,2
2024,"NSW","Outer Regional Australia","17-25","unlicensed_driving","Not applicable",8,0,48
2024,"NSW","Outer Regional Australia","26-39","mobile_phone_use","Police issued",5,0,0
2024,"NSW","Outer Regional Australia","26-39","non_wearing_seatbelts","Police issued",26,0,0
2024,"NSW","Outer Regional Australia","26-39","speed_fines","Police issued",557,0,2
2024,"NSW","Outer Regional Australia","26-39","unlicensed_driving","Not applicable",21,0,71
2024,"NSW","Outer Regional Australia","40-64","mobile_phone_use","Police issued",10,0,0
2024,"NSW","Outer Regional Australia","40-64","non_wearing_seatbelts","Police issued",23,0,0
2024,"NSW","Outer Regional Australia","40-64","speed_fines","Police issued",730,0,2
2024,"NSW","Outer Regional Australia","40-64","unlicensed_driving","Not applicable",9,0,46
2024,"NSW","Outer Regional Australia","65 and over","non_wearing_seatbelts","Police issued",9,0,0
2024,"NSW","Outer Regional Australia","65 and over","speed_fines","Police issued",173,0,0
2024,"NSW","Outer Regional Australia","65 and over","unlicensed_driving","Not applicable",3,0,4
2024,"NSW","Remote Australia","17-25","mobile_phone_use","Police issued",1,0,0
2024,"NSW","Remote Australia","17-25","speed_fines","Police issued",31,0,0
2024,"NSW","Remote Australia","17-25","unlicensed_driving","Not applicable",0,0,2
2024,"NSW","Remote Australia","26-39","mobile_phone_use","Police issued",1,0,0
2024,"NSW","Remote Australia","26-39","non_wearing_seatbelts","Police issued",2,0,0
2024,"NSW","Remote Australia","26-39","speed_fines","Police issued",55,0,0
2024,"NSW","Remote Australia","26-39","unlicensed_driving","Not applicable",2,0,13
2024,"NSW","Remote Australia","40-64","non_wearing_seatbelts","Police issued",3,0,0
2024,"NSW","Remote Australia","40-64","speed_fines","Police issued",70,0,0
2024,"NSW","Remote Australia","40-64","unlicensed_driving","Not applicable",4,0,6
2024,"NSW","Remote Australia","65 and over","non_wearing_seatbelts","Police issued",1,0,0
2024,"NSW","Remote Australia","65 and over","speed_fines","Police issued",16,0,0
2024,"NSW","Remote Australia","65 and over","unlicensed_driving","Not applicable",1,0,0
2024,"NSW","Unknown","12-16","unlicensed_driving","Not applicable",0,0,1
2024,"NSW","Unknown","17-25","mobile_phone_use","Police issued",3,0,0
2024,"NSW","Unknown","17-25","non_wearing_seatbelts","Police issued",2,0,0
2024,"NSW","Unknown","17-25","speed_fines","Police issued",32,0,0
2024,"NSW","Unknown","17-25","unlicensed_driving","Not applicable",2,0,10
2024,"NSW","Unknown","26-39","mobile_phone_use","Police issued",1,0,1
2024,"NSW","Unknown","26-39","non_wearing_seatbelts","Police issued",14,0,0
2024,"NSW","Unknown","26-39","speed_fines","Police issued",28,0,0
2024,"NSW","Unknown","26-39","unlicensed_driving","Not applicable",4,0,11
2024,"NSW","Unknown","40-64","mobile_phone_use","Police issued",3,0,0
2024,"NSW","Unknown","40-64","non_wearing_seatbelts","Police issued",6,0,0
2024,"NSW","Unknown","40-64","speed_fines","Police issued",32,0,0
2024,"NSW","Unknown","40-64","unlicensed_driving","Not applicable",1,0,7
2024,"NSW","Unknown","65 and over","non_wearing_seatbelts","Police issued",1,0,0
2024,"NSW","Unknown","65 and over","speed_fines","Police issued",3,0,0
2024,"NSW","Very Remote Australia","17-25","non_wearing_seatbelts","Police issued",3,0,0
2024,"NSW","Very Remote Australia","17-25","speed_fines","Police issued",1,0,0
2024,"NSW","Very Remote Australia","17-25","unlicensed_driving","Not applicable",0,0,1
2024,"NSW","Very Remote Australia","26-39","mobile_phone_use","Police issued",1,0,0
2024,"NSW","Very Remote Australia","26-39","non_wearing_seatbelts","Police issued",2,0,0
2024,"NSW","Very Remote Australia","26-39","speed_fines","Police issued",6,0,1
2024,"NSW","Very Remote Australia","26-39","unlicensed_driving","Not applicable",0,0,2
2024,"NSW","Very Remote Australia","40-64","speed_fines","Police issued",8,0,0
2024,"NSW","Very Remote Australia","40-64","unlicensed_driving","Not applicable",0,0,1
2024,"NSW","Very Remote Australia","65 and over","speed_fines","Police issued",1,0,0
2024,"NT","Unknown","12-16","non_wearing_seatbelts","Police issued",0,0,1
2024,"NT","Unknown","12-16","speed_fines","Fixed camera",3,0,0
2024,"NT","Unknown","12-16","speed_fines","Mobile camera",5,0,0
2024,"NT","Unknown","12-16","speed_fines","Police issued",1,0,0
2024,"NT","Unknown","12-16","unlicensed_driving","Not applicable",0,7,17
2024,"NT","Unknown","17-25","mobile_phone_use","Police issued",1,0,0
2024,"NT","Unknown","17-25","non_wearing_seatbelts","Police issued",13,0,15
2024,"NT","Unknown","17-25","speed_fines","Fixed camera",136,0,0
2024,"NT","Unknown","17-25","speed_fines","Mobile camera",387,0,0
2024,"NT","Unknown","17-25","speed_fines","Police issued",46,0,0
2024,"NT","Unknown","17-25","unlicensed_driving","Not applicable",8,8,39
2024,"NT","Unknown","26-39","mobile_phone_use","Police issued",9,0,0
2024,"NT","Unknown","26-39","non_wearing_seatbelts","Police issued",18,1,10
2024,"NT","Unknown","26-39","speed_fines","Fixed camera",657,0,0
2024,"NT","Unknown","26-39","speed_fines","Mobile camera",966,0,0
2024,"NT","Unknown","26-39","speed_fines","Police issued",60,0,0
2024,"NT","Unknown","26-39","unlicensed_driving","Not applicable",13,6,43
2024,"NT","Unknown","40-64","mobile_phone_use","Police issued",9,0,3
2024,"NT","Unknown","40-64","non_wearing_seatbelts","Police issued",26,3,18
2024,"NT","Unknown","40-64","speed_fines","Fixed camera",836,0,0
2024,"NT","Unknown","40-64","speed_fines","Mobile camera",1200,0,0
2024,"NT","Unknown","40-64","speed_fines","Police issued",71,0,0
2024,"NT","Unknown","40-64","unlicensed_driving","Not applicable",11,12,54
2024,"NT","Unknown","65 and over","mobile_phone_use","Police issued",1,0,0
2024,"NT","Unknown","65 and over","speed_fines","Fixed camera",116,0,0
2024,"NT","Unknown","65 and over","speed_fines","Mobile camera",279,0,0
2024,"NT","Unknown","65 and over","speed_fines","Police issued",7,0,0
2024,"QLD","Unknown","12-16","mobile_phone_use","Fixed camera",199,0,0
2024,"QLD","Unknown","12-16","non_wearing_seatbelts","Fixed camera",69,0,0
2024,"QLD","Unknown","12-16","non_wearing_seatbelts","Police issued",1,0,0
2024,"QLD","Unknown","12-16","speed_fines","Fixed camera",535,0,0
2024,"QLD","Unknown","12-16","speed_fines","Mobile camera",829,0,0
2024,"QLD","Unknown","12-16","speed_fines","Police issued",3,0,0
2024,"QLD","Unknown","12-16","unlicensed_driving","Not applicable",46,0,0
2024,"QLD","Unknown","17-25","mobile_phone_use","Fixed camera",919,0,0
2024,"QLD","Unknown","17-25","mobile_phone_use","Police issued",92,0,0
2024,"QLD","Unknown","17-25","non_wearing_seatbelts","Fixed camera",415,0,0
2024,"QLD","Unknown","17-25","non_wearing_seatbelts","Police issued",85,0,0
2024,"QLD","Unknown","17-25","speed_fines","Fixed camera",2372,0,0
2024,"QLD","Unknown","17-25","speed_fines","Mobile camera",5051,0,0
2024,"QLD","Unknown","17-25","speed_fines","Police issued",2137,0,0
2024,"QLD","Unknown","17-25","unlicensed_driving","Not applicable",658,0,0
2024,"QLD","Unknown","26-39","mobile_phone_use","Fixed camera",2781,0,0
2024,"QLD","Unknown","26-39","mobile_phone_use","Police issued",123,0,0
2024,"QLD","Unknown","26-39","non_wearing_seatbelts","Fixed camera",1082,0,0
2024,"QLD","Unknown","26-39","non_wearing_seatbelts","Police issued",151,0,0
2024,"QLD","Unknown","26-39","speed_fines","Fixed camera",5487,0,0
2024,"QLD","Unknown","26-39","speed_fines","Mobile camera",10198,0,0
2024,"QLD","Unknown","26-39","speed_fines","Police issued",3317,0,0
2024,"QLD","Unknown","26-39","unlicensed_driving","Not applicable",959,0,0
2024,"QLD","Unknown","40-64","mobile_phone_use","Fixed camera",2784,0,0
2024,"QLD","Unknown","40-64","mobile_phone_use","Police issued",95,0,0
2024,"QLD","Unknown","40-64","non_wearing_seatbelts","Fixed camera",1046,0,0
2024,"QLD","Unknown","40-64","non_wearing_seatbelts","Police issued",89,0,0
2024,"QLD","Unknown","40-64","speed_fines","Fixed camera",8259,0,0
2024,"QLD","Unknown","40-64","speed_fines","Mobile camera",15045,0,0
2024,"QLD","Unknown","40-64","speed_fines","Police issued",3862,0,0
2024,"QLD","Unknown","40-64","unlicensed_driving","Not applicable",607,0,0
2024,"QLD","Unknown","65 and over","mobile_phone_use","Fixed camera",332,0,0
2024,"QLD","Unknown","65 and over","mobile_phone_use","Police issued",8,0,0
2024,"QLD","Unknown","65 and over","non_wearing_seatbelts","Fixed camera",229,0,0
2024,"QLD","Unknown","65 and over","non_wearing_seatbelts","Police issued",21,0,0
2024,"QLD","Unknown","65 and over","speed_fines","Fixed camera",2153,0,0
2024,"QLD","Unknown","65 and over","speed_fines","Mobile camera",3988,0,0
2024,"QLD","Unknown","65 and over","speed_fines","Police issued",793,0,0
2024,"QLD","Unknown","65 and over","unlicensed_driving","Not applicable",40,0,0
2024,"SA","Inner Regional Australia","12-16","speed_fines","Police issued",0,1,0
2024,"SA","Inner Regional Australia","17-25","mobile_phone_use","Police issued",1,0,0
2024,"SA","Inner Regional Australia","17-25","non_wearing_seatbelts","Police issued",7,0,0
2024,"SA","Inner Regional Australia","17-25","speed_fines","Fixed camera",31,0,0
2024,"SA","Inner Regional Australia","17-25","speed_fines","Mobile camera",126,0,0
2024,"SA","Inner Regional Australia","17-25","speed_fines","Police issued",245,1,2
2024,"SA","Inner Regional Australia","26-39","mobile_phone_use","Police issued",4,0,0
2024,"SA","Inner Regional Australia","26-39","non_wearing_seatbelts","Police issued",9,0,0
2024,"SA","Inner Regional Australia","26-39","speed_fines","Fixed camera",94,0,0
2024,"SA","Inner Regional Australia","26-39","speed_fines","Mobile camera",422,0,0
2024,"SA","Inner Regional Australia","26-39","speed_fines","Police issued",400,0,1
2024,"SA","Inner Regional Australia","40-64","non_wearing_seatbelts","Police issued",11,0,0
2024,"SA","Inner Regional Australia","40-64","speed_fines","Fixed camera",117,0,0
2024,"SA","Inner Regional Australia","40-64","speed_fines","Mobile camera",836,0,0
2024,"SA","Inner Regional Australia","40-64","speed_fines","Police issued",514,0,3
2024,"SA","Inner Regional Australia","65 and over","non_wearing_seatbelts","Police issued",10,0,0
2024,"SA","Inner Regional Australia","65 and over","speed_fines","Fixed camera",32,0,0
2024,"SA","Inner Regional Australia","65 and over","speed_fines","Mobile camera",377,0,0
2024,"SA","Inner Regional Australia","65 and over","speed_fines","Police issued",142,0,0
2024,"SA","Inner Regional Australia","65 and over","unlicensed_driving","Not applicable",3,0,0
2024,"SA","Major Cities of Australia","12-16","non_wearing_seatbelts","Police issued",1,0,0
2024,"SA","Major Cities of Australia","17-25","mobile_phone_use","Police issued",44,0,0
2024,"SA","Major Cities of Australia","17-25","non_wearing_seatbelts","Police issued",18,0,0
2024,"SA","Major Cities of Australia","17-25","speed_fines","Fixed camera",402,0,0
2024,"SA","Major Cities of Australia","17-25","speed_fines","Mobile camera",593,0,0
2024,"SA","Major Cities of Australia","17-25","speed_fines","Police issued",238,0,4
2024,"SA","Major Cities of Australia","26-39","mobile_phone_use","Police issued",79,0,0
2024,"SA","Major Cities of Australia","26-39","non_wearing_seatbelts","Police issued",31,0,0
2024,"SA","Major Cities of Australia","26-39","speed_fines","Fixed camera",878,0,0
2024,"SA","Major Cities of Australia","26-39","speed_fines","Mobile camera",1619,0,0
2024,"SA","Major Cities of Australia","26-39","speed_fines","Police issued",325,1,5
2024,"SA","Major Cities of Australia","40-64","mobile_phone_use","Police issued",52,0,0
2024,"SA","Major Cities of Australia","40-64","non_wearing_seatbelts","Police issued",54,0,0
2024,"SA","Major Cities of Australia","40-64","speed_fines","Fixed camera",1816,0,0
2024,"SA","Major Cities of Australia","40-64","speed_fines","Mobile camera",2360,0,0
2024,"SA","Major Cities of Australia","40-64","speed_fines","Police issued",394,1,3
2024,"SA","Major Cities of Australia","65 and over","mobile_phone_use","Police issued",5,0,0
2024,"SA","Major Cities of Australia","65 and over","non_wearing_seatbelts","Police issued",17,0,0
2024,"SA","Major Cities of Australia","65 and over","speed_fines","Fixed camera",673,0,0
2024,"SA","Major Cities of Australia","65 and over","speed_fines","Mobile camera",718,0,0
2024,"SA","Major Cities of Australia","65 and over","speed_fines","Police issued",85,0,0
2024,"SA","Major Cities of Australia","65 and over","unlicensed_driving","Not applicable",10,0,0
2024,"SA","Outer Regional Australia","12-16","speed_fines","Police issued",2,0,0
2024,"SA","Outer Regional Australia","17-25","non_wearing_seatbelts","Police issued",9,0,0
2024,"SA","Outer Regional Australia","17-25","speed_fines","Fixed camera",15,0,0
2024,"SA","Outer Regional Australia","17-25","speed_fines","Mobile camera",42,0,0
2024,"SA","Outer Regional Australia","17-25","speed_fines","Police issued",211,0,1
2024,"SA","Outer Regional Australia","26-39","mobile_phone_use","Police issued",4,0,0
2024,"SA","Outer Regional Australia","26-39","non_wearing_seatbelts","Police issued",18,0,0
2024,"SA","Outer Regional Australia","26-39","speed_fines","Fixed camera",49,0,0
2024,"SA","Outer Regional Australia","26-39","speed_fines","Mobile camera",119,0,0
2024,"SA","Outer Regional Australia","26-39","speed_fines","Police issued",381,0,1
2024,"SA","Outer Regional Australia","40-64","mobile_phone_use","Police issued",3,0,0
2024,"SA","Outer Regional Australia","40-64","non_wearing_seatbelts","Police issued",9,0,0
2024,"SA","Outer Regional Australia","40-64","speed_fines","Fixed camera",62,0,0
2024,"SA","Outer Regional Australia","40-64","speed_fines","Mobile camera",170,0,0
2024,"SA","Outer Regional Australia","40-64","speed_fines","Police issued",502,0,2
2024,"SA","Outer Regional Australia","65 and over","non_wearing_seatbelts","Police issued",8,0,0
2024,"SA","Outer Regional Australia","65 and over","speed_fines","Fixed camera",18,0,0
2024,"SA","Outer Regional Australia","65 and over","speed_fines","Mobile camera",64,0,0
2024,"SA","Outer Regional Australia","65 and over","speed_fines","Police issued",153,0,0
2024,"SA","Outer Regional Australia","65 and over","unlicensed_driving","Not applicable",8,0,0
2024,"SA","Remote Australia","17-25","non_wearing_seatbelts","Police issued",2,0,0
2024,"SA","Remote Australia","17-25","speed_fines","Mobile camera",12,0,0
2024,"SA","Remote Australia","17-25","speed_fines","Police issued",45,0,0
2024,"SA","Remote Australia","26-39","non_wearing_seatbelts","Police issued",3,0,0
2024,"SA","Remote Australia","26-39","speed_fines","Mobile camera",29,0,0
2024,"SA","Remote Australia","26-39","speed_fines","Police issued",84,0,0
2024,"SA","Remote Australia","40-64","mobile_phone_use","Police issued",1,0,0
2024,"SA","Remote Australia","40-64","non_wearing_seatbelts","Police issued",1,0,0
2024,"SA","Remote Australia","40-64","speed_fines","Mobile camera",41,0,0
2024,"SA","Remote Australia","40-64","speed_fines","Police issued",106,0,0
2024,"SA","Remote Australia","65 and over","non_wearing_seatbelts","Police issued",3,0,0
2024,"SA","Remote Australia","65 and over","speed_fines","Mobile camera",16,0,0
2024,"SA","Remote Australia","65 and over","speed_fines","Police issued",31,0,0
2024,"SA","Remote Australia","65 and over","unlicensed_driving","Not applicable",2,0,0
2024,"SA","Unknown","12-16","unlicensed_driving","Not applicable",0,3,6
2024,"SA","Unknown","17-25","non_wearing_seatbelts","Police issued",2,0,0
2024,"SA","Unknown","17-25","speed_fines","Mobile camera",4,0,0
2024,"SA","Unknown","17-25","speed_fines","Police issued",23,0,0
2024,"SA","Unknown","17-25","unlicensed_driving","Not applicable",0,18,55
2024,"SA","Unknown","26-39","mobile_phone_use","Police issued",1,0,0
2024,"SA","Unknown","26-39","speed_fines","Mobile camera",2,0,0
2024,"SA","Unknown","26-39","speed_fines","Police issued",38,0,0
2024,"SA","Unknown","26-39","unlicensed_driving","Not applicable",0,54,129
2024,"SA","Unknown","40-64","mobile_phone_use","Police issued",2,0,0
2024,"SA","Unknown","40-64","speed_fines","Mobile camera",7,0,0
2024,"SA","Unknown","40-64","speed_fines","Police issued",47,0,0
2024,"SA","Unknown","40-64","unlicensed_driving","Not applicable",0,43,134
2024,"SA","Unknown","65 and over","speed_fines","Mobile camera",5,0,0
2024,"SA","Unknown","65 and over","speed_fines","Police issued",22,0,0
2024,"SA","Unknown","65 and over","unlicensed_driving","Not applicable",0,1,12
2024,"SA","Very Remote Australia","17-25","non_wearing_seatbelts","Police issued",3,0,0
2024,"SA","Very Remote Australia","17-25","speed_fines","Police issued",42,0,1
2024,"SA","Very Remote Australia","26-39","non_wearing_seatbelts","Police issued",1,0,0
2024,"SA","Very Remote Australia","26-39","speed_fines","Police issued",79,0,0
2024,"SA","Very Remote Australia","40-64","non_wearing_seatbelts","Police issued",6,0,0
2024,"SA","Very Remote Australia","40-64","speed_fines","Mobile camera",1,0,0
2024,"SA","Very Remote Australia","40-64","speed_fines","Police issued",74,1,0
2024,"SA","Very Remote Australia","65 and over","mobile_phone_use","Police issued",1,0,0
2024,"SA","Very Remote Australia","65 and over","speed_fines","Police issued",13,0,0
2024,"TAS","Unknown","12-16","speed_fines","Police issued",0,0,1
2024,"TAS","Unknown","12-16","unlicensed_driving","Not applicable",0,1,2
2024,"TAS","Unknown","17-25","mobile_phone_use","Fixed or mobile camera",13,0,0
2024,"TAS","Unknown","17-25","mobile_phone_use","Police issued",22,0,1
2024,"TAS","Unknown","17-25","non_wearing_seatbelts","Fixed or mobile camera",53,0,0
2024,"TAS","Unknown","17-25","non_wearing_seatbelts","Police issued",16,0,1
2024,"TAS","Unknown","17-25","speed_fines","Fixed or mobile camera",444,0,0
2024,"TAS","Unknown","17-25","speed_fines","Police issued",274,0,14
2024,"TAS","Unknown","17-25","unlicensed_driving","Not applicable",2,0,29
2024,"TAS","Unknown","26-39","mobile_phone_use","Fixed or mobile camera",58,0,0
2024,"TAS","Unknown","26-39","mobile_phone_use","Police issued",52,0,3
2024,"TAS","Unknown","26-39","non_wearing_seatbelts","Fixed or mobile camera",141,0,0
2024,"TAS","Unknown","26-39","non_wearing_seatbelts","Police issued",21,0,2
2024,"TAS","Unknown","26-39","speed_fines","Fixed or mobile camera",1291,0,0
2024,"TAS","Unknown","26-39","speed_fines","Police issued",472,0,8
2024,"TAS","Unknown","26-39","unlicensed_driving","Not applicable",8,0,73
2024,"TAS","Unknown","40-64","mobile_phone_use","Fixed or mobile camera",61,0,0
2024,"TAS","Unknown","40-64","mobile_phone_use","Police issued",24,0,3
2024,"TAS","Unknown","40-64","non_wearing_seatbelts","Fixed or mobile camera",148,0,0
2024,"TAS","Unknown","40-64","non_wearing_seatbelts","Police issued",21,0,2
2024,"TAS","Unknown","40-64","speed_fines","Fixed or mobile camera",1737,0,0
2024,"TAS","Unknown","40-64","speed_fines","Police issued",545,0,7
2024,"TAS","Unknown","40-64","unlicensed_driving","Not applicable",6,0,39
2024,"TAS","Unknown","65 and over","mobile_phone_use","Fixed or mobile camera",10,0,0
2024,"TAS","Unknown","65 and over","mobile_phone_use","Police issued",5,0,0
2024,"TAS","Unknown","65 and over","non_wearing_seatbelts","Fixed or mobile camera",53,0,0
2024,"TAS","Unknown","65 and over","non_wearing_seatbelts","Police issued",12,0,4
2024,"TAS","Unknown","65 and over","speed_fines","Fixed or mobile camera",611,0,0
2024,"TAS","Unknown","65 and over","speed_fines","Police issued",192,0,0
2024,"TAS","Unknown","65 and over","unlicensed_driving","Not applicable",0,0,3
2024,"VIC","Inner Regional Australia","12-16","mobile_phone_use","Fixed camera",0,0,0
2024,"VIC","Inner Regional Australia","12-16","mobile_phone_use","Mobile camera",0,0,0
2024,"VIC","Inner Regional Australia","12-16","non_wearing_seatbelts","Fixed camera",0,0,0
2024,"VIC","Inner Regional Australia","12-16","non_wearing_seatbelts","Mobile camera",0,0,0
2024,"VIC","Inner Regional Australia","12-16","speed_fines","Fixed camera",0,0,0
2024,"VIC","Inner Regional Australia","12-16","speed_fines","Mobile camera",0,0,0
2024,"VIC","Inner Regional Australia","17-25","mobile_phone_use","Fixed camera",0,0,0
2024,"VIC","Inner Regional Australia","17-25","mobile_phone_use","Mobile camera",22,0,0
2024,"VIC","Inner Regional Australia","17-25","non_wearing_seatbelts","Fixed camera",0,0,0
2024,"VIC","Inner Regional Australia","17-25","non_wearing_seatbelts","Mobile camera",26,0,0
2024,"VIC","Inner Regional Australia","17-25","speed_fines","Fixed camera",95,0,0
2024,"VIC","Inner Regional Australia","17-25","speed_fines","Mobile camera",571,0,0
2024,"VIC","Inner Regional Australia","26-39","mobile_phone_use","Fixed camera",0,0,0
2024,"VIC","Inner Regional Australia","26-39","mobile_phone_use","Mobile camera",120,0,0
2024,"VIC","Inner Regional Australia","26-39","non_wearing_seatbelts","Fixed camera",0,0,0
2024,"VIC","Inner Regional Australia","26-39","non_wearing_seatbelts","Mobile camera",90,0,0
2024,"VIC","Inner Regional Australia","26-39","speed_fines","Fixed camera",307,0,0
2024,"VIC","Inner Regional Australia","26-39","speed_fines","Mobile camera",1951,0,0
2024,"VIC","Inner Regional Australia","40-64","mobile_phone_use","Fixed camera",0,0,0
2024,"VIC","Inner Regional Australia","40-64","mobile_phone_use","Mobile camera",168,0,0
2024,"VIC","Inner Regional Australia","40-64","non_wearing_seatbelts","Fixed camera",0,0,0
2024,"VIC","Inner Regional Australia","40-64","non_wearing_seatbelts","Mobile camera",158,0,0
2024,"VIC","Inner Regional Australia","40-64","speed_fines","Fixed camera",636,0,0
2024,"VIC","Inner Regional Australia","40-64","speed_fines","Mobile camera",3200,0,0
2024,"VIC","Inner Regional Australia","65 and over","mobile_phone_use","Fixed camera",0,0,0
2024,"VIC","Inner Regional Australia","65 and over","mobile_phone_use","Mobile camera",24,0,0
2024,"VIC","Inner Regional Australia","65 and over","non_wearing_seatbelts","Fixed camera",0,0,0
2024,"VIC","Inner Regional Australia","65 and over","non_wearing_seatbelts","Mobile camera",94,0,0
2024,"VIC","Inner Regional Australia","65 and over","speed_fines","Fixed camera",242,0,0
2024,"VIC","Inner Regional Australia","65 and over","speed_fines","Mobile camera",1473,0,0
2024,"VIC","Major Cities of Australia","12-16","mobile_phone_use","Fixed camera",0,0,0
2024,"VIC","Major Cities of Australia","12-16","mobile_phone_use","Mobile camera",0,0,0
2024,"VIC","Major Cities of Australia","12-16","non_wearing_seatbelts","Fixed camera",0,0,0
2024,"VIC","Major Cities of Australia","12-16","non_wearing_seatbelts","Mobile camera",0,0,0
2024,"VIC","Major Cities of Australia","12-16","speed_fines","Fixed camera",0,0,0
2024,"VIC","Major Cities of Australia","12-16","speed_fines","Mobile camera",0,0,0
2024,"VIC","Major Cities of Australia","17-25","mobile_phone_use","Fixed camera",0,0,0
2024,"VIC","Major Cities of Australia","17-25","mobile_phone_use","Mobile camera",311,0,0
2024,"VIC","Major Cities of Australia","17-25","non_wearing_seatbelts","Fixed camera",0,0,0
2024,"VIC","Major Cities of Australia","17-25","non_wearing_seatbelts","Mobile camera",268,0,0
2024,"VIC","Major Cities of Australia","17-25","speed_fines","Fixed camera",2626,0,0
2024,"VIC","Major Cities of Australia","17-25","speed_fines","Mobile camera",2537,0,0
2024,"VIC","Major Cities of Australia","26-39","mobile_phone_use","Fixed camera",0,0,0
2024,"VIC","Major Cities of Australia","26-39","mobile_phone_use","Mobile camera",1707,0,0
2024,"VIC","Major Cities of Australia","26-39","non_wearing_seatbelts","Fixed camera",0,0,0
2024,"VIC","Major Cities of Australia","26-39","non_wearing_seatbelts","Mobile camera",1083,0,0
2024,"VIC","Major Cities of Australia","26-39","speed_fines","Fixed camera",10462,0,0
2024,"VIC","Major Cities of Australia","26-39","speed_fines","Mobile camera",9660,0,0
2024,"VIC","Major Cities of Australia","40-64","mobile_phone_use","Fixed camera",0,0,0
2024,"VIC","Major Cities of Australia","40-64","mobile_phone_use","Mobile camera",2134,0,0
2024,"VIC","Major Cities of Australia","40-64","non_wearing_seatbelts","Fixed camera",0,0,0
2024,"VIC","Major Cities of Australia","40-64","non_wearing_seatbelts","Mobile camera",1519,0,0
2024,"VIC","Major Cities of Australia","40-64","speed_fines","Fixed camera",17525,0,0
2024,"VIC","Major Cities of Australia","40-64","speed_fines","Mobile camera",15006,0,0
2024,"VIC","Major Cities of Australia","65 and over","mobile_phone_use","Fixed camera",0,0,0
2024,"VIC","Major Cities of Australia","65 and over","mobile_phone_use","Mobile camera",299,0,0
2024,"VIC","Major Cities of Australia","65 and over","non_wearing_seatbelts","Fixed camera",0,0,0
2024,"VIC","Major Cities of Australia","65 and over","non_wearing_seatbelts","Mobile camera",477,0,0
2024,"VIC","Major Cities of Australia","65 and over","speed_fines","Fixed camera",5350,0,0
2024,"VIC","Major Cities of Australia","65 and over","speed_fines","Mobile camera",4582,0,0
2024,"VIC","Outer Regional Australia","12-16","mobile_phone_use","Fixed camera",0,0,0
2024,"VIC","Outer Regional Australia","12-16","mobile_phone_use","Mobile camera",0,0,0
2024,"VIC","Outer Regional Australia","12-16","non_wearing_seatbelts","Fixed camera",0,0,0
2024,"VIC","Outer Regional Australia","12-16","non_wearing_seatbelts","Mobile camera",0,0,0
2024,"VIC","Outer Regional Australia","12-16","speed_fines","Fixed camera",0,0,0
2024,"VIC","Outer Regional Australia","12-16","speed_fines","Mobile camera",0,0,0
2024,"VIC","Outer Regional Australia","17-25","mobile_phone_use","Fixed camera",0,0,0
2024,"VIC","Outer Regional Australia","17-25","mobile_phone_use","Mobile camera",0,0,0
2024,"VIC","Outer Regional Australia","17-25","non_wearing_seatbelts","Fixed camera",0,0,0
2024,"VIC","Outer Regional Australia","17-25","non_wearing_seatbelts","Mobile camera",0,0,0
2024,"VIC","Outer Regional Australia","17-25","speed_fines","Fixed camera",1,0,0
2024,"VIC","Outer Regional Australia","17-25","speed_fines","Mobile camera",97,0,0
2024,"VIC","Outer Regional Australia","26-39","mobile_phone_use","Fixed camera",0,0,0
2024,"VIC","Outer Regional Australia","26-39","mobile_phone_use","Mobile camera",0,0,0
2024,"VIC","Outer Regional Australia","26-39","non_wearing_seatbelts","Fixed camera",0,0,0
2024,"VIC","Outer Regional Australia","26-39","non_wearing_seatbelts","Mobile camera",0,0,0
2024,"VIC","Outer Regional Australia","26-39","speed_fines","Fixed camera",13,0,0
2024,"VIC","Outer Regional Australia","26-39","speed_fines","Mobile camera",322,0,0
2024,"VIC","Outer Regional Australia","40-64","mobile_phone_use","Fixed camera",0,0,0
2024,"VIC","Outer Regional Australia","40-64","mobile_phone_use","Mobile camera",0,0,0
2024,"VIC","Outer Regional Australia","40-64","non_wearing_seatbelts","Fixed camera",0,0,0
2024,"VIC","Outer Regional Australia","40-64","non_wearing_seatbelts","Mobile camera",0,0,0
2024,"VIC","Outer Regional Australia","40-64","speed_fines","Fixed camera",16,0,0
2024,"VIC","Outer Regional Australia","40-64","speed_fines","Mobile camera",543,0,0
2024,"VIC","Outer Regional Australia","65 and over","mobile_phone_use","Fixed camera",0,0,0
2024,"VIC","Outer Regional Australia","65 and over","mobile_phone_use","Mobile camera",0,0,0
2024,"VIC","Outer Regional Australia","65 and over","non_wearing_seatbelts","Fixed camera",0,0,0
2024,"VIC","Outer Regional Australia","65 and over","non_wearing_seatbelts","Mobile camera",0,0,0
2024,"VIC","Outer Regional Australia","65 and over","speed_fines","Fixed camera",3,0,0
2024,"VIC","Outer Regional Australia","65 and over","speed_fines","Mobile camera",268,0,0
2024,"VIC","Remote Australia","12-16","mobile_phone_use","Fixed camera",0,0,0
2024,"VIC","Remote Australia","12-16","mobile_phone_use","Mobile camera",0,0,0
2024,"VIC","Remote Australia","12-16","non_wearing_seatbelts","Fixed camera",0,0,0
2024,"VIC","Remote Australia","12-16","non_wearing_seatbelts","Mobile camera",0,0,0
2024,"VIC","Remote Australia","12-16","speed_fines","Fixed camera",0,0,0
2024,"VIC","Remote Australia","12-16","speed_fines","Mobile camera",0,0,0
2024,"VIC","Remote Australia","17-25","mobile_phone_use","Fixed camera",0,0,0
2024,"VIC","Remote Australia","17-25","mobile_phone_use","Mobile camera",0,0,0
2024,"VIC","Remote Australia","17-25","non_wearing_seatbelts","Fixed camera",0,0,0
2024,"VIC","Remote Australia","17-25","non_wearing_seatbelts","Mobile camera",0,0,0
2024,"VIC","Remote Australia","17-25","speed_fines","Fixed camera",0,0,0
2024,"VIC","Remote Australia","17-25","speed_fines","Mobile camera",0,0,0
2024,"VIC","Remote Australia","26-39","mobile_phone_use","Fixed camera",0,0,0
2024,"VIC","Remote Australia","26-39","mobile_phone_use","Mobile camera",0,0,0
2024,"VIC","Remote Australia","26-39","non_wearing_seatbelts","Fixed camera",0,0,0
2024,"VIC","Remote Australia","26-39","non_wearing_seatbelts","Mobile camera",0,0,0
2024,"VIC","Remote Australia","26-39","speed_fines","Fixed camera",0,0,0
2024,"VIC","Remote Australia","26-39","speed_fines","Mobile camera",1,0,0
2024,"VIC","Remote Australia","40-64","mobile_phone_use","Fixed camera",0,0,0
2024,"VIC","Remote Australia","40-64","mobile_phone_use","Mobile camera",0,0,0
2024,"VIC","Remote Australia","40-64","non_wearing_seatbelts","Fixed camera",0,0,0
2024,"VIC","Remote Australia","40-64","non_wearing_seatbelts","Mobile camera",0,0,0
2024,"VIC","Remote Australia","40-64","speed_fines","Fixed camera",0,0,0
2024,"VIC","Remote Australia","40-64","speed_fines","Mobile camera",2,0,0
2024,"VIC","Remote Australia","65 and over","mobile_phone_use","Fixed camera",0,0,0
2024,"VIC","Remote Australia","65 and over","mobile_phone_use","Mobile camera",0,0,0
2024,"VIC","Remote Australia","65 and over","non_wearing_seatbelts","Fixed camera",0,0,0
2024,"VIC","Remote Australia","65 and over","non_wearing_seatbelts","Mobile camera",0,0,0
2024,"VIC","Remote Australia","65 and over","speed_fines","Fixed camera",0,0,0
2024,"VIC","Remote Australia","65 and over","speed_fines","Mobile camera",1,0,0
2024,"VIC","Unknown","12-16","mobile_phone_use","Fixed camera",0,0,0
2024,"VIC","Unknown","12-16","mobile_phone_use","Mobile camera",0,0,0
2024,"VIC","Unknown","12-16","non_wearing_seatbelts","Fixed camera",0,0,0
2024,"VIC","Unknown","12-16","non_wearing_seatbelts","Mobile camera",0,0,0
2024,"VIC","Unknown","12-16","non_wearing_seatbelts","Police issued",1,0,0
2024,"VIC","Unknown","12-16","speed_fines","Fixed camera",0,0,0
2024,"VIC","Unknown","12-16","speed_fines","Mobile camera",0,0,0
2024,"VIC","Unknown","12-16","speed_fines","Police issued",2,0,0
2024,"VIC","Unknown","12-16","unlicensed_driving","Not applicable",7,0,0
2024,"VIC","Unknown","17-25","mobile_phone_use","Fixed camera",0,0,0
2024,"VIC","Unknown","17-25","mobile_phone_use","Mobile camera",0,0,0
2024,"VIC","Unknown","17-25","mobile_phone_use","Police issued",286,0,0
2024,"VIC","Unknown","17-25","non_wearing_seatbelts","Fixed camera",0,0,0
2024,"VIC","Unknown","17-25","non_wearing_seatbelts","Mobile camera",0,0,0
2024,"VIC","Unknown","17-25","non_wearing_seatbelts","Police issued",76,0,0
2024,"VIC","Unknown","17-25","speed_fines","Fixed camera",291,0,0
2024,"VIC","Unknown","17-25","speed_fines","Mobile camera",0,0,0
2024,"VIC","Unknown","17-25","speed_fines","Police issued",1756,0,0
2024,"VIC","Unknown","17-25","unlicensed_driving","Not applicable",167,0,0
2024,"VIC","Unknown","26-39","mobile_phone_use","Fixed camera",0,0,0
2024,"VIC","Unknown","26-39","mobile_phone_use","Mobile camera",0,0,0
2024,"VIC","Unknown","26-39","mobile_phone_use","Police issued",659,0,0
2024,"VIC","Unknown","26-39","non_wearing_seatbelts","Fixed camera",0,0,0
2024,"VIC","Unknown","26-39","non_wearing_seatbelts","Mobile camera",0,0,0
2024,"VIC","Unknown","26-39","non_wearing_seatbelts","Police issued",205,0,0
2024,"VIC","Unknown","26-39","speed_fines","Fixed camera",754,0,0
2024,"VIC","Unknown","26-39","speed_fines","Mobile camera",0,0,0
2024,"VIC","Unknown","26-39","speed_fines","Police issued",3417,0,0
2024,"VIC","Unknown","26-39","unlicensed_driving","Not applicable",272,0,0
2024,"VIC","Unknown","40-64","mobile_phone_use","Fixed camera",0,0,0
2024,"VIC","Unknown","40-64","mobile_phone_use","Mobile camera",0,0,0
2024,"VIC","Unknown","40-64","mobile_phone_use","Police issued",537,0,0
2024,"VIC","Unknown","40-64","non_wearing_seatbelts","Fixed camera",0,0,0
2024,"VIC","Unknown","40-64","non_wearing_seatbelts","Mobile camera",0,0,0
2024,"VIC","Unknown","40-64","non_wearing_seatbelts","Police issued",166,0,0
2024,"VIC","Unknown","40-64","speed_fines","Fixed camera",1006,0,0
2024,"VIC","Unknown","40-64","speed_fines","Mobile camera",0,0,0
2024,"VIC","Unknown","40-64","speed_fines","Police issued",3944,0,0
2024,"VIC","Unknown","40-64","unlicensed_driving","Not applicable",159,0,0
2024,"VIC","Unknown","65 and over","mobile_phone_use","Fixed camera",0,0,0
2024,"VIC","Unknown","65 and over","mobile_phone_use","Mobile camera",0,0,0
2024,"VIC","Unknown","65 and over","mobile_phone_use","Police issued",61,0,0
2024,"VIC","Unknown","65 and over","non_wearing_seatbelts","Fixed camera",0,0,0
2024,"VIC","Unknown","65 and over","non_wearing_seatbelts","Mobile camera",0,0,0
2024,"VIC","Unknown","65 and over","non_wearing_seatbelts","Police issued",35,0,0
2024,"VIC","Unknown","65 and over","speed_fines","Fixed camera",255,0,0
2024,"VIC","Unknown","65 and over","speed_fines","Mobile camera",0,0,0
2024,"VIC","Unknown","65 and over","speed_fines","Police issued",977,0,0
2024,"VIC","Unknown","65 and over","unlicensed_driving","Not applicable",17,0,0
2024,"WA","Unknown","12-16","speed_fines","Average speed camera",1,0,0
2024,"WA","Unknown","12-16","speed_fines","Fixed camera",2,0,0
2024,"WA","Unknown","12-16","speed_fines","Mobile camera",21,0,0
2024,"WA","Unknown","12-16","speed_fines","Red light camera",2,0,0
2024,"WA","Unknown","12-16","unlicensed_driving","Not applicable",0,10,28
2024,"WA","Unknown","17-25","mobile_phone_use","Police issued",86,0,0
2024,"WA","Unknown","17-25","non_wearing_seatbelts","Police issued",36,0,0
2024,"WA","Unknown","17-25","speed_fines","Average speed camera",197,0,0
2024,"WA","Unknown","17-25","speed_fines","Fixed camera",778,0,0
2024,"WA","Unknown","17-25","speed_fines","Mobile camera",4071,0,0
2024,"WA","Unknown","17-25","speed_fines","Police issued",837,0,0
2024,"WA","Unknown","17-25","speed_fines","Red light camera",604,0,0
2024,"WA","Unknown","17-25","unlicensed_driving","Not applicable",41,30,326
2024,"WA","Unknown","26-39","mobile_phone_use","Police issued",192,0,0
2024,"WA","Unknown","26-39","non_wearing_seatbelts","Police issued",76,0,0
2024,"WA","Unknown","26-39","speed_fines","Average speed camera",543,0,0
2024,"WA","Unknown","26-39","speed_fines","Fixed camera",2637,0,0
2024,"WA","Unknown","26-39","speed_fines","Mobile camera",10636,0,0
2024,"WA","Unknown","26-39","speed_fines","Police issued",1491,0,0
2024,"WA","Unknown","26-39","speed_fines","Red light camera",2262,0,0
2024,"WA","Unknown","26-39","unlicensed_driving","Not applicable",83,74,534
2024,"WA","Unknown","40-64","mobile_phone_use","Police issued",114,0,0
2024,"WA","Unknown","40-64","non_wearing_seatbelts","Police issued",50,0,0
2024,"WA","Unknown","40-64","speed_fines","Average speed camera",593,0,0
2024,"WA","Unknown","40-64","speed_fines","Fixed camera",3962,0,0
2024,"WA","Unknown","40-64","speed_fines","Mobile camera",15374,0,0
2024,"WA","Unknown","40-64","speed_fines","Police issued",1832,0,0
2024,"WA","Unknown","40-64","speed_fines","Red light camera",4886,0,0
2024,"WA","Unknown","40-64","unlicensed_driving","Not applicable",57,37,357
2024,"WA","Unknown","65 and over","mobile_phone_use","Police issued",15,0,0
2024,"WA","Unknown","65 and over","non_wearing_seatbelts","Police issued",5,0,0
2024,"WA","Unknown","65 and over","speed_fines","Average speed camera",82,0,0
2024,"WA","Unknown","65 and over","speed_fines","Fixed camera",962,0,0
2024,"WA","Unknown","65 and over","speed_fines","Mobile camera",4035,0,0
2024,"WA","Unknown","65 and over","speed_fines","Police issued",361,0,0
2024,"WA","Unknown","65 and over","speed_fines","Red light camera",1586,0,0
2024,"WA","Unknown","65 and over","unlicensed_driving","Not applicable",6,0,15
2024,"ACT","Major Cities of Australia","12-16","mobile_phone_use","Fixed or mobile camera",1,0,0
2024,"ACT","Major Cities of Australia","12-16","speed_fines","Fixed camera",1,0,0
2024,"ACT","Major Cities of Australia","12-16","speed_fines","Police issued",2,0,0
2024,"ACT","Major Cities of Australia","12-16","unlicensed_driving","Not applicable",4,1,2
2024,"ACT","Major Cities of Australia","17-25","mobile_phone_use","Fixed or mobile camera",614,0,0
2024,"ACT","Major Cities of Australia","17-25","mobile_phone_use","Police issued",3,0,0
2024,"ACT","Major Cities of Australia","17-25","non_wearing_seatbelts","Police issued",2,0,0
2024,"ACT","Major Cities of Australia","17-25","speed_fines","Fixed camera",516,0,0
2024,"ACT","Major Cities of Australia","17-25","speed_fines","Mobile camera",420,0,0
2024,"ACT","Major Cities of Australia","17-25","speed_fines","Police issued",35,1,2
2024,"ACT","Major Cities of Australia","17-25","unlicensed_driving","Not applicable",7,6,15
2024,"ACT","Major Cities of Australia","26-39","mobile_phone_use","Fixed or mobile camera",1667,0,0
2024,"ACT","Major Cities of Australia","26-39","mobile_phone_use","Police issued",3,0,0
2024,"ACT","Major Cities of Australia","26-39","speed_fines","Fixed camera",1201,0,0
2024,"ACT","Major Cities of Australia","26-39","speed_fines","Mobile camera",932,0,0
2024,"ACT","Major Cities of Australia","26-39","speed_fines","Police issued",46,0,2
2024,"ACT","Major Cities of Australia","26-39","unlicensed_driving","Not applicable",5,5,26
2024,"ACT","Major Cities of Australia","40-64","mobile_phone_use","Fixed or mobile camera",1537,0,0
2024,"ACT","Major Cities of Australia","40-64","speed_fines","Fixed camera",1927,0,0
2024,"ACT","Major Cities of Australia","40-64","speed_fines","Mobile camera",1183,0,0
2024,"ACT","Major Cities of Australia","40-64","speed_fines","Police issued",45,0,2
2024,"ACT","Major Cities of Australia","40-64","unlicensed_driving","Not applicable",7,5,20
2024,"ACT","Major Cities of Australia","65 and over","mobile_phone_use","Fixed or mobile camera",160,0,0
2024,"ACT","Major Cities of Australia","65 and over","speed_fines","Fixed camera",602,0,0
2024,"ACT","Major Cities of Australia","65 and over","speed_fines","Mobile camera",371,0,0
2024,"ACT","Major Cities of Australia","65 and over","speed_fines","Police issued",6,0,0
2024,"NSW","Inner Regional Australia","12-16","non_wearing_seatbelts","Police issued",1,0,0
2024,"NSW","Inner Regional Australia","12-16","speed_fines","Police issued",3,0,0
2024,"NSW","Inner Regional Australia","12-16","unlicensed_driving","Not applicable",2,0,6
2024,"NSW","Inner Regional Australia","17-25","mobile_phone_use","Police issued",52,0,1
2024,"NSW","Inner Regional Australia","17-25","non_wearing_seatbelts","Police issued",71,0,6
2024,"NSW","Inner Regional Australia","17-25","speed_fines","Police issued",1679,0,11
2024,"NSW","Inner Regional Australia","17-25","unlicensed_driving","Not applicable",43,0,147
2024,"NSW","Inner Regional Australia","26-39","mobile_phone_use","Police issued",51,0,0
2024,"NSW","Inner Regional Australia","26-39","non_wearing_seatbelts","Police issued",116,0,2
2024,"NSW","Inner Regional Australia","26-39","speed_fines","Police issued",2451,0,9
2024,"NSW","Inner Regional Australia","26-39","unlicensed_driving","Not applicable",83,0,253
2024,"NSW","Inner Regional Australia","40-64","mobile_phone_use","Police issued",51,0,0
2024,"NSW","Inner Regional Australia","40-64","non_wearing_seatbelts","Police issued",70,0,0
2024,"NSW","Inner Regional Australia","40-64","speed_fines","Police issued",2385,0,6
2024,"NSW","Inner Regional Australia","40-64","unlicensed_driving","Not applicable",60,0,176
2024,"NSW","Inner Regional Australia","65 and over","mobile_phone_use","Police issued",4,0,0
2024,"NSW","Inner Regional Australia","65 and over","non_wearing_seatbelts","Police issued",20,0,0
2024,"NSW","Inner Regional Australia","65 and over","speed_fines","Police issued",569,0,1
2024,"NSW","Inner Regional Australia","65 and over","unlicensed_driving","Not applicable",10,0,7
2024,"NSW","Major Cities of Australia","12-16","mobile_phone_use","Police issued",3,0,0
2024,"NSW","Major Cities of Australia","12-16","non_wearing_seatbelts","Police issued",1,0,0
2024,"NSW","Major Cities of Australia","12-16","speed_fines","Police issued",9,0,2
2024,"NSW","Major Cities of Australia","12-16","unlicensed_driving","Not applicable",4,0,20
2024,"NSW","Major Cities of Australia","17-25","mobile_phone_use","Police issued",454,0,7
2024,"NSW","Major Cities of Australia","17-25","non_wearing_seatbelts","Police issued",115,0,1
2024,"NSW","Major Cities of Australia","17-25","speed_fines","Police issued",2548,0,49
2024,"NSW","Major Cities of Australia","17-25","unlicensed_driving","Not applicable",169,0,455
2024,"NSW","Major Cities of Australia","26-39","mobile_phone_use","Police issued",470,0,9
2024,"NSW","Major Cities of Australia","26-39","non_wearing_seatbelts","Police issued",201,0,4
2024,"NSW","Major Cities of Australia","26-39","speed_fines","Police issued",2691,0,38
2024,"NSW","Major Cities of Australia","26-39","unlicensed_driving","Not applicable",198,0,654
2024,"NSW","Major Cities of Australia","40-64","mobile_phone_use","Police issued",293,0,5
2024,"NSW","Major Cities of Australia","40-64","non_wearing_seatbelts","Police issued",135,0,4
2024,"NSW","Major Cities of Australia","40-64","speed_fines","Police issued",2376,0,14
2024,"NSW","Major Cities of Australia","40-64","unlicensed_driving","Not applicable",102,0,391
2024,"NSW","Major Cities of Australia","65 and over","mobile_phone_use","Police issued",28,0,1
2024,"NSW","Major Cities of Australia","65 and over","non_wearing_seatbelts","Police issued",29,0,0
2024,"NSW","Major Cities of Australia","65 and over","speed_fines","Police issued",362,0,1
2024,"NSW","Major Cities of Australia","65 and over","unlicensed_driving","Not applicable",5,0,25
2024,"NSW","Outer Regional Australia","12-16","non_wearing_seatbelts","Police issued",1,0,0
2024,"NSW","Outer Regional Australia","12-16","speed_fines","Police issued",5,0,0
2024,"NSW","Outer Regional Australia","12-16","unlicensed_driving","Not applicable",0,0,1
2024,"NSW","Outer Regional Australia","17-25","mobile_phone_use","Police issued",9,0,0
2024,"NSW","Outer Regional Australia","17-25","non_wearing_seatbelts","Police issued",21,0,1
2024,"NSW","Outer Regional Australia","17-25","speed_fines","Police issued",393,0,1
2024,"NSW","Outer Regional Australia","17-25","unlicensed_driving","Not applicable",11,0,38
2024,"NSW","Outer Regional Australia","26-39","mobile_phone_use","Police issued",8,0,0
2024,"NSW","Outer Regional Australia","26-39","non_wearing_seatbelts","Police issued",35,0,1
2024,"NSW","Outer Regional Australia","26-39","speed_fines","Police issued",685,0,4
2024,"NSW","Outer Regional Australia","26-39","unlicensed_driving","Not applicable",22,0,79
2024,"NSW","Outer Regional Australia","40-64","mobile_phone_use","Police issued",9,0,0
2024,"NSW","Outer Regional Australia","40-64","non_wearing_seatbelts","Police issued",24,0,0
2024,"NSW","Outer Regional Australia","40-64","speed_fines","Police issued",773,0,4
2024,"NSW","Outer Regional Australia","40-64","unlicensed_driving","Not applicable",12,0,46
2024,"NSW","Outer Regional Australia","65 and over","mobile_phone_use","Police issued",1,0,0
2024,"NSW","Outer Regional Australia","65 and over","non_wearing_seatbelts","Police issued",7,0,1
2024,"NSW","Outer Regional Australia","65 and over","speed_fines","Police issued",182,0,0
2024,"NSW","Outer Regional Australia","65 and over","unlicensed_driving","Not applicable",3,0,9
2024,"NSW","Remote Australia","17-25","non_wearing_seatbelts","Police issued",3,0,0
2024,"NSW","Remote Australia","17-25","speed_fines","Police issued",41,0,0
2024,"NSW","Remote Australia","17-25","unlicensed_driving","Not applicable",1,0,8
2024,"NSW","Remote Australia","26-39","mobile_phone_use","Police issued",1,0,0
2024,"NSW","Remote Australia","26-39","non_wearing_seatbelts","Police issued",5,0,0
2024,"NSW","Remote Australia","26-39","speed_fines","Police issued",68,0,0
2024,"NSW","Remote Australia","26-39","unlicensed_driving","Not applicable",2,0,13
2024,"NSW","Remote Australia","40-64","mobile_phone_use","Police issued",1,0,0
2024,"NSW","Remote Australia","40-64","non_wearing_seatbelts","Police issued",1,0,0
2024,"NSW","Remote Australia","40-64","speed_fines","Police issued",92,0,0
2024,"NSW","Remote Australia","40-64","unlicensed_driving","Not applicable",0,0,10
2024,"NSW","Remote Australia","65 and over","speed_fines","Police issued",30,0,0
2024,"NSW","Unknown","12-16","speed_fines","Police issued",2,0,0
2024,"NSW","Unknown","12-16","unlicensed_driving","Not applicable",1,0,5
2024,"NSW","Unknown","17-25","mobile_phone_use","Police issued",30,0,0
2024,"NSW","Unknown","17-25","non_wearing_seatbelts","Police issued",20,0,0
2024,"NSW","Unknown","17-25","speed_fines","Police issued",214,0,2
2024,"NSW","Unknown","17-25","unlicensed_driving","Not applicable",6,0,46
2024,"NSW","Unknown","26-39","mobile_phone_use","Police issued",25,0,0
2024,"NSW","Unknown","26-39","non_wearing_seatbelts","Police issued",30,0,0
2024,"NSW","Unknown","26-39","speed_fines","Police issued",266,0,5
2024,"NSW","Unknown","26-39","unlicensed_driving","Not applicable",18,0,62
2024,"NSW","Unknown","40-64","mobile_phone_use","Police issued",21,0,0
2024,"NSW","Unknown","40-64","non_wearing_seatbelts","Police issued",34,0,0
2024,"NSW","Unknown","40-64","speed_fines","Police issued",297,0,1
2024,"NSW","Unknown","40-64","unlicensed_driving","Not applicable",15,0,58
2024,"NSW","Unknown","65 and over","non_wearing_seatbelts","Police issued",5,0,0
2024,"NSW","Unknown","65 and over","speed_fines","Police issued",56,0,0
2024,"NSW","Unknown","65 and over","unlicensed_driving","Not applicable",0,0,5
2024,"NSW","Very Remote Australia","17-25","speed_fines","Police issued",4,0,0
2024,"NSW","Very Remote Australia","17-25","unlicensed_driving","Not applicable",1,0,3
2024,"NSW","Very Remote Australia","26-39","non_wearing_seatbelts","Police issued",1,0,0
2024,"NSW","Very Remote Australia","26-39","speed_fines","Police issued",7,0,0
2024,"NSW","Very Remote Australia","40-64","non_wearing_seatbelts","Police issued",0,0,1
2024,"NSW","Very Remote Australia","40-64","speed_fines","Police issued",9,0,0
2024,"NSW","Very Remote Australia","40-64","unlicensed_driving","Not applicable",1,0,3
2024,"NSW","Very Remote Australia","65 and over","speed_fines","Police issued",4,0,0
2024,"NT","Unknown","12-16","non_wearing_seatbelts","Police issued",0,0,2
2024,"NT","Unknown","12-16","speed_fines","Fixed camera",1,0,0
2024,"NT","Unknown","12-16","speed_fines","Mobile camera",4,0,0
2024,"NT","Unknown","12-16","unlicensed_driving","Not applicable",0,9,17
2024,"NT","Unknown","17-25","mobile_phone_use","Police issued",1,0,0
2024,"NT","Unknown","17-25","non_wearing_seatbelts","Police issued",21,2,20
2024,"NT","Unknown","17-25","speed_fines","Fixed camera",189,0,0
2024,"NT","Unknown","17-25","speed_fines","Mobile camera",398,0,0
2024,"NT","Unknown","17-25","speed_fines","Police issued",18,0,0
2024,"NT","Unknown","17-25","unlicensed_driving","Not applicable",8,13,54
2024,"NT","Unknown","26-39","mobile_phone_use","Police issued",5,0,0
2024,"NT","Unknown","26-39","non_wearing_seatbelts","Police issued",31,1,43
2024,"NT","Unknown","26-39","speed_fines","Fixed camera",721,0,0
2024,"NT","Unknown","26-39","speed_fines","Mobile camera",1050,0,0
2024,"NT","Unknown","26-39","speed_fines","Police issued",36,0,0
2024,"NT","Unknown","26-39","unlicensed_driving","Not applicable",10,14,74
2024,"NT","Unknown","40-64","mobile_phone_use","Police issued",2,0,0
2024,"NT","Unknown","40-64","non_wearing_seatbelts","Police issued",36,1,33
2024,"NT","Unknown","40-64","speed_fines","Fixed camera",1061,0,0
2024,"NT","Unknown","40-64","speed_fines","Mobile camera",1252,0,0
2024,"NT","Unknown","40-64","speed_fines","Police issued",38,0,0
2024,"NT","Unknown","40-64","unlicensed_driving","Not applicable",7,17,65
2024,"NT","Unknown","65 and over","mobile_phone_use","Police issued",2,0,0
2024,"NT","Unknown","65 and over","non_wearing_seatbelts","Police issued",5,0,0
2024,"NT","Unknown","65 and over","speed_fines","Fixed camera",169,0,0
2024,"NT","Unknown","65 and over","speed_fines","Mobile camera",361,0,0
2024,"NT","Unknown","65 and over","speed_fines","Police issued",9,0,0
2024,"NT","Unknown","65 and over","unlicensed_driving","Not applicable",1,0,1
2024,"QLD","Unknown","12-16","mobile_phone_use","Fixed camera",144,0,0
2024,"QLD","Unknown","12-16","non_wearing_seatbelts","Fixed camera",57,0,0
2024,"QLD","Unknown","12-16","speed_fines","Fixed camera",634,0,0
2024,"QLD","Unknown","12-16","speed_fines","Mobile camera",801,0,0
2024,"QLD","Unknown","12-16","speed_fines","Police issued",3,0,0
2024,"QLD","Unknown","12-16","unlicensed_driving","Not applicable",48,0,0
2024,"QLD","Unknown","17-25","mobile_phone_use","Fixed camera",922,0,0
2024,"QLD","Unknown","17-25","mobile_phone_use","Police issued",59,0,0
2024,"QLD","Unknown","17-25","non_wearing_seatbelts","Fixed camera",417,0,0
2024,"QLD","Unknown","17-25","non_wearing_seatbelts","Police issued",86,0,0
2024,"QLD","Unknown","17-25","speed_fines","Fixed camera",2713,0,0
2024,"QLD","Unknown","17-25","speed_fines","Mobile camera",5386,0,0
2024,"QLD","Unknown","17-25","speed_fines","Police issued",2343,0,0
2024,"QLD","Unknown","17-25","unlicensed_driving","Not applicable",636,0,0
2024,"QLD","Unknown","26-39","mobile_phone_use","Fixed camera",2488,0,0
2024,"QLD","Unknown","26-39","mobile_phone_use","Police issued",138,0,0
2024,"QLD","Unknown","26-39","non_wearing_seatbelts","Fixed camera",1043,0,0
2024,"QLD","Unknown","26-39","non_wearing_seatbelts","Police issued",142,0,0
2024,"QLD","Unknown","26-39","speed_fines","Fixed camera",6277,0,0
2024,"QLD","Unknown","26-39","speed_fines","Mobile camera",11038,0,0
2024,"QLD","Unknown","26-39","speed_fines","Police issued",3359,0,0
2024,"QLD","Unknown","26-39","unlicensed_driving","Not applicable",892,0,0
2024,"QLD","Unknown","40-64","mobile_phone_use","Fixed camera",2417,0,0
2024,"QLD","Unknown","40-64","mobile_phone_use","Police issued",74,0,0
2024,"QLD","Unknown","40-64","non_wearing_seatbelts","Fixed camera",1045,0,0
2024,"QLD","Unknown","40-64","non_wearing_seatbelts","Police issued",97,0,0
2024,"QLD","Unknown","40-64","speed_fines","Fixed camera",8684,0,0
2024,"QLD","Unknown","40-64","speed_fines","Mobile camera",15390,0,0
2024,"QLD","Unknown","40-64","speed_fines","Police issued",3744,0,0
2024,"QLD","Unknown","40-64","unlicensed_driving","Not applicable",602,0,0
2024,"QLD","Unknown","65 and over","mobile_phone_use","Fixed camera",310,0,0
2024,"QLD","Unknown","65 and over","mobile_phone_use","Police issued",11,0,0
2024,"QLD","Unknown","65 and over","non_wearing_seatbelts","Fixed camera",215,0,0
2024,"QLD","Unknown","65 and over","non_wearing_seatbelts","Police issued",11,0,0
2024,"QLD","Unknown","65 and over","speed_fines","Fixed camera",2186,0,0
2024,"QLD","Unknown","65 and over","speed_fines","Mobile camera",3863,0,0
2024,"QLD","Unknown","65 and over","speed_fines","Police issued",669,0,0
2024,"QLD","Unknown","65 and over","unlicensed_driving","Not applicable",37,0,0
2024,"SA","Inner Regional Australia","17-25","mobile_phone_use","Police issued",2,0,0
2024,"SA","Inner Regional Australia","17-25","non_wearing_seatbelts","Police issued",3,0,0
2024,"SA","Inner Regional Australia","17-25","speed_fines","Fixed camera",15,0,0
2024,"SA","Inner Regional Australia","17-25","speed_fines","Mobile camera",125,0,0
2024,"SA","Inner Regional Australia","17-25","speed_fines","Police issued",262,0,2
2024,"SA","Inner Regional Australia","26-39","mobile_phone_use","Police issued",2,0,0
2024,"SA","Inner Regional Australia","26-39","non_wearing_seatbelts","Police issued",11,0,0
2024,"SA","Inner Regional Australia","26-39","speed_fines","Fixed camera",61,0,0
2024,"SA","Inner Regional Australia","26-39","speed_fines","Mobile camera",371,0,0
2024,"SA","Inner Regional Australia","26-39","speed_fines","Police issued",486,1,4
2024,"SA","Inner Regional Australia","40-64","mobile_phone_use","Police issued",3,0,0
2024,"SA","Inner Regional Australia","40-64","non_wearing_seatbelts","Police issued",8,0,0
2024,"SA","Inner Regional Australia","40-64","speed_fines","Fixed camera",74,0,0
2024,"SA","Inner Regional Australia","40-64","speed_fines","Mobile camera",651,0,0
2024,"SA","Inner Regional Australia","40-64","speed_fines","Police issued",652,3,2
2024,"SA","Inner Regional Australia","65 and over","non_wearing_seatbelts","Police issued",7,0,0
2024,"SA","Inner Regional Australia","65 and over","speed_fines","Fixed camera",19,0,0
2024,"SA","Inner Regional Australia","65 and over","speed_fines","Mobile camera",253,0,0
2024,"SA","Inner Regional Australia","65 and over","speed_fines","Police issued",215,0,0
2024,"SA","Inner Regional Australia","65 and over","unlicensed_driving","Not applicable",2,0,0
2024,"SA","Major Cities of Australia","12-16","speed_fines","Mobile camera",1,0,0
2024,"SA","Major Cities of Australia","17-25","mobile_phone_use","Police issued",34,0,0
2024,"SA","Major Cities of Australia","17-25","non_wearing_seatbelts","Police issued",16,0,0
2024,"SA","Major Cities of Australia","17-25","speed_fines","Fixed camera",359,0,0
2024,"SA","Major Cities of Australia","17-25","speed_fines","Mobile camera",611,0,0
2024,"SA","Major Cities of Australia","17-25","speed_fines","Police issued",319,4,6
2024,"SA","Major Cities of Australia","26-39","mobile_phone_use","Police issued",63,0,0
2024,"SA","Major Cities of Australia","26-39","non_wearing_seatbelts","Police issued",48,0,0
2024,"SA","Major Cities of Australia","26-39","speed_fines","Fixed camera",808,0,0
2024,"SA","Major Cities of Australia","26-39","speed_fines","Mobile camera",1635,0,0
2024,"SA","Major Cities of Australia","26-39","speed_fines","Police issued",513,1,5
2024,"SA","Major Cities of Australia","40-64","mobile_phone_use","Police issued",46,0,0
2024,"SA","Major Cities of Australia","40-64","non_wearing_seatbelts","Police issued",55,0,0
2024,"SA","Major Cities of Australia","40-64","speed_fines","Fixed camera",1581,0,0
2024,"SA","Major Cities of Australia","40-64","speed_fines","Mobile camera",2413,0,0
2024,"SA","Major Cities of Australia","40-64","speed_fines","Police issued",585,4,0
2024,"SA","Major Cities of Australia","65 and over","mobile_phone_use","Police issued",11,0,0
2024,"SA","Major Cities of Australia","65 and over","non_wearing_seatbelts","Police issued",18,0,0
2024,"SA","Major Cities of Australia","65 and over","speed_fines","Fixed camera",677,0,0
2024,"SA","Major Cities of Australia","65 and over","speed_fines","Mobile camera",635,0,0
2024,"SA","Major Cities of Australia","65 and over","speed_fines","Police issued",145,0,0
2024,"SA","Major Cities of Australia","65 and over","unlicensed_driving","Not applicable",13,0,0
2024,"SA","Outer Regional Australia","12-16","speed_fines","Police issued",2,0,0
2024,"SA","Outer Regional Australia","17-25","mobile_phone_use","Police issued",1,0,0
2024,"SA","Outer Regional Australia","17-25","non_wearing_seatbelts","Police issued",9,0,0
2024,"SA","Outer Regional Australia","17-25","speed_fines","Fixed camera",16,0,0
2024,"SA","Outer Regional Australia","17-25","speed_fines","Mobile camera",41,0,0
2024,"SA","Outer Regional Australia","17-25","speed_fines","Police issued",255,0,0
2024,"SA","Outer Regional Australia","26-39","mobile_phone_use","Police issued",2,0,0
2024,"SA","Outer Regional Australia","26-39","non_wearing_seatbelts","Police issued",16,0,0
2024,"SA","Outer Regional Australia","26-39","speed_fines","Fixed camera",51,0,0
2024,"SA","Outer Regional Australia","26-39","speed_fines","Mobile camera",78,0,0
2024,"SA","Outer Regional Australia","26-39","speed_fines","Police issued",549,0,3
2024,"SA","Outer Regional Australia","40-64","mobile_phone_use","Police issued",1,0,0
2024,"SA","Outer Regional Australia","40-64","non_wearing_seatbelts","Police issued",24,0,0
2024,"SA","Outer Regional Australia","40-64","speed_fines","Fixed camera",65,0,0
2024,"SA","Outer Regional Australia","40-64","speed_fines","Mobile camera",175,0,0
2024,"SA","Outer Regional Australia","40-64","speed_fines","Police issued",592,0,2
2024,"SA","Outer Regional Australia","65 and over","non_wearing_seatbelts","Police issued",12,0,0
2024,"SA","Outer Regional Australia","65 and over","speed_fines","Fixed camera",33,0,0
2024,"SA","Outer Regional Australia","65 and over","speed_fines","Mobile camera",87,0,0
2024,"SA","Outer Regional Australia","65 and over","speed_fines","Police issued",170,0,0
2024,"SA","Outer Regional Australia","65 and over","unlicensed_driving","Not applicable",3,0,0
2024,"SA","Remote Australia","17-25","mobile_phone_use","Police issued",1,0,0
2024,"SA","Remote Australia","17-25","non_wearing_seatbelts","Police issued",7,0,0
2024,"SA","Remote Australia","17-25","speed_fines","Mobile camera",3,0,0
2024,"SA","Remote Australia","17-25","speed_fines","Police issued",62,0,0
2024,"SA","Remote Australia","26-39","mobile_phone_use","Police issued",3,0,0
2024,"SA","Remote Australia","26-39","non_wearing_seatbelts","Police issued",11,0,0
2024,"SA","Remote Australia","26-39","speed_fines","Mobile camera",23,0,0
2024,"SA","Remote Australia","26-39","speed_fines","Police issued",113,0,1
2024,"SA","Remote Australia","40-64","mobile_phone_use","Police issued",2,0,0
2024,"SA","Remote Australia","40-64","non_wearing_seatbelts","Police issued",8,0,0
2024,"SA","Remote Australia","40-64","speed_fines","Mobile camera",41,0,0
2024,"SA","Remote Australia","40-64","speed_fines","Police issued",127,0,0
2024,"SA","Remote Australia","65 and over","non_wearing_seatbelts","Police issued",3,0,0
2024,"SA","Remote Australia","65 and over","speed_fines","Mobile camera",19,0,0
2024,"SA","Remote Australia","65 and over","speed_fines","Police issued",43,0,0
2024,"SA","Remote Australia","65 and over","unlicensed_driving","Not applicable",0,0,0
2024,"SA","Unknown","12-16","unlicensed_driving","Not applicable",0,9,7
2024,"SA","Unknown","17-25","mobile_phone_use","Police issued",1,0,0
2024,"SA","Unknown","17-25","non_wearing_seatbelts","Police issued",1,0,0
2024,"SA","Unknown","17-25","speed_fines","Mobile camera",2,0,0
2024,"SA","Unknown","17-25","speed_fines","Police issued",22,0,0
2024,"SA","Unknown","17-25","unlicensed_driving","Not applicable",0,26,72
2024,"SA","Unknown","26-39","mobile_phone_use","Police issued",1,0,0
2024,"SA","Unknown","26-39","non_wearing_seatbelts","Police issued",2,0,0
2024,"SA","Unknown","26-39","speed_fines","Mobile camera",2,0,0
2024,"SA","Unknown","26-39","speed_fines","Police issued",47,0,0
2024,"SA","Unknown","26-39","unlicensed_driving","Not applicable",0,48,169
2024,"SA","Unknown","40-64","mobile_phone_use","Police issued",2,0,0
2024,"SA","Unknown","40-64","non_wearing_seatbelts","Police issued",2,0,0
2024,"SA","Unknown","40-64","speed_fines","Mobile camera",8,0,0
2024,"SA","Unknown","40-64","speed_fines","Police issued",65,0,0
2024,"SA","Unknown","40-64","unlicensed_driving","Not applicable",0,39,177
2024,"SA","Unknown","65 and over","speed_fines","Mobile camera",2,0,0
2024,"SA","Unknown","65 and over","speed_fines","Police issued",16,0,0
2024,"SA","Unknown","65 and over","unlicensed_driving","Not applicable",2,1,15
2024,"SA","Very Remote Australia","17-25","non_wearing_seatbelts","Police issued",4,0,0
2024,"SA","Very Remote Australia","17-25","speed_fines","Police issued",31,0,0
2024,"SA","Very Remote Australia","26-39","non_wearing_seatbelts","Police issued",8,0,0
2024,"SA","Very Remote Australia","26-39","speed_fines","Police issued",57,1,0
2024,"SA","Very Remote Australia","40-64","mobile_phone_use","Police issued",2,0,0
2024,"SA","Very Remote Australia","40-64","non_wearing_seatbelts","Police issued",9,0,0
2024,"SA","Very Remote Australia","40-64","speed_fines","Police issued",76,0,1
2024,"SA","Very Remote Australia","65 and over","non_wearing_seatbelts","Police issued",2,0,0
2024,"SA","Very Remote Australia","65 and over","speed_fines","Police issued",20,0,0
2024,"TAS","Unknown","12-16","speed_fines","Fixed or mobile camera",1,0,0
2024,"TAS","Unknown","12-16","speed_fines","Police issued",0,0,1
2024,"TAS","Unknown","12-16","unlicensed_driving","Not applicable",0,4,2
2024,"TAS","Unknown","17-25","mobile_phone_use","Fixed or mobile camera",17,0,0
2024,"TAS","Unknown","17-25","mobile_phone_use","Police issued",27,0,0
2024,"TAS","Unknown","17-25","non_wearing_seatbelts","Fixed or mobile camera",31,0,0
2024,"TAS","Unknown","17-25","non_wearing_seatbelts","Police issued",7,0,1
2024,"TAS","Unknown","17-25","speed_fines","Fixed or mobile camera",428,0,0
2024,"TAS","Unknown","17-25","speed_fines","Police issued",254,0,6
2024,"TAS","Unknown","17-25","unlicensed_driving","Not applicable",3,0,19
2024,"TAS","Unknown","26-39","mobile_phone_use","Fixed or mobile camera",41,0,0
2024,"TAS","Unknown","26-39","mobile_phone_use","Police issued",38,0,0
2024,"TAS","Unknown","26-39","non_wearing_seatbelts","Fixed or mobile camera",120,0,0
2024,"TAS","Unknown","26-39","non_wearing_seatbelts","Police issued",12,0,2
2024,"TAS","Unknown","26-39","speed_fines","Fixed or mobile camera",1183,0,0
2024,"TAS","Unknown","26-39","speed_fines","Police issued",354,0,9
2024,"TAS","Unknown","26-39","unlicensed_driving","Not applicable",5,0,44
2024,"TAS","Unknown","40-64","mobile_phone_use","Fixed or mobile camera",58,0,0
2024,"TAS","Unknown","40-64","mobile_phone_use","Police issued",39,0,1
2024,"TAS","Unknown","40-64","non_wearing_seatbelts","Fixed or mobile camera",120,0,0
2024,"TAS","Unknown","40-64","non_wearing_seatbelts","Police issued",21,0,5
2024,"TAS","Unknown","40-64","speed_fines","Fixed or mobile camera",1632,0,0
2024,"TAS","Unknown","40-64","speed_fines","Police issued",440,0,8
2024,"TAS","Unknown","40-64","unlicensed_driving","Not applicable",11,0,37
2024,"TAS","Unknown","65 and over","mobile_phone_use","Fixed or mobile camera",9,0,0
2024,"TAS","Unknown","65 and over","mobile_phone_use","Police issued",10,0,0
2024,"TAS","Unknown","65 and over","non_wearing_seatbelts","Fixed or mobile camera",63,0,0
2024,"TAS","Unknown","65 and over","non_wearing_seatbelts","Police issued",7,0,0
2024,"TAS","Unknown","65 and over","speed_fines","Fixed or mobile camera",691,0,0
2024,"TAS","Unknown","65 and over","speed_fines","Police issued",167,0,0
2024,"TAS","Unknown","65 and over","unlicensed_driving","Not applicable",1,0,0
2024,"VIC","Inner Regional Australia","12-16","mobile_phone_use","Fixed camera",0,0,0
2024,"VIC","Inner Regional Australia","12-16","mobile_phone_use","Mobile camera",0,0,0
2024,"VIC","Inner Regional Australia","12-16","non_wearing_seatbelts","Fixed camera",0,0,0
2024,"VIC","Inner Regional Australia","12-16","non_wearing_seatbelts","Mobile camera",0,0,0
2024,"VIC","Inner Regional Australia","12-16","speed_fines","Fixed camera",0,0,0
2024,"VIC","Inner Regional Australia","12-16","speed_fines","Mobile camera",0,0,0
2024,"VIC","Inner Regional Australia","17-25","mobile_phone_use","Fixed camera",0,0,0
2024,"VIC","Inner Regional Australia","17-25","mobile_phone_use","Mobile camera",3,0,0
2024,"VIC","Inner Regional Australia","17-25","non_wearing_seatbelts","Fixed camera",0,0,0
2024,"VIC","Inner Regional Australia","17-25","non_wearing_seatbelts","Mobile camera",11,0,0
2024,"VIC","Inner Regional Australia","17-25","speed_fines","Fixed camera",78,0,0
2024,"VIC","Inner Regional Australia","17-25","speed_fines","Mobile camera",526,0,0
2024,"VIC","Inner Regional Australia","26-39","mobile_phone_use","Fixed camera",0,0,0
2024,"VIC","Inner Regional Australia","26-39","mobile_phone_use","Mobile camera",35,0,0
2024,"VIC","Inner Regional Australia","26-39","non_wearing_seatbelts","Fixed camera",0,0,0
2024,"VIC","Inner Regional Australia","26-39","non_wearing_seatbelts","Mobile camera",33,0,0
2024,"VIC","Inner Regional Australia","26-39","speed_fines","Fixed camera",259,0,0
2024,"VIC","Inner Regional Australia","26-39","speed_fines","Mobile camera",1588,0,0
2024,"VIC","Inner Regional Australia","40-64","mobile_phone_use","Fixed camera",0,0,0
2024,"VIC","Inner Regional Australia","40-64","mobile_phone_use","Mobile camera",59,0,0
2024,"VIC","Inner Regional Australia","40-64","non_wearing_seatbelts","Fixed camera",0,0,0
2024,"VIC","Inner Regional Australia","40-64","non_wearing_seatbelts","Mobile camera",67,0,0
2024,"VIC","Inner Regional Australia","40-64","speed_fines","Fixed camera",511,0,0
2024,"VIC","Inner Regional Australia","40-64","speed_fines","Mobile camera",2751,0,0
2024,"VIC","Inner Regional Australia","65 and over","mobile_phone_use","Fixed camera",0,0,0
2024,"VIC","Inner Regional Australia","65 and over","mobile_phone_use","Mobile camera",20,0,0
2024,"VIC","Inner Regional Australia","65 and over","non_wearing_seatbelts","Fixed camera",0,0,0
2024,"VIC","Inner Regional Australia","65 and over","non_wearing_seatbelts","Mobile camera",28,0,0
2024,"VIC","Inner Regional Australia","65 and over","speed_fines","Fixed camera",221,0,0
2024,"VIC","Inner Regional Australia","65 and over","speed_fines","Mobile camera",1267,0,0
2024,"VIC","Major Cities of Australia","12-16","mobile_phone_use","Fixed camera",0,0,0
2024,"VIC","Major Cities of Australia","12-16","mobile_phone_use","Mobile camera",0,0,0
2024,"VIC","Major Cities of Australia","12-16","non_wearing_seatbelts","Fixed camera",0,0,0
2024,"VIC","Major Cities of Australia","12-16","non_wearing_seatbelts","Mobile camera",0,0,0
2024,"VIC","Major Cities of Australia","12-16","speed_fines","Fixed camera",0,0,0
2024,"VIC","Major Cities of Australia","12-16","speed_fines","Mobile camera",0,0,0
2024,"VIC","Major Cities of Australia","17-25","mobile_phone_use","Fixed camera",0,0,0
2024,"VIC","Major Cities of Australia","17-25","mobile_phone_use","Mobile camera",242,0,0
2024,"VIC","Major Cities of Australia","17-25","non_wearing_seatbelts","Fixed camera",0,0,0
2024,"VIC","Major Cities of Australia","17-25","non_wearing_seatbelts","Mobile camera",221,0,0
2024,"VIC","Major Cities of Australia","17-25","speed_fines","Fixed camera",2288,0,0
2024,"VIC","Major Cities of Australia","17-25","speed_fines","Mobile camera",2087,0,0
2024,"VIC","Major Cities of Australia","26-39","mobile_phone_use","Fixed camera",0,0,0
2024,"VIC","Major Cities of Australia","26-39","mobile_phone_use","Mobile camera",1319,0,0
2024,"VIC","Major Cities of Australia","26-39","non_wearing_seatbelts","Fixed camera",0,0,0
2024,"VIC","Major Cities of Australia","26-39","non_wearing_seatbelts","Mobile camera",1005,0,0
2024,"VIC","Major Cities of Australia","26-39","speed_fines","Fixed camera",8583,0,0
2024,"VIC","Major Cities of Australia","26-39","speed_fines","Mobile camera",7506,0,0
2024,"VIC","Major Cities of Australia","40-64","mobile_phone_use","Fixed camera",0,0,0
2024,"VIC","Major Cities of Australia","40-64","mobile_phone_use","Mobile camera",1702,0,0
2024,"VIC","Major Cities of Australia","40-64","non_wearing_seatbelts","Fixed camera",0,0,0
2024,"VIC","Major Cities of Australia","40-64","non_wearing_seatbelts","Mobile camera",1332,0,0
2024,"VIC","Major Cities of Australia","40-64","speed_fines","Fixed camera",14324,0,0
2024,"VIC","Major Cities of Australia","40-64","speed_fines","Mobile camera",12246,0,0
2024,"VIC","Major Cities of Australia","65 and over","mobile_phone_use","Fixed camera",0,0,0
2024,"VIC","Major Cities of Australia","65 and over","mobile_phone_use","Mobile camera",289,0,0
2024,"VIC","Major Cities of Australia","65 and over","non_wearing_seatbelts","Fixed camera",0,0,0
2024,"VIC","Major Cities of Australia","65 and over","non_wearing_seatbelts","Mobile camera",386,0,0
2024,"VIC","Major Cities of Australia","65 and over","speed_fines","Fixed camera",4359,0,0
2024,"VIC","Major Cities of Australia","65 and over","speed_fines","Mobile camera",3636,0,0
2024,"VIC","Outer Regional Australia","12-16","mobile_phone_use","Fixed camera",0,0,0
2024,"VIC","Outer Regional Australia","12-16","mobile_phone_use","Mobile camera",0,0,0
2024,"VIC","Outer Regional Australia","12-16","non_wearing_seatbelts","Fixed camera",0,0,0
2024,"VIC","Outer Regional Australia","12-16","non_wearing_seatbelts","Mobile camera",0,0,0
2024,"VIC","Outer Regional Australia","12-16","speed_fines","Fixed camera",0,0,0
2024,"VIC","Outer Regional Australia","12-16","speed_fines","Mobile camera",0,0,0
2024,"VIC","Outer Regional Australia","17-25","mobile_phone_use","Fixed camera",0,0,0
2024,"VIC","Outer Regional Australia","17-25","mobile_phone_use","Mobile camera",0,0,0
2024,"VIC","Outer Regional Australia","17-25","non_wearing_seatbelts","Fixed camera",0,0,0
2024,"VIC","Outer Regional Australia","17-25","non_wearing_seatbelts","Mobile camera",0,0,0
2024,"VIC","Outer Regional Australia","17-25","speed_fines","Fixed camera",1,0,0
2024,"VIC","Outer Regional Australia","17-25","speed_fines","Mobile camera",86,0,0
2024,"VIC","Outer Regional Australia","26-39","mobile_phone_use","Fixed camera",0,0,0
2024,"VIC","Outer Regional Australia","26-39","mobile_phone_use","Mobile camera",0,0,0
2024,"VIC","Outer Regional Australia","26-39","non_wearing_seatbelts","Fixed camera",0,0,0
2024,"VIC","Outer Regional Australia","26-39","non_wearing_seatbelts","Mobile camera",0,0,0
2024,"VIC","Outer Regional Australia","26-39","speed_fines","Fixed camera",0,0,0
2024,"VIC","Outer Regional Australia","26-39","speed_fines","Mobile camera",256,0,0
2024,"VIC","Outer Regional Australia","40-64","mobile_phone_use","Fixed camera",0,0,0
2024,"VIC","Outer Regional Australia","40-64","mobile_phone_use","Mobile camera",0,0,0
2024,"VIC","Outer Regional Australia","40-64","non_wearing_seatbelts","Fixed camera",0,0,0
2024,"VIC","Outer Regional Australia","40-64","non_wearing_seatbelts","Mobile camera",0,0,0
2024,"VIC","Outer Regional Australia","40-64","speed_fines","Fixed camera",3,0,0
2024,"VIC","Outer Regional Australia","40-64","speed_fines","Mobile camera",420,0,0
2024,"VIC","Outer Regional Australia","65 and over","mobile_phone_use","Fixed camera",0,0,0
2024,"VIC","Outer Regional Australia","65 and over","mobile_phone_use","Mobile camera",0,0,0
2024,"VIC","Outer Regional Australia","65 and over","non_wearing_seatbelts","Fixed camera",0,0,0
2024,"VIC","Outer Regional Australia","65 and over","non_wearing_seatbelts","Mobile camera",0,0,0
2024,"VIC","Outer Regional Australia","65 and over","speed_fines","Fixed camera",11,0,0
2024,"VIC","Outer Regional Australia","65 and over","speed_fines","Mobile camera",247,0,0
2024,"VIC","Remote Australia","12-16","mobile_phone_use","Fixed camera",0,0,0
2024,"VIC","Remote Australia","12-16","mobile_phone_use","Mobile camera",0,0,0
2024,"VIC","Remote Australia","12-16","non_wearing_seatbelts","Fixed camera",0,0,0
2024,"VIC","Remote Australia","12-16","non_wearing_seatbelts","Mobile camera",0,0,0
2024,"VIC","Remote Australia","12-16","speed_fines","Fixed camera",0,0,0
2024,"VIC","Remote Australia","12-16","speed_fines","Mobile camera",0,0,0
2024,"VIC","Remote Australia","17-25","mobile_phone_use","Fixed camera",0,0,0
2024,"VIC","Remote Australia","17-25","mobile_phone_use","Mobile camera",0,0,0
2024,"VIC","Remote Australia","17-25","non_wearing_seatbelts","Fixed camera",0,0,0
2024,"VIC","Remote Australia","17-25","non_wearing_seatbelts","Mobile camera",0,0,0
2024,"VIC","Remote Australia","17-25","speed_fines","Fixed camera",0,0,0
2024,"VIC","Remote Australia","17-25","speed_fines","Mobile camera",0,0,0
2024,"VIC","Remote Australia","26-39","mobile_phone_use","Fixed camera",0,0,0
2024,"VIC","Remote Australia","26-39","mobile_phone_use","Mobile camera",0,0,0
2024,"VIC","Remote Australia","26-39","non_wearing_seatbelts","Fixed camera",0,0,0
2024,"VIC","Remote Australia","26-39","non_wearing_seatbelts","Mobile camera",0,0,0
2024,"VIC","Remote Australia","26-39","speed_fines","Fixed camera",0,0,0
2024,"VIC","Remote Australia","26-39","speed_fines","Mobile camera",0,0,0
2024,"VIC","Remote Australia","40-64","mobile_phone_use","Fixed camera",0,0,0
2024,"VIC","Remote Australia","40-64","mobile_phone_use","Mobile camera",0,0,0
2024,"VIC","Remote Australia","40-64","non_wearing_seatbelts","Fixed camera",0,0,0
2024,"VIC","Remote Australia","40-64","non_wearing_seatbelts","Mobile camera",0,0,0
2024,"VIC","Remote Australia","40-64","speed_fines","Fixed camera",0,0,0
2024,"VIC","Remote Australia","40-64","speed_fines","Mobile camera",0,0,0
2024,"VIC","Remote Australia","65 and over","mobile_phone_use","Fixed camera",0,0,0
2024,"VIC","Remote Australia","65 and over","mobile_phone_use","Mobile camera",0,0,0
2024,"VIC","Remote Australia","65 and over","non_wearing_seatbelts","Fixed camera",0,0,0
2024,"VIC","Remote Australia","65 and over","non_wearing_seatbelts","Mobile camera",0,0,0
2024,"VIC","Remote Australia","65 and over","speed_fines","Fixed camera",0,0,0
2024,"VIC","Remote Australia","65 and over","speed_fines","Mobile camera",0,0,0
2024,"VIC","Unknown","12-16","mobile_phone_use","Fixed camera",0,0,0
2024,"VIC","Unknown","12-16","mobile_phone_use","Mobile camera",0,0,0
2024,"VIC","Unknown","12-16","non_wearing_seatbelts","Fixed camera",0,0,0
2024,"VIC","Unknown","12-16","non_wearing_seatbelts","Mobile camera",0,0,0
2024,"VIC","Unknown","12-16","non_wearing_seatbelts","Police issued",2,0,0
2024,"VIC","Unknown","12-16","speed_fines","Fixed camera",0,0,0
2024,"VIC","Unknown","12-16","speed_fines","Mobile camera",0,0,0
2024,"VIC","Unknown","12-16","speed_fines","Police issued",3,0,0
2024,"VIC","Unknown","12-16","unlicensed_driving","Not applicable",7,0,0
2024,"VIC","Unknown","17-25","mobile_phone_use","Fixed camera",0,0,0
2024,"VIC","Unknown","17-25","mobile_phone_use","Mobile camera",0,0,0
2024,"VIC","Unknown","17-25","mobile_phone_use","Police issued",305,0,0
2024,"VIC","Unknown","17-25","non_wearing_seatbelts","Fixed camera",0,0,0
2024,"VIC","Unknown","17-25","non_wearing_seatbelts","Mobile camera",0,0,0
2024,"VIC","Unknown","17-25","non_wearing_seatbelts","Police issued",123,0,0
2024,"VIC","Unknown","17-25","speed_fines","Fixed camera",242,0,0
2024,"VIC","Unknown","17-25","speed_fines","Mobile camera",0,0,0
2024,"VIC","Unknown","17-25","speed_fines","Police issued",2548,0,0
2024,"VIC","Unknown","17-25","unlicensed_driving","Not applicable",213,0,0
2024,"VIC","Unknown","26-39","mobile_phone_use","Fixed camera",0,0,0
2024,"VIC","Unknown","26-39","mobile_phone_use","Mobile camera",0,0,0
2024,"VIC","Unknown","26-39","mobile_phone_use","Police issued",650,0,0
2024,"VIC","Unknown","26-39","non_wearing_seatbelts","Fixed camera",0,0,0
2024,"VIC","Unknown","26-39","non_wearing_seatbelts","Mobile camera",0,0,0
2024,"VIC","Unknown","26-39","non_wearing_seatbelts","Police issued",231,0,0
2024,"VIC","Unknown","26-39","speed_fines","Fixed camera",629,0,0
2024,"VIC","Unknown","26-39","speed_fines","Mobile camera",0,0,0
2024,"VIC","Unknown","26-39","speed_fines","Police issued",4832,0,0
2024,"VIC","Unknown","26-39","unlicensed_driving","Not applicable",400,0,0
2024,"VIC","Unknown","40-64","mobile_phone_use","Fixed camera",0,0,0
2024,"VIC","Unknown","40-64","mobile_phone_use","Mobile camera",0,0,0
2024,"VIC","Unknown","40-64","mobile_phone_use","Police issued",516,0,0
2024,"VIC","Unknown","40-64","non_wearing_seatbelts","Fixed camera",0,0,0
2024,"VIC","Unknown","40-64","non_wearing_seatbelts","Mobile camera",0,0,0
2024,"VIC","Unknown","40-64","non_wearing_seatbelts","Police issued",184,0,0
2024,"VIC","Unknown","40-64","speed_fines","Fixed camera",880,0,0
2024,"VIC","Unknown","40-64","speed_fines","Mobile camera",0,0,0
2024,"VIC","Unknown","40-64","speed_fines","Police issued",5536,0,0
2024,"VIC","Unknown","40-64","unlicensed_driving","Not applicable",205,0,0
2024,"VIC","Unknown","65 and over","mobile_phone_use","Fixed camera",0,0,0
2024,"VIC","Unknown","65 and over","mobile_phone_use","Mobile camera",0,0,0
2024,"VIC","Unknown","65 and over","mobile_phone_use","Police issued",55,0,0
2024,"VIC","Unknown","65 and over","non_wearing_seatbelts","Fixed camera",0,0,0
2024,"VIC","Unknown","65 and over","non_wearing_seatbelts","Mobile camera",0,0,0
2024,"VIC","Unknown","65 and over","non_wearing_seatbelts","Police issued",32,0,0
2024,"VIC","Unknown","65 and over","speed_fines","Fixed camera",205,0,0
2024,"VIC","Unknown","65 and over","speed_fines","Mobile camera",0,0,0
2024,"VIC","Unknown","65 and over","speed_fines","Police issued",1257,0,0
2024,"VIC","Unknown","65 and over","unlicensed_driving","Not applicable",21,0,0
2024,"WA","Unknown","12-16","speed_fines","Average speed camera",3,0,0
2024,"WA","Unknown","12-16","speed_fines","Fixed camera",6,0,0
2024,"WA","Unknown","12-16","speed_fines","Mobile camera",17,0,0
2024,"WA","Unknown","12-16","speed_fines","Red light camera",3,0,0
2024,"WA","Unknown","12-16","unlicensed_driving","Not applicable",0,17,49
2024,"WA","Unknown","17-25","mobile_phone_use","Police issued",61,0,0
2024,"WA","Unknown","17-25","non_wearing_seatbelts","Police issued",56,0,0
2024,"WA","Unknown","17-25","speed_fines","Average speed camera",210,0,0
2024,"WA","Unknown","17-25","speed_fines","Fixed camera",1023,0,0
2024,"WA","Unknown","17-25","speed_fines","Mobile camera",4462,0,0
2024,"WA","Unknown","17-25","speed_fines","Police issued",851,0,0
2024,"WA","Unknown","17-25","speed_fines","Red light camera",702,0,0
2024,"WA","Unknown","17-25","unlicensed_driving","Not applicable",39,36,347
2024,"WA","Unknown","26-39","mobile_phone_use","Police issued",124,0,0
2024,"WA","Unknown","26-39","non_wearing_seatbelts","Police issued",67,0,0
2024,"WA","Unknown","26-39","speed_fines","Average speed camera",491,0,0
2024,"WA","Unknown","26-39","speed_fines","Fixed camera",3195,0,0
2024,"WA","Unknown","26-39","speed_fines","Mobile camera",10967,0,0
2024,"WA","Unknown","26-39","speed_fines","Police issued",1736,0,0
2024,"WA","Unknown","26-39","speed_fines","Red light camera",2523,0,0
2024,"WA","Unknown","26-39","unlicensed_driving","Not applicable",89,85,615
2024,"WA","Unknown","40-64","mobile_phone_use","Police issued",63,0,0
2024,"WA","Unknown","40-64","non_wearing_seatbelts","Police issued",48,0,0
2024,"WA","Unknown","40-64","speed_fines","Average speed camera",591,0,0
2024,"WA","Unknown","40-64","speed_fines","Fixed camera",4664,0,0
2024,"WA","Unknown","40-64","speed_fines","Mobile camera",15718,0,0
2024,"WA","Unknown","40-64","speed_fines","Police issued",2035,0,0
2024,"WA","Unknown","40-64","speed_fines","Red light camera",5584,0,0
2024,"WA","Unknown","40-64","unlicensed_driving","Not applicable",64,36,390
2024,"WA","Unknown","65 and over","mobile_phone_use","Police issued",11,0,0
2024,"WA","Unknown","65 and over","non_wearing_seatbelts","Police issued",13,0,0
2024,"WA","Unknown","65 and over","speed_fines","Average speed camera",112,0,0
2024,"WA","Unknown","65 and over","speed_fines","Fixed camera",1239,0,0
2024,"WA","Unknown","65 and over","speed_fines","Mobile camera",3816,0,0
2024,"WA","Unknown","65 and over","speed_fines","Police issued",390,0,0
2024,"WA","Unknown","65 and over","speed_fines","Red light camera",1788,0,0
2024,"WA","Unknown","65 and over","unlicensed_driving","Not applicable",13,0,10
2024,"ACT","Major Cities of Australia","12-16","mobile_phone_use","Police issued",2,0,0
2024,"ACT","Major Cities of Australia","12-16","speed_fines","Police issued",6,0,0
2024,"ACT","Major Cities of Australia","17-25","mobile_phone_use","Fixed or mobile camera",485,0,0
2024,"ACT","Major Cities of Australia","17-25","mobile_phone_use","Police issued",5,0,0
2024,"ACT","Major Cities of Australia","17-25","speed_fines","Fixed camera",460,0,0
2024,"ACT","Major Cities of Australia","17-25","speed_fines","Mobile camera",217,0,0
2024,"ACT","Major Cities of Australia","17-25","speed_fines","Police issued",64,1,2
2024,"ACT","Major Cities of Australia","17-25","unlicensed_driving","Not applicable",5,3,10
2024,"ACT","Major Cities of Australia","26-39","mobile_phone_use","Fixed or mobile camera",1394,0,0
2024,"ACT","Major Cities of Australia","26-39","mobile_phone_use","Police issued",6,0,0
2024,"ACT","Major Cities of Australia","26-39","non_wearing_seatbelts","Police issued",1,0,0
2024,"ACT","Major Cities of Australia","26-39","speed_fines","Fixed camera",1046,0,0
2024,"ACT","Major Cities of Australia","26-39","speed_fines","Mobile camera",492,0,0
2024,"ACT","Major Cities of Australia","26-39","speed_fines","Police issued",82,0,2
2024,"ACT","Major Cities of Australia","26-39","unlicensed_driving","Not applicable",11,9,19
2024,"ACT","Major Cities of Australia","40-64","mobile_phone_use","Fixed or mobile camera",1309,0,0
2024,"ACT","Major Cities of Australia","40-64","mobile_phone_use","Police issued",7,0,0
2024,"ACT","Major Cities of Australia","40-64","speed_fines","Fixed camera",1662,0,0
2024,"ACT","Major Cities of Australia","40-64","speed_fines","Mobile camera",656,0,0
2024,"ACT","Major Cities of Australia","40-64","speed_fines","Police issued",74,0,3
2024,"ACT","Major Cities of Australia","40-64","unlicensed_driving","Not applicable",9,3,17
2024,"ACT","Major Cities of Australia","65 and over","mobile_phone_use","Fixed or mobile camera",128,0,0
2024,"ACT","Major Cities of Australia","65 and over","speed_fines","Fixed camera",592,0,0
2024,"ACT","Major Cities of Australia","65 and over","speed_fines","Mobile camera",223,0,0
2024,"ACT","Major Cities of Australia","65 and over","speed_fines","Police issued",12,0,0
2024,"ACT","Major Cities of Australia","65 and over","unlicensed_driving","Not applicable",0,0,1
2024,"NSW","Inner Regional Australia","12-16","non_wearing_seatbelts","Police issued",1,0,0
2024,"NSW","Inner Regional Australia","12-16","speed_fines","Police issued",7,0,0
2024,"NSW","Inner Regional Australia","12-16","unlicensed_driving","Not applicable",1,0,4
2024,"NSW","Inner Regional Australia","17-25","mobile_phone_use","Police issued",46,0,1
2024,"NSW","Inner Regional Australia","17-25","non_wearing_seatbelts","Police issued",85,0,1
2024,"NSW","Inner Regional Australia","17-25","speed_fines","Police issued",1347,0,12
2024,"NSW","Inner Regional Australia","17-25","unlicensed_driving","Not applicable",23,0,164
2024,"NSW","Inner Regional Australia","26-39","mobile_phone_use","Police issued",68,0,0
2024,"NSW","Inner Regional Australia","26-39","non_wearing_seatbelts","Police issued",135,0,4
2024,"NSW","Inner Regional Australia","26-39","speed_fines","Police issued",2163,0,4
2024,"NSW","Inner Regional Australia","26-39","unlicensed_driving","Not applicable",86,0,240
2024,"NSW","Inner Regional Australia","40-64","mobile_phone_use","Police issued",47,0,0
2024,"NSW","Inner Regional Australia","40-64","non_wearing_seatbelts","Police issued",77,0,0
2024,"NSW","Inner Regional Australia","40-64","speed_fines","Police issued",2318,0,12
2024,"NSW","Inner Regional Australia","40-64","unlicensed_driving","Not applicable",59,0,183
2024,"NSW","Inner Regional Australia","65 and over","mobile_phone_use","Police issued",2,0,0
2024,"NSW","Inner Regional Australia","65 and over","non_wearing_seatbelts","Police issued",18,0,0
2024,"NSW","Inner Regional Australia","65 and over","speed_fines","Police issued",494,0,0
2024,"NSW","Inner Regional Australia","65 and over","unlicensed_driving","Not applicable",10,0,18
2024,"NSW","Major Cities of Australia","12-16","mobile_phone_use","Police issued",4,0,0
2024,"NSW","Major Cities of Australia","12-16","non_wearing_seatbelts","Police issued",7,0,0
2024,"NSW","Major Cities of Australia","12-16","speed_fines","Police issued",9,0,2
2024,"NSW","Major Cities of Australia","12-16","unlicensed_driving","Not applicable",2,0,21
2024,"NSW","Major Cities of Australia","17-25","mobile_phone_use","Police issued",392,0,2
2024,"NSW","Major Cities of Australia","17-25","non_wearing_seatbelts","Police issued",110,0,3
2024,"NSW","Major Cities of Australia","17-25","speed_fines","Police issued",2022,0,49
2024,"NSW","Major Cities of Australia","17-25","unlicensed_driving","Not applicable",188,0,492
2024,"NSW","Major Cities of Australia","26-39","mobile_phone_use","Police issued",357,0,2
2024,"NSW","Major Cities of Australia","26-39","non_wearing_seatbelts","Police issued",156,0,5
2024,"NSW","Major Cities of Australia","26-39","speed_fines","Police issued",2170,0,25
2024,"NSW","Major Cities of Australia","26-39","unlicensed_driving","Not applicable",193,0,572
2024,"NSW","Major Cities of Australia","40-64","mobile_phone_use","Police issued",270,0,2
2024,"NSW","Major Cities of Australia","40-64","non_wearing_seatbelts","Police issued",124,0,2
2024,"NSW","Major Cities of Australia","40-64","speed_fines","Police issued",1995,0,7
2024,"NSW","Major Cities of Australia","40-64","unlicensed_driving","Not applicable",107,0,431
2024,"NSW","Major Cities of Australia","65 and over","mobile_phone_use","Police issued",35,0,0
2024,"NSW","Major Cities of Australia","65 and over","non_wearing_seatbelts","Police issued",22,0,1
2024,"NSW","Major Cities of Australia","65 and over","speed_fines","Police issued",284,0,1
2024,"NSW","Major Cities of Australia","65 and over","unlicensed_driving","Not applicable",11,0,28
2024,"NSW","Outer Regional Australia","12-16","non_wearing_seatbelts","Police issued",1,0,0
2024,"NSW","Outer Regional Australia","12-16","speed_fines","Police issued",1,0,0
2024,"NSW","Outer Regional Australia","12-16","unlicensed_driving","Not applicable",0,0,4
2024,"NSW","Outer Regional Australia","17-25","mobile_phone_use","Police issued",10,0,1
2024,"NSW","Outer Regional Australia","17-25","non_wearing_seatbelts","Police issued",18,0,2
2024,"NSW","Outer Regional Australia","17-25","speed_fines","Police issued",348,0,2
2024,"NSW","Outer Regional Australia","17-25","unlicensed_driving","Not applicable",8,0,39
2024,"NSW","Outer Regional Australia","26-39","mobile_phone_use","Police issued",6,0,0
2024,"NSW","Outer Regional Australia","26-39","non_wearing_seatbelts","Police issued",23,0,0
2024,"NSW","Outer Regional Australia","26-39","speed_fines","Police issued",590,0,1
2024,"NSW","Outer Regional Australia","26-39","unlicensed_driving","Not applicable",27,0,48
2024,"NSW","Outer Regional Australia","40-64","mobile_phone_use","Police issued",11,0,1
2024,"NSW","Outer Regional Australia","40-64","non_wearing_seatbelts","Police issued",18,0,0
2024,"NSW","Outer Regional Australia","40-64","speed_fines","Police issued",686,0,2
2024,"NSW","Outer Regional Australia","40-64","unlicensed_driving","Not applicable",23,0,35
2024,"NSW","Outer Regional Australia","65 and over","mobile_phone_use","Police issued",3,0,0
2024,"NSW","Outer Regional Australia","65 and over","non_wearing_seatbelts","Police issued",5,0,0
2024,"NSW","Outer Regional Australia","65 and over","speed_fines","Police issued",174,0,0
2024,"NSW","Outer Regional Australia","65 and over","unlicensed_driving","Not applicable",1,0,3
2024,"NSW","Remote Australia","12-16","unlicensed_driving","Not applicable",0,0,1
2024,"NSW","Remote Australia","17-25","non_wearing_seatbelts","Police issued",2,0,0
2024,"NSW","Remote Australia","17-25","speed_fines","Police issued",29,0,0
2024,"NSW","Remote Australia","17-25","unlicensed_driving","Not applicable",0,0,2
2024,"NSW","Remote Australia","26-39","mobile_phone_use","Police issued",1,0,0
2024,"NSW","Remote Australia","26-39","non_wearing_seatbelts","Police issued",5,0,0
2024,"NSW","Remote Australia","26-39","speed_fines","Police issued",37,0,0
2024,"NSW","Remote Australia","26-39","unlicensed_driving","Not applicable",4,0,7
2024,"NSW","Remote Australia","40-64","non_wearing_seatbelts","Police issued",3,0,0
2024,"NSW","Remote Australia","40-64","speed_fines","Police issued",51,0,0
2024,"NSW","Remote Australia","40-64","unlicensed_driving","Not applicable",0,0,3
2024,"NSW","Remote Australia","65 and over","speed_fines","Police issued",6,0,0
2024,"NSW","Unknown","12-16","unlicensed_driving","Not applicable",0,0,1
2024,"NSW","Unknown","17-25","mobile_phone_use","Police issued",2,0,0
2024,"NSW","Unknown","17-25","non_wearing_seatbelts","Police issued",6,0,0
2024,"NSW","Unknown","17-25","speed_fines","Police issued",31,0,1
2024,"NSW","Unknown","17-25","unlicensed_driving","Not applicable",1,0,15
2024,"NSW","Unknown","26-39","mobile_phone_use","Police issued",2,0,0
2024,"NSW","Unknown","26-39","non_wearing_seatbelts","Police issued",10,0,0
2024,"NSW","Unknown","26-39","speed_fines","Police issued",46,0,0
2024,"NSW","Unknown","26-39","unlicensed_driving","Not applicable",1,0,22
2024,"NSW","Unknown","40-64","mobile_phone_use","Police issued",1,0,0
2024,"NSW","Unknown","40-64","non_wearing_seatbelts","Police issued",6,0,0
2024,"NSW","Unknown","40-64","speed_fines","Police issued",47,0,0
2024,"NSW","Unknown","40-64","unlicensed_driving","Not applicable",1,0,15
2024,"NSW","Unknown","65 and over","mobile_phone_use","Police issued",1,0,0
2024,"NSW","Unknown","65 and over","speed_fines","Police issued",7,0,0
2024,"NSW","Unknown","65 and over","unlicensed_driving","Not applicable",0,0,1
2024,"NSW","Very Remote Australia","12-16","unlicensed_driving","Not applicable",0,0,2
2024,"NSW","Very Remote Australia","17-25","speed_fines","Police issued",2,0,0
2024,"NSW","Very Remote Australia","17-25","unlicensed_driving","Not applicable",0,0,3
2024,"NSW","Very Remote Australia","26-39","non_wearing_seatbelts","Police issued",0,0,1
2024,"NSW","Very Remote Australia","26-39","speed_fines","Police issued",3,0,0
2024,"NSW","Very Remote Australia","26-39","unlicensed_driving","Not applicable",0,0,3
2024,"NSW","Very Remote Australia","40-64","speed_fines","Police issued",7,0,0
2024,"NSW","Very Remote Australia","40-64","unlicensed_driving","Not applicable",1,0,3
2024,"NT","Unknown","12-16","non_wearing_seatbelts","Police issued",0,0,1
2024,"NT","Unknown","12-16","speed_fines","Fixed camera",2,0,0
2024,"NT","Unknown","12-16","speed_fines","Mobile camera",3,0,0
2024,"NT","Unknown","12-16","speed_fines","Police issued",2,0,0
2024,"NT","Unknown","12-16","unlicensed_driving","Not applicable",0,12,26
2024,"NT","Unknown","17-25","mobile_phone_use","Police issued",8,0,0
2024,"NT","Unknown","17-25","non_wearing_seatbelts","Police issued",36,1,13
2024,"NT","Unknown","17-25","speed_fines","Fixed camera",122,0,0
2024,"NT","Unknown","17-25","speed_fines","Mobile camera",352,0,0
2024,"NT","Unknown","17-25","speed_fines","Police issued",38,0,0
2024,"NT","Unknown","17-25","unlicensed_driving","Not applicable",7,9,59
2024,"NT","Unknown","26-39","mobile_phone_use","Police issued",15,0,1
2024,"NT","Unknown","26-39","non_wearing_seatbelts","Police issued",60,5,65
2024,"NT","Unknown","26-39","speed_fines","Fixed camera",355,0,0
2024,"NT","Unknown","26-39","speed_fines","Mobile camera",866,0,0
2024,"NT","Unknown","26-39","speed_fines","Police issued",67,0,0
2024,"NT","Unknown","26-39","unlicensed_driving","Not applicable",22,15,93
2024,"NT","Unknown","40-64","mobile_phone_use","Police issued",9,0,0
2024,"NT","Unknown","40-64","non_wearing_seatbelts","Police issued",47,3,16
2024,"NT","Unknown","40-64","speed_fines","Fixed camera",550,0,0
2024,"NT","Unknown","40-64","speed_fines","Mobile camera",952,0,0
2024,"NT","Unknown","40-64","speed_fines","Police issued",84,0,0
2024,"NT","Unknown","40-64","unlicensed_driving","Not applicable",13,10,51
2024,"NT","Unknown","65 and over","non_wearing_seatbelts","Police issued",5,0,0
2024,"NT","Unknown","65 and over","speed_fines","Fixed camera",109,0,0
2024,"NT","Unknown","65 and over","speed_fines","Mobile camera",235,0,0
2024,"NT","Unknown","65 and over","speed_fines","Police issued",8,0,0
2024,"QLD","Unknown","12-16","mobile_phone_use","Fixed camera",152,0,0
2024,"QLD","Unknown","12-16","non_wearing_seatbelts","Fixed camera",42,0,0
2024,"QLD","Unknown","12-16","non_wearing_seatbelts","Police issued",1,0,0
2024,"QLD","Unknown","12-16","speed_fines","Fixed camera",587,0,0
2024,"QLD","Unknown","12-16","speed_fines","Mobile camera",744,0,0
2024,"QLD","Unknown","12-16","speed_fines","Police issued",2,0,0
2024,"QLD","Unknown","12-16","unlicensed_driving","Not applicable",47,0,0
2024,"QLD","Unknown","17-25","mobile_phone_use","Fixed camera",756,0,0
2024,"QLD","Unknown","17-25","mobile_phone_use","Police issued",51,0,0
2024,"QLD","Unknown","17-25","non_wearing_seatbelts","Fixed camera",351,0,0
2024,"QLD","Unknown","17-25","non_wearing_seatbelts","Police issued",59,0,0
2024,"QLD","Unknown","17-25","speed_fines","Fixed camera",2593,0,0
2024,"QLD","Unknown","17-25","speed_fines","Mobile camera",4773,0,0
2024,"QLD","Unknown","17-25","speed_fines","Police issued",1808,0,0
2024,"QLD","Unknown","17-25","unlicensed_driving","Not applicable",531,0,0
2024,"QLD","Unknown","26-39","mobile_phone_use","Fixed camera",2275,0,0
2024,"QLD","Unknown","26-39","mobile_phone_use","Police issued",103,0,0
2024,"QLD","Unknown","26-39","non_wearing_seatbelts","Fixed camera",877,0,0
2024,"QLD","Unknown","26-39","non_wearing_seatbelts","Police issued",99,0,0
2024,"QLD","Unknown","26-39","speed_fines","Fixed camera",5803,0,0
2024,"QLD","Unknown","26-39","speed_fines","Mobile camera",9828,0,0
2024,"QLD","Unknown","26-39","speed_fines","Police issued",2718,0,0
2024,"QLD","Unknown","26-39","unlicensed_driving","Not applicable",836,0,0
2024,"QLD","Unknown","40-64","mobile_phone_use","Fixed camera",2422,0,0
2024,"QLD","Unknown","40-64","mobile_phone_use","Police issued",60,0,0
2024,"QLD","Unknown","40-64","non_wearing_seatbelts","Fixed camera",951,0,0
2024,"QLD","Unknown","40-64","non_wearing_seatbelts","Police issued",83,0,0
2024,"QLD","Unknown","40-64","speed_fines","Fixed camera",8328,0,0
2024,"QLD","Unknown","40-64","speed_fines","Mobile camera",13887,0,0
2024,"QLD","Unknown","40-64","speed_fines","Police issued",3113,0,0
2024,"QLD","Unknown","40-64","unlicensed_driving","Not applicable",566,0,0
2024,"QLD","Unknown","65 and over","mobile_phone_use","Fixed camera",308,0,0
2024,"QLD","Unknown","65 and over","mobile_phone_use","Police issued",5,0,0
2024,"QLD","Unknown","65 and over","non_wearing_seatbelts","Fixed camera",238,0,0
2024,"QLD","Unknown","65 and over","non_wearing_seatbelts","Police issued",12,0,0
2024,"QLD","Unknown","65 and over","speed_fines","Fixed camera",2015,0,0
2024,"QLD","Unknown","65 and over","speed_fines","Mobile camera",3548,0,0
2024,"QLD","Unknown","65 and over","speed_fines","Police issued",587,0,0
2024,"QLD","Unknown","65 and over","unlicensed_driving","Not applicable",40,0,0
2024,"SA","Inner Regional Australia","17-25","mobile_phone_use","Police issued",1,0,0
2024,"SA","Inner Regional Australia","17-25","non_wearing_seatbelts","Police issued",7,0,0
2024,"SA","Inner Regional Australia","17-25","speed_fines","Fixed camera",45,0,0
2024,"SA","Inner Regional Australia","17-25","speed_fines","Mobile camera",129,0,0
2024,"SA","Inner Regional Australia","17-25","speed_fines","Police issued",202,1,1
2024,"SA","Inner Regional Australia","26-39","non_wearing_seatbelts","Police issued",6,0,0
2024,"SA","Inner Regional Australia","26-39","speed_fines","Fixed camera",86,0,0
2024,"SA","Inner Regional Australia","26-39","speed_fines","Mobile camera",357,0,0
2024,"SA","Inner Regional Australia","26-39","speed_fines","Police issued",349,0,2
2024,"SA","Inner Regional Australia","40-64","mobile_phone_use","Police issued",1,0,0
2024,"SA","Inner Regional Australia","40-64","non_wearing_seatbelts","Police issued",16,0,0
2024,"SA","Inner Regional Australia","40-64","speed_fines","Fixed camera",87,0,0
2024,"SA","Inner Regional Australia","40-64","speed_fines","Mobile camera",640,0,0
2024,"SA","Inner Regional Australia","40-64","speed_fines","Police issued",515,0,4
2024,"SA","Inner Regional Australia","65 and over","non_wearing_seatbelts","Police issued",5,0,0
2024,"SA","Inner Regional Australia","65 and over","speed_fines","Fixed camera",35,0,0
2024,"SA","Inner Regional Australia","65 and over","speed_fines","Mobile camera",240,0,0
2024,"SA","Inner Regional Australia","65 and over","speed_fines","Police issued",166,0,0
2024,"SA","Inner Regional Australia","65 and over","unlicensed_driving","Not applicable",2,0,0
2024,"SA","Major Cities of Australia","12-16","speed_fines","Fixed camera",1,0,0
2024,"SA","Major Cities of Australia","12-16","speed_fines","Police issued",2,0,0
2024,"SA","Major Cities of Australia","17-25","mobile_phone_use","Police issued",34,0,0
2024,"SA","Major Cities of Australia","17-25","non_wearing_seatbelts","Police issued",15,0,0
2024,"SA","Major Cities of Australia","17-25","speed_fines","Fixed camera",387,0,0
2024,"SA","Major Cities of Australia","17-25","speed_fines","Mobile camera",604,0,0
2024,"SA","Major Cities of Australia","17-25","speed_fines","Police issued",275,4,4
2024,"SA","Major Cities of Australia","26-39","mobile_phone_use","Police issued",55,0,0
2024,"SA","Major Cities of Australia","26-39","non_wearing_seatbelts","Police issued",36,0,0
2024,"SA","Major Cities of Australia","26-39","speed_fines","Fixed camera",982,0,0
2024,"SA","Major Cities of Australia","26-39","speed_fines","Mobile camera",1351,0,0
2024,"SA","Major Cities of Australia","26-39","speed_fines","Police issued",511,3,10
2024,"SA","Major Cities of Australia","40-64","mobile_phone_use","Police issued",48,0,0
2024,"SA","Major Cities of Australia","40-64","non_wearing_seatbelts","Police issued",47,0,0
2024,"SA","Major Cities of Australia","40-64","speed_fines","Fixed camera",1813,0,0
2024,"SA","Major Cities of Australia","40-64","speed_fines","Mobile camera",2057,0,0
2024,"SA","Major Cities of Australia","40-64","speed_fines","Police issued",551,2,8
2024,"SA","Major Cities of Australia","65 and over","mobile_phone_use","Police issued",10,0,0
2024,"SA","Major Cities of Australia","65 and over","non_wearing_seatbelts","Police issued",13,0,0
2024,"SA","Major Cities of Australia","65 and over","speed_fines","Fixed camera",675,0,0
2024,"SA","Major Cities of Australia","65 and over","speed_fines","Mobile camera",580,0,0
2024,"SA","Major Cities of Australia","65 and over","speed_fines","Police issued",139,0,0
2024,"SA","Major Cities of Australia","65 and over","unlicensed_driving","Not applicable",11,0,0
2024,"SA","Outer Regional Australia","12-16","speed_fines","Police issued",1,0,0
2024,"SA","Outer Regional Australia","17-25","mobile_phone_use","Police issued",3,0,0
2024,"SA","Outer Regional Australia","17-25","non_wearing_seatbelts","Police issued",6,0,0
2024,"SA","Outer Regional Australia","17-25","speed_fines","Fixed camera",11,0,0
2024,"SA","Outer Regional Australia","17-25","speed_fines","Mobile camera",16,0,0
2024,"SA","Outer Regional Australia","17-25","speed_fines","Police issued",182,0,3
2024,"SA","Outer Regional Australia","26-39","mobile_phone_use","Police issued",2,0,0
2024,"SA","Outer Regional Australia","26-39","non_wearing_seatbelts","Police issued",14,0,0
2024,"SA","Outer Regional Australia","26-39","speed_fines","Fixed camera",38,0,0
2024,"SA","Outer Regional Australia","26-39","speed_fines","Mobile camera",79,0,0
2024,"SA","Outer Regional Australia","26-39","speed_fines","Police issued",415,0,2
2024,"SA","Outer Regional Australia","40-64","mobile_phone_use","Police issued",2,0,0
2024,"SA","Outer Regional Australia","40-64","non_wearing_seatbelts","Police issued",13,0,0
2024,"SA","Outer Regional Australia","40-64","speed_fines","Fixed camera",58,0,0
2024,"SA","Outer Regional Australia","40-64","speed_fines","Mobile camera",154,0,0
2024,"SA","Outer Regional Australia","40-64","speed_fines","Police issued",500,0,2
2024,"SA","Outer Regional Australia","65 and over","non_wearing_seatbelts","Police issued",4,0,0
2024,"SA","Outer Regional Australia","65 and over","speed_fines","Fixed camera",19,0,0
2024,"SA","Outer Regional Australia","65 and over","speed_fines","Mobile camera",81,0,0
2024,"SA","Outer Regional Australia","65 and over","speed_fines","Police issued",149,0,0
2024,"SA","Outer Regional Australia","65 and over","unlicensed_driving","Not applicable",3,0,0
2024,"SA","Remote Australia","17-25","speed_fines","Police issued",34,0,0
2024,"SA","Remote Australia","26-39","speed_fines","Mobile camera",9,0,0
2024,"SA","Remote Australia","26-39","speed_fines","Police issued",87,1,2
2024,"SA","Remote Australia","40-64","non_wearing_seatbelts","Police issued",3,0,0
2024,"SA","Remote Australia","40-64","speed_fines","Mobile camera",7,0,0
2024,"SA","Remote Australia","40-64","speed_fines","Police issued",104,0,0
2024,"SA","Remote Australia","65 and over","non_wearing_seatbelts","Police issued",1,0,0
2024,"SA","Remote Australia","65 and over","speed_fines","Mobile camera",2,0,0
2024,"SA","Remote Australia","65 and over","speed_fines","Police issued",29,0,0
2024,"SA","Remote Australia","65 and over","unlicensed_driving","Not applicable",1,0,0
2024,"SA","Unknown","12-16","unlicensed_driving","Not applicable",0,4,7
2024,"SA","Unknown","17-25","speed_fines","Police issued",23,0,0
2024,"SA","Unknown","17-25","unlicensed_driving","Not applicable",0,13,46
2024,"SA","Unknown","26-39","non_wearing_seatbelts","Police issued",2,0,0
2024,"SA","Unknown","26-39","speed_fines","Police issued",41,0,0
2024,"SA","Unknown","26-39","unlicensed_driving","Not applicable",0,53,142
2024,"SA","Unknown","40-64","mobile_phone_use","Police issued",1,0,0
2024,"SA","Unknown","40-64","non_wearing_seatbelts","Police issued",3,0,0
2024,"SA","Unknown","40-64","speed_fines","Mobile camera",4,0,0
2024,"SA","Unknown","40-64","speed_fines","Police issued",38,0,0
2024,"SA","Unknown","40-64","unlicensed_driving","Not applicable",0,25,136
2024,"SA","Unknown","65 and over","non_wearing_seatbelts","Police issued",3,0,0
2024,"SA","Unknown","65 and over","speed_fines","Police issued",11,0,0
2024,"SA","Unknown","65 and over","unlicensed_driving","Not applicable",0,0,0
2024,"SA","Very Remote Australia","17-25","non_wearing_seatbelts","Police issued",1,0,0
2024,"SA","Very Remote Australia","17-25","speed_fines","Police issued",28,0,0
2024,"SA","Very Remote Australia","26-39","non_wearing_seatbelts","Police issued",7,0,0
2024,"SA","Very Remote Australia","26-39","speed_fines","Police issued",58,0,0
2024,"SA","Very Remote Australia","40-64","mobile_phone_use","Police issued",2,0,0
2024,"SA","Very Remote Australia","40-64","non_wearing_seatbelts","Police issued",2,0,0
2024,"SA","Very Remote Australia","40-64","speed_fines","Police issued",75,0,0
2024,"SA","Very Remote Australia","65 and over","non_wearing_seatbelts","Police issued",4,0,0
2024,"SA","Very Remote Australia","65 and over","speed_fines","Police issued",12,0,0
2024,"TAS","Unknown","12-16","speed_fines","Police issued",0,0,1
2024,"TAS","Unknown","12-16","unlicensed_driving","Not applicable",0,1,8
2024,"TAS","Unknown","17-25","mobile_phone_use","Fixed or mobile camera",16,0,0
2024,"TAS","Unknown","17-25","mobile_phone_use","Police issued",32,0,1
2024,"TAS","Unknown","17-25","non_wearing_seatbelts","Fixed or mobile camera",47,0,0
2024,"TAS","Unknown","17-25","non_wearing_seatbelts","Police issued",15,0,2
2024,"TAS","Unknown","17-25","speed_fines","Fixed or mobile camera",525,0,0
2024,"TAS","Unknown","17-25","speed_fines","Police issued",348,0,5
2024,"TAS","Unknown","17-25","unlicensed_driving","Not applicable",3,0,21
2024,"TAS","Unknown","26-39","mobile_phone_use","Fixed or mobile camera",48,0,0
2024,"TAS","Unknown","26-39","mobile_phone_use","Police issued",40,0,0
2024,"TAS","Unknown","26-39","non_wearing_seatbelts","Fixed or mobile camera",105,0,0
2024,"TAS","Unknown","26-39","non_wearing_seatbelts","Police issued",23,0,1
2024,"TAS","Unknown","26-39","speed_fines","Fixed or mobile camera",1355,0,0
2024,"TAS","Unknown","26-39","speed_fines","Police issued",486,0,10
2024,"TAS","Unknown","26-39","unlicensed_driving","Not applicable",7,0,36
2024,"TAS","Unknown","40-64","mobile_phone_use","Fixed or mobile camera",54,0,0
2024,"TAS","Unknown","40-64","mobile_phone_use","Police issued",32,0,0
2024,"TAS","Unknown","40-64","non_wearing_seatbelts","Fixed or mobile camera",126,0,0
2024,"TAS","Unknown","40-64","non_wearing_seatbelts","Police issued",21,0,1
2024,"TAS","Unknown","40-64","speed_fines","Fixed or mobile camera",1975,0,0
2024,"TAS","Unknown","40-64","speed_fines","Police issued",559,0,3
2024,"TAS","Unknown","40-64","unlicensed_driving","Not applicable",5,0,27
2024,"TAS","Unknown","65 and over","mobile_phone_use","Fixed or mobile camera",5,0,0
2024,"TAS","Unknown","65 and over","mobile_phone_use","Police issued",1,0,0
2024,"TAS","Unknown","65 and over","non_wearing_seatbelts","Fixed or mobile camera",52,0,0
2024,"TAS","Unknown","65 and over","non_wearing_seatbelts","Police issued",4,0,0
2024,"TAS","Unknown","65 and over","speed_fines","Fixed or mobile camera",792,0,0
2024,"TAS","Unknown","65 and over","speed_fines","Police issued",189,0,0
2024,"VIC","Inner Regional Australia","12-16","mobile_phone_use","Fixed camera",0,0,0
2024,"VIC","Inner Regional Australia","12-16","mobile_phone_use","Mobile camera",0,0,0
2024,"VIC","Inner Regional Australia","12-16","non_wearing_seatbelts","Fixed camera",0,0,0
2024,"VIC","Inner Regional Australia","12-16","non_wearing_seatbelts","Mobile camera",0,0,0
2024,"VIC","Inner Regional Australia","12-16","speed_fines","Fixed camera",0,0,0
2024,"VIC","Inner Regional Australia","12-16","speed_fines","Mobile camera",0,0,0
2024,"VIC","Inner Regional Australia","17-25","mobile_phone_use","Fixed camera",0,0,0
2024,"VIC","Inner Regional Australia","17-25","mobile_phone_use","Mobile camera",65,0,0
2024,"VIC","Inner Regional Australia","17-25","non_wearing_seatbelts","Fixed camera",0,0,0
2024,"VIC","Inner Regional Australia","17-25","non_wearing_seatbelts","Mobile camera",46,0,0
2024,"VIC","Inner Regional Australia","17-25","speed_fines","Fixed camera",123,0,0
2024,"VIC","Inner Regional Australia","17-25","speed_fines","Mobile camera",546,0,0
2024,"VIC","Inner Regional Australia","26-39","mobile_phone_use","Fixed camera",0,0,0
2024,"VIC","Inner Regional Australia","26-39","mobile_phone_use","Mobile camera",237,0,0
2024,"VIC","Inner Regional Australia","26-39","non_wearing_seatbelts","Fixed camera",0,0,0
2024,"VIC","Inner Regional Australia","26-39","non_wearing_seatbelts","Mobile camera",189,0,0
2024,"VIC","Inner Regional Australia","26-39","speed_fines","Fixed camera",473,0,0
2024,"VIC","Inner Regional Australia","26-39","speed_fines","Mobile camera",1838,0,0
2024,"VIC","Inner Regional Australia","40-64","mobile_phone_use","Fixed camera",0,0,0
2024,"VIC","Inner Regional Australia","40-64","mobile_phone_use","Mobile camera",378,0,0
2024,"VIC","Inner Regional Australia","40-64","non_wearing_seatbelts","Fixed camera",0,0,0
2024,"VIC","Inner Regional Australia","40-64","non_wearing_seatbelts","Mobile camera",265,0,0
2024,"VIC","Inner Regional Australia","40-64","speed_fines","Fixed camera",764,0,0
2024,"VIC","Inner Regional Australia","40-64","speed_fines","Mobile camera",2928,0,0
2024,"VIC","Inner Regional Australia","65 and over","mobile_phone_use","Fixed camera",0,0,0
2024,"VIC","Inner Regional Australia","65 and over","mobile_phone_use","Mobile camera",42,0,0
2024,"VIC","Inner Regional Australia","65 and over","non_wearing_seatbelts","Fixed camera",0,0,0
2024,"VIC","Inner Regional Australia","65 and over","non_wearing_seatbelts","Mobile camera",122,0,0
2024,"VIC","Inner Regional Australia","65 and over","speed_fines","Fixed camera",370,0,0
2024,"VIC","Inner Regional Australia","65 and over","speed_fines","Mobile camera",1430,0,0
2024,"VIC","Major Cities of Australia","12-16","mobile_phone_use","Fixed camera",0,0,0
2024,"VIC","Major Cities of Australia","12-16","mobile_phone_use","Mobile camera",0,0,0
2024,"VIC","Major Cities of Australia","12-16","non_wearing_seatbelts","Fixed camera",0,0,0
2024,"VIC","Major Cities of Australia","12-16","non_wearing_seatbelts","Mobile camera",0,0,0
2024,"VIC","Major Cities of Australia","12-16","speed_fines","Fixed camera",0,0,0
2024,"VIC","Major Cities of Australia","12-16","speed_fines","Mobile camera",0,0,0
2024,"VIC","Major Cities of Australia","17-25","mobile_phone_use","Fixed camera",0,0,0
2024,"VIC","Major Cities of Australia","17-25","mobile_phone_use","Mobile camera",215,0,0
2024,"VIC","Major Cities of Australia","17-25","non_wearing_seatbelts","Fixed camera",0,0,0
2024,"VIC","Major Cities of Australia","17-25","non_wearing_seatbelts","Mobile camera",230,0,0
2024,"VIC","Major Cities of Australia","17-25","speed_fines","Fixed camera",2959,0,0
2024,"VIC","Major Cities of Australia","17-25","speed_fines","Mobile camera",2182,0,0
2024,"VIC","Major Cities of Australia","26-39","mobile_phone_use","Fixed camera",0,0,0
2024,"VIC","Major Cities of Australia","26-39","mobile_phone_use","Mobile camera",1104,0,0
2024,"VIC","Major Cities of Australia","26-39","non_wearing_seatbelts","Fixed camera",0,0,0
2024,"VIC","Major Cities of Australia","26-39","non_wearing_seatbelts","Mobile camera",999,0,0
2024,"VIC","Major Cities of Australia","26-39","speed_fines","Fixed camera",10215,0,0
2024,"VIC","Major Cities of Australia","26-39","speed_fines","Mobile camera",8004,0,0
2024,"VIC","Major Cities of Australia","40-64","mobile_phone_use","Fixed camera",0,0,0
2024,"VIC","Major Cities of Australia","40-64","mobile_phone_use","Mobile camera",1401,0,0
2024,"VIC","Major Cities of Australia","40-64","non_wearing_seatbelts","Fixed camera",0,0,0
2024,"VIC","Major Cities of Australia","40-64","non_wearing_seatbelts","Mobile camera",1399,0,0
2024,"VIC","Major Cities of Australia","40-64","speed_fines","Fixed camera",17446,0,0
2024,"VIC","Major Cities of Australia","40-64","speed_fines","Mobile camera",12684,0,0
2024,"VIC","Major Cities of Australia","65 and over","mobile_phone_use","Fixed camera",0,0,0
2024,"VIC","Major Cities of Australia","65 and over","mobile_phone_use","Mobile camera",242,0,0
2024,"VIC","Major Cities of Australia","65 and over","non_wearing_seatbelts","Fixed camera",0,0,0
2024,"VIC","Major Cities of Australia","65 and over","non_wearing_seatbelts","Mobile camera",406,0,0
2024,"VIC","Major Cities of Australia","65 and over","speed_fines","Fixed camera",5231,0,0
2024,"VIC","Major Cities of Australia","65 and over","speed_fines","Mobile camera",3772,0,0
2024,"VIC","Outer Regional Australia","12-16","mobile_phone_use","Fixed camera",0,0,0
2024,"VIC","Outer Regional Australia","12-16","mobile_phone_use","Mobile camera",0,0,0
2024,"VIC","Outer Regional Australia","12-16","non_wearing_seatbelts","Fixed camera",0,0,0
2024,"VIC","Outer Regional Australia","12-16","non_wearing_seatbelts","Mobile camera",0,0,0
2024,"VIC","Outer Regional Australia","12-16","speed_fines","Fixed camera",0,0,0
2024,"VIC","Outer Regional Australia","12-16","speed_fines","Mobile camera",0,0,0
2024,"VIC","Outer Regional Australia","17-25","mobile_phone_use","Fixed camera",0,0,0
2024,"VIC","Outer Regional Australia","17-25","mobile_phone_use","Mobile camera",0,0,0
2024,"VIC","Outer Regional Australia","17-25","non_wearing_seatbelts","Fixed camera",0,0,0
2024,"VIC","Outer Regional Australia","17-25","non_wearing_seatbelts","Mobile camera",0,0,0
2024,"VIC","Outer Regional Australia","17-25","speed_fines","Fixed camera",1,0,0
2024,"VIC","Outer Regional Australia","17-25","speed_fines","Mobile camera",87,0,0
2024,"VIC","Outer Regional Australia","26-39","mobile_phone_use","Fixed camera",0,0,0
2024,"VIC","Outer Regional Australia","26-39","mobile_phone_use","Mobile camera",0,0,0
2024,"VIC","Outer Regional Australia","26-39","non_wearing_seatbelts","Fixed camera",0,0,0
2024,"VIC","Outer Regional Australia","26-39","non_wearing_seatbelts","Mobile camera",0,0,0
2024,"VIC","Outer Regional Australia","26-39","speed_fines","Fixed camera",8,0,0
2024,"VIC","Outer Regional Australia","26-39","speed_fines","Mobile camera",366,0,0
2024,"VIC","Outer Regional Australia","40-64","mobile_phone_use","Fixed camera",0,0,0
2024,"VIC","Outer Regional Australia","40-64","mobile_phone_use","Mobile camera",0,0,0
2024,"VIC","Outer Regional Australia","40-64","non_wearing_seatbelts","Fixed camera",0,0,0
2024,"VIC","Outer Regional Australia","40-64","non_wearing_seatbelts","Mobile camera",0,0,0
2024,"VIC","Outer Regional Australia","40-64","speed_fines","Fixed camera",17,0,0
2024,"VIC","Outer Regional Australia","40-64","speed_fines","Mobile camera",578,0,0
2024,"VIC","Outer Regional Australia","65 and over","mobile_phone_use","Fixed camera",0,0,0
2024,"VIC","Outer Regional Australia","65 and over","mobile_phone_use","Mobile camera",0,0,0
2024,"VIC","Outer Regional Australia","65 and over","non_wearing_seatbelts","Fixed camera",0,0,0
2024,"VIC","Outer Regional Australia","65 and over","non_wearing_seatbelts","Mobile camera",0,0,0
2024,"VIC","Outer Regional Australia","65 and over","speed_fines","Fixed camera",7,0,0
2024,"VIC","Outer Regional Australia","65 and over","speed_fines","Mobile camera",264,0,0
2024,"VIC","Remote Australia","12-16","mobile_phone_use","Fixed camera",0,0,0
2024,"VIC","Remote Australia","12-16","mobile_phone_use","Mobile camera",0,0,0
2024,"VIC","Remote Australia","12-16","non_wearing_seatbelts","Fixed camera",0,0,0
2024,"VIC","Remote Australia","12-16","non_wearing_seatbelts","Mobile camera",0,0,0
2024,"VIC","Remote Australia","12-16","speed_fines","Fixed camera",0,0,0
2024,"VIC","Remote Australia","12-16","speed_fines","Mobile camera",0,0,0
2024,"VIC","Remote Australia","17-25","mobile_phone_use","Fixed camera",0,0,0
2024,"VIC","Remote Australia","17-25","mobile_phone_use","Mobile camera",0,0,0
2024,"VIC","Remote Australia","17-25","non_wearing_seatbelts","Fixed camera",0,0,0
2024,"VIC","Remote Australia","17-25","non_wearing_seatbelts","Mobile camera",0,0,0
2024,"VIC","Remote Australia","17-25","speed_fines","Fixed camera",0,0,0
2024,"VIC","Remote Australia","17-25","speed_fines","Mobile camera",0,0,0
2024,"VIC","Remote Australia","26-39","mobile_phone_use","Fixed camera",0,0,0
2024,"VIC","Remote Australia","26-39","mobile_phone_use","Mobile camera",0,0,0
2024,"VIC","Remote Australia","26-39","non_wearing_seatbelts","Fixed camera",0,0,0
2024,"VIC","Remote Australia","26-39","non_wearing_seatbelts","Mobile camera",0,0,0
2024,"VIC","Remote Australia","26-39","speed_fines","Fixed camera",0,0,0
2024,"VIC","Remote Australia","26-39","speed_fines","Mobile camera",0,0,0
2024,"VIC","Remote Australia","40-64","mobile_phone_use","Fixed camera",0,0,0
2024,"VIC","Remote Australia","40-64","mobile_phone_use","Mobile camera",0,0,0
2024,"VIC","Remote Australia","40-64","non_wearing_seatbelts","Fixed camera",0,0,0
2024,"VIC","Remote Australia","40-64","non_wearing_seatbelts","Mobile camera",0,0,0
2024,"VIC","Remote Australia","40-64","speed_fines","Fixed camera",0,0,0
2024,"VIC","Remote Australia","40-64","speed_fines","Mobile camera",0,0,0
2024,"VIC","Remote Australia","65 and over","mobile_phone_use","Fixed camera",0,0,0
2024,"VIC","Remote Australia","65 and over","mobile_phone_use","Mobile camera",0,0,0
2024,"VIC","Remote Australia","65 and over","non_wearing_seatbelts","Fixed camera",0,0,0
2024,"VIC","Remote Australia","65 and over","non_wearing_seatbelts","Mobile camera",0,0,0
2024,"VIC","Remote Australia","65 and over","speed_fines","Fixed camera",0,0,0
2024,"VIC","Remote Australia","65 and over","speed_fines","Mobile camera",0,0,0
2024,"VIC","Unknown","12-16","mobile_phone_use","Fixed camera",0,0,0
2024,"VIC","Unknown","12-16","mobile_phone_use","Mobile camera",0,0,0
2024,"VIC","Unknown","12-16","non_wearing_seatbelts","Fixed camera",0,0,0
2024,"VIC","Unknown","12-16","non_wearing_seatbelts","Mobile camera",0,0,0
2024,"VIC","Unknown","12-16","speed_fines","Fixed camera",0,0,0
2024,"VIC","Unknown","12-16","speed_fines","Mobile camera",0,0,0
2024,"VIC","Unknown","12-16","speed_fines","Police issued",1,0,0
2024,"VIC","Unknown","12-16","unlicensed_driving","Not applicable",6,0,0
2024,"VIC","Unknown","17-25","mobile_phone_use","Fixed camera",0,0,0
2024,"VIC","Unknown","17-25","mobile_phone_use","Mobile camera",0,0,0
2024,"VIC","Unknown","17-25","mobile_phone_use","Police issued",245,0,0
2024,"VIC","Unknown","17-25","non_wearing_seatbelts","Fixed camera",0,0,0
2024,"VIC","Unknown","17-25","non_wearing_seatbelts","Mobile camera",0,0,0
2024,"VIC","Unknown","17-25","non_wearing_seatbelts","Police issued",79,0,0
2024,"VIC","Unknown","17-25","speed_fines","Fixed camera",311,0,0
2024,"VIC","Unknown","17-25","speed_fines","Mobile camera",0,0,0
2024,"VIC","Unknown","17-25","speed_fines","Police issued",1974,0,0
2024,"VIC","Unknown","17-25","unlicensed_driving","Not applicable",202,0,0
2024,"VIC","Unknown","26-39","mobile_phone_use","Fixed camera",0,0,0
2024,"VIC","Unknown","26-39","mobile_phone_use","Mobile camera",0,0,0
2024,"VIC","Unknown","26-39","mobile_phone_use","Police issued",632,0,0
2024,"VIC","Unknown","26-39","non_wearing_seatbelts","Fixed camera",0,0,0
2024,"VIC","Unknown","26-39","non_wearing_seatbelts","Mobile camera",0,0,0
2024,"VIC","Unknown","26-39","non_wearing_seatbelts","Police issued",157,0,0
2024,"VIC","Unknown","26-39","speed_fines","Fixed camera",812,0,0
2024,"VIC","Unknown","26-39","speed_fines","Mobile camera",0,0,0
2024,"VIC","Unknown","26-39","speed_fines","Police issued",3893,0,0
2024,"VIC","Unknown","26-39","unlicensed_driving","Not applicable",383,0,0
2024,"VIC","Unknown","40-64","mobile_phone_use","Fixed camera",0,0,0
2024,"VIC","Unknown","40-64","mobile_phone_use","Mobile camera",0,0,0
2024,"VIC","Unknown","40-64","mobile_phone_use","Police issued",494,0,0
2024,"VIC","Unknown","40-64","non_wearing_seatbelts","Fixed camera",0,0,0
2024,"VIC","Unknown","40-64","non_wearing_seatbelts","Mobile camera",0,0,0
2024,"VIC","Unknown","40-64","non_wearing_seatbelts","Police issued",138,0,0
2024,"VIC","Unknown","40-64","speed_fines","Fixed camera",1181,0,0
2024,"VIC","Unknown","40-64","speed_fines","Mobile camera",0,0,0
2024,"VIC","Unknown","40-64","speed_fines","Police issued",4629,0,0
2024,"VIC","Unknown","40-64","unlicensed_driving","Not applicable",212,0,0
2024,"VIC","Unknown","65 and over","mobile_phone_use","Fixed camera",0,0,0
2024,"VIC","Unknown","65 and over","mobile_phone_use","Mobile camera",0,0,0
2024,"VIC","Unknown","65 and over","mobile_phone_use","Police issued",60,0,0
2024,"VIC","Unknown","65 and over","non_wearing_seatbelts","Fixed camera",0,0,0
2024,"VIC","Unknown","65 and over","non_wearing_seatbelts","Mobile camera",0,0,0
2024,"VIC","Unknown","65 and over","non_wearing_seatbelts","Police issued",45,0,0
2024,"VIC","Unknown","65 and over","speed_fines","Fixed camera",256,0,0
2024,"VIC","Unknown","65 and over","speed_fines","Mobile camera",0,0,0
2024,"VIC","Unknown","65 and over","speed_fines","Police issued",1112,0,0
2024,"VIC","Unknown","65 and over","unlicensed_driving","Not applicable",24,0,0
2024,"WA","Unknown","12-16","speed_fines","Average speed camera",1,0,0
2024,"WA","Unknown","12-16","speed_fines","Fixed camera",5,0,0
2024,"WA","Unknown","12-16","speed_fines","Mobile camera",15,0,0
2024,"WA","Unknown","12-16","speed_fines","Police issued",1,0,0
2024,"WA","Unknown","12-16","speed_fines","Red light camera",5,0,0
2024,"WA","Unknown","12-16","unlicensed_driving","Not applicable",0,10,36
2024,"WA","Unknown","17-25","mobile_phone_use","Police issued",69,0,0
2024,"WA","Unknown","17-25","non_wearing_seatbelts","Police issued",33,0,0
2024,"WA","Unknown","17-25","speed_fines","Average speed camera",197,0,0
2024,"WA","Unknown","17-25","speed_fines","Fixed camera",1003,0,0
2024,"WA","Unknown","17-25","speed_fines","Mobile camera",4262,0,0
2024,"WA","Unknown","17-25","speed_fines","Police issued",934,0,0
2024,"WA","Unknown","17-25","speed_fines","Red light camera",707,0,0
2024,"WA","Unknown","17-25","unlicensed_driving","Not applicable",33,26,301
2024,"WA","Unknown","26-39","mobile_phone_use","Police issued",147,0,0
2024,"WA","Unknown","26-39","non_wearing_seatbelts","Police issued",86,0,0
2024,"WA","Unknown","26-39","speed_fines","Average speed camera",554,0,0
2024,"WA","Unknown","26-39","speed_fines","Fixed camera",3170,0,0
2024,"WA","Unknown","26-39","speed_fines","Mobile camera",10349,0,0
2024,"WA","Unknown","26-39","speed_fines","Police issued",1868,0,0
2024,"WA","Unknown","26-39","speed_fines","Red light camera",2433,0,0
2024,"WA","Unknown","26-39","unlicensed_driving","Not applicable",84,89,594
2024,"WA","Unknown","40-64","mobile_phone_use","Police issued",101,0,0
2024,"WA","Unknown","40-64","non_wearing_seatbelts","Police issued",42,0,0
2024,"WA","Unknown","40-64","speed_fines","Average speed camera",576,0,0
2024,"WA","Unknown","40-64","speed_fines","Fixed camera",4621,0,0
2024,"WA","Unknown","40-64","speed_fines","Mobile camera",14620,0,0
2024,"WA","Unknown","40-64","speed_fines","Police issued",2100,0,0
2024,"WA","Unknown","40-64","speed_fines","Red light camera",5230,0,0
2024,"WA","Unknown","40-64","unlicensed_driving","Not applicable",58,41,377
2024,"WA","Unknown","65 and over","mobile_phone_use","Police issued",19,0,0
2024,"WA","Unknown","65 and over","non_wearing_seatbelts","Police issued",12,0,0
2024,"WA","Unknown","65 and over","speed_fines","Average speed camera",100,0,0
2024,"WA","Unknown","65 and over","speed_fines","Fixed camera",1219,0,0
2024,"WA","Unknown","65 and over","speed_fines","Mobile camera",3488,0,0
2024,"WA","Unknown","65 and over","speed_fines","Police issued",444,0,0
2024,"WA","Unknown","65 and over","speed_fines","Red light camera",1726,0,0
2024,"WA","Unknown","65 and over","unlicensed_driving","Not applicable",6,1,11
2024,"ACT","Major Cities of Australia","12-16","mobile_phone_use","Fixed or mobile camera",1,0,0
2024,"ACT","Major Cities of Australia","12-16","speed_fines","Fixed camera",2,0,0
2024,"ACT","Major Cities of Australia","12-16","speed_fines","Mobile camera",1,0,0
2024,"ACT","Major Cities of Australia","12-16","speed_fines","Police issued",3,1,1
2024,"ACT","Major Cities of Australia","12-16","unlicensed_driving","Not applicable",0,3,3
2024,"ACT","Major Cities of Australia","17-25","mobile_phone_use","Fixed or mobile camera",406,0,0
2024,"ACT","Major Cities of Australia","17-25","mobile_phone_use","Police issued",5,0,0
2024,"ACT","Major Cities of Australia","17-25","non_wearing_seatbelts","Police issued",1,0,0
2024,"ACT","Major Cities of Australia","17-25","speed_fines","Fixed camera",466,0,0
2024,"ACT","Major Cities of Australia","17-25","speed_fines","Mobile camera",296,0,0
2024,"ACT","Major Cities of Australia","17-25","speed_fines","Police issued",92,0,3
2024,"ACT","Major Cities of Australia","17-25","unlicensed_driving","Not applicable",8,5,9
2024,"ACT","Major Cities of Australia","26-39","mobile_phone_use","Fixed or mobile camera",1221,0,0
2024,"ACT","Major Cities of Australia","26-39","mobile_phone_use","Police issued",5,0,0
2024,"ACT","Major Cities of Australia","26-39","non_wearing_seatbelts","Police issued",1,0,1
2024,"ACT","Major Cities of Australia","26-39","speed_fines","Fixed camera",930,0,0
2024,"ACT","Major Cities of Australia","26-39","speed_fines","Mobile camera",656,0,0
2024,"ACT","Major Cities of Australia","26-39","speed_fines","Police issued",109,0,4
2024,"ACT","Major Cities of Australia","26-39","unlicensed_driving","Not applicable",9,10,33
2024,"ACT","Major Cities of Australia","40-64","mobile_phone_use","Fixed or mobile camera",1212,0,0
2024,"ACT","Major Cities of Australia","40-64","mobile_phone_use","Police issued",4,0,1
2024,"ACT","Major Cities of Australia","40-64","speed_fines","Fixed camera",1619,0,0
2024,"ACT","Major Cities of Australia","40-64","speed_fines","Mobile camera",865,0,0
2024,"ACT","Major Cities of Australia","40-64","speed_fines","Police issued",81,0,1
2024,"ACT","Major Cities of Australia","40-64","unlicensed_driving","Not applicable",5,4,8
2024,"ACT","Major Cities of Australia","65 and over","mobile_phone_use","Fixed or mobile camera",119,0,0
2024,"ACT","Major Cities of Australia","65 and over","speed_fines","Fixed camera",470,0,0
2024,"ACT","Major Cities of Australia","65 and over","speed_fines","Mobile camera",280,0,0
2024,"ACT","Major Cities of Australia","65 and over","speed_fines","Police issued",4,0,0
2024,"NSW","Inner Regional Australia","12-16","non_wearing_seatbelts","Police issued",1,0,0
2024,"NSW","Inner Regional Australia","12-16","speed_fines","Police issued",3,0,2
2024,"NSW","Inner Regional Australia","12-16","unlicensed_driving","Not applicable",2,0,17
2024,"NSW","Inner Regional Australia","17-25","mobile_phone_use","Police issued",38,0,1
2024,"NSW","Inner Regional Australia","17-25","non_wearing_seatbelts","Police issued",40,0,3
2024,"NSW","Inner Regional Australia","17-25","speed_fines","Police issued",1299,0,21
2024,"NSW","Inner Regional Australia","17-25","unlicensed_driving","Not applicable",26,0,131
2024,"NSW","Inner Regional Australia","26-39","mobile_phone_use","Police issued",40,0,0
2024,"NSW","Inner Regional Australia","26-39","non_wearing_seatbelts","Police issued",105,0,3
2024,"NSW","Inner Regional Australia","26-39","speed_fines","Police issued",1937,0,9
2024,"NSW","Inner Regional Australia","26-39","unlicensed_driving","Not applicable",63,0,274
2024,"NSW","Inner Regional Australia","40-64","mobile_phone_use","Police issued",31,0,1
2024,"NSW","Inner Regional Australia","40-64","non_wearing_seatbelts","Police issued",60,0,0
2024,"NSW","Inner Regional Australia","40-64","speed_fines","Police issued",2096,0,8
2024,"NSW","Inner Regional Australia","40-64","unlicensed_driving","Not applicable",43,0,161
2024,"NSW","Inner Regional Australia","65 and over","mobile_phone_use","Police issued",7,0,0
2024,"NSW","Inner Regional Australia","65 and over","non_wearing_seatbelts","Police issued",8,0,0
2024,"NSW","Inner Regional Australia","65 and over","speed_fines","Police issued",527,0,0
2024,"NSW","Inner Regional Australia","65 and over","unlicensed_driving","Not applicable",3,0,14
2024,"NSW","Major Cities of Australia","12-16","mobile_phone_use","Police issued",1,0,0
2024,"NSW","Major Cities of Australia","12-16","non_wearing_seatbelts","Police issued",1,0,0
2024,"NSW","Major Cities of Australia","12-16","speed_fines","Police issued",5,0,0
2024,"NSW","Major Cities of Australia","12-16","unlicensed_driving","Not applicable",1,0,18
2024,"NSW","Major Cities of Australia","17-25","mobile_phone_use","Police issued",376,0,9
2024,"NSW","Major Cities of Australia","17-25","non_wearing_seatbelts","Police issued",72,0,1
2024,"NSW","Major Cities of Australia","17-25","speed_fines","Police issued",1744,0,39
2024,"NSW","Major Cities of Australia","17-25","unlicensed_driving","Not applicable",155,0,427
2024,"NSW","Major Cities of Australia","26-39","mobile_phone_use","Police issued",376,0,6
2024,"NSW","Major Cities of Australia","26-39","non_wearing_seatbelts","Police issued",148,0,1
2024,"NSW","Major Cities of Australia","26-39","speed_fines","Police issued",1995,0,14
2024,"NSW","Major Cities of Australia","26-39","unlicensed_driving","Not applicable",188,0,633
2024,"NSW","Major Cities of Australia","40-64","mobile_phone_use","Police issued",241,0,0
2024,"NSW","Major Cities of Australia","40-64","non_wearing_seatbelts","Police issued",93,0,2
2024,"NSW","Major Cities of Australia","40-64","speed_fines","Police issued",1718,0,11
2024,"NSW","Major Cities of Australia","40-64","unlicensed_driving","Not applicable",93,0,398
2024,"NSW","Major Cities of Australia","65 and over","mobile_phone_use","Police issued",33,0,0
2024,"NSW","Major Cities of Australia","65 and over","non_wearing_seatbelts","Police issued",11,0,0
2024,"NSW","Major Cities of Australia","65 and over","speed_fines","Police issued",263,0,0
2024,"NSW","Major Cities of Australia","65 and over","unlicensed_driving","Not applicable",6,0,25
2024,"NSW","Outer Regional Australia","12-16","mobile_phone_use","Police issued",1,0,0
2024,"NSW","Outer Regional Australia","12-16","non_wearing_seatbelts","Police issued",1,0,0
2024,"NSW","Outer Regional Australia","12-16","speed_fines","Police issued",2,0,0
2024,"NSW","Outer Regional Australia","12-16","unlicensed_driving","Not applicable",1,0,7
2024,"NSW","Outer Regional Australia","17-25","mobile_phone_use","Police issued",4,0,0
2024,"NSW","Outer Regional Australia","17-25","non_wearing_seatbelts","Police issued",21,0,1
2024,"NSW","Outer Regional Australia","17-25","speed_fines","Police issued",362,0,2
2024,"NSW","Outer Regional Australia","17-25","unlicensed_driving","Not applicable",4,0,43
2024,"NSW","Outer Regional Australia","26-39","mobile_phone_use","Police issued",13,0,0
2024,"NSW","Outer Regional Australia","26-39","non_wearing_seatbelts","Police issued",40,0,1
2024,"NSW","Outer Regional Australia","26-39","speed_fines","Police issued",623,0,3
2024,"NSW","Outer Regional Australia","26-39","unlicensed_driving","Not applicable",18,0,65
2024,"NSW","Outer Regional Australia","40-64","mobile_phone_use","Police issued",5,0,0
2024,"NSW","Outer Regional Australia","40-64","non_wearing_seatbelts","Police issued",34,0,0
2024,"NSW","Outer Regional Australia","40-64","speed_fines","Police issued",753,0,1
2024,"NSW","Outer Regional Australia","40-64","unlicensed_driving","Not applicable",13,0,47
2024,"NSW","Outer Regional Australia","65 and over","mobile_phone_use","Police issued",1,0,0
2024,"NSW","Outer Regional Australia","65 and over","non_wearing_seatbelts","Police issued",2,0,0
2024,"NSW","Outer Regional Australia","65 and over","speed_fines","Police issued",229,0,0
2024,"NSW","Outer Regional Australia","65 and over","unlicensed_driving","Not applicable",0,0,1
2024,"NSW","Remote Australia","12-16","unlicensed_driving","Not applicable",0,0,1
2024,"NSW","Remote Australia","17-25","mobile_phone_use","Police issued",1,0,0
2024,"NSW","Remote Australia","17-25","non_wearing_seatbelts","Police issued",1,0,0
2024,"NSW","Remote Australia","17-25","speed_fines","Police issued",31,0,0
2024,"NSW","Remote Australia","17-25","unlicensed_driving","Not applicable",0,0,11
2024,"NSW","Remote Australia","26-39","non_wearing_seatbelts","Police issued",1,0,1
2024,"NSW","Remote Australia","26-39","speed_fines","Police issued",57,0,0
2024,"NSW","Remote Australia","26-39","unlicensed_driving","Not applicable",1,0,15
2024,"NSW","Remote Australia","40-64","non_wearing_seatbelts","Police issued",1,0,0
2024,"NSW","Remote Australia","40-64","speed_fines","Police issued",80,0,0
2024,"NSW","Remote Australia","40-64","unlicensed_driving","Not applicable",1,0,6
2024,"NSW","Remote Australia","65 and over","speed_fines","Police issued",30,0,0
2024,"NSW","Remote Australia","65 and over","unlicensed_driving","Not applicable",0,0,1
2024,"NSW","Unknown","12-16","unlicensed_driving","Not applicable",0,0,3
2024,"NSW","Unknown","17-25","mobile_phone_use","Police issued",18,0,0
2024,"NSW","Unknown","17-25","non_wearing_seatbelts","Police issued",8,0,1
2024,"NSW","Unknown","17-25","speed_fines","Police issued",101,0,2
2024,"NSW","Unknown","17-25","unlicensed_driving","Not applicable",2,0,33
2024,"NSW","Unknown","26-39","mobile_phone_use","Police issued",12,0,0
2024,"NSW","Unknown","26-39","non_wearing_seatbelts","Police issued",7,0,0
2024,"NSW","Unknown","26-39","speed_fines","Police issued",107,0,1
2024,"NSW","Unknown","26-39","unlicensed_driving","Not applicable",11,0,44
2024,"NSW","Unknown","40-64","mobile_phone_use","Police issued",11,0,0
2024,"NSW","Unknown","40-64","non_wearing_seatbelts","Police issued",11,0,0
2024,"NSW","Unknown","40-64","speed_fines","Police issued",100,0,0
2024,"NSW","Unknown","40-64","unlicensed_driving","Not applicable",7,0,30
2024,"NSW","Unknown","65 and over","mobile_phone_use","Police issued",1,0,0
2024,"NSW","Unknown","65 and over","non_wearing_seatbelts","Police issued",1,0,0
2024,"NSW","Unknown","65 and over","speed_fines","Police issued",36,0,0
2024,"NSW","Unknown","65 and over","unlicensed_driving","Not applicable",1,0,3
2024,"NSW","Very Remote Australia","17-25","non_wearing_seatbelts","Police issued",1,0,0
2024,"NSW","Very Remote Australia","17-25","speed_fines","Police issued",3,0,0
2024,"NSW","Very Remote Australia","17-25","unlicensed_driving","Not applicable",0,0,3
2024,"NSW","Very Remote Australia","26-39","non_wearing_seatbelts","Police issued",2,0,0
2024,"NSW","Very Remote Australia","26-39","speed_fines","Police issued",7,0,0
2024,"NSW","Very Remote Australia","26-39","unlicensed_driving","Not applicable",0,0,7
2024,"NSW","Very Remote Australia","40-64","speed_fines","Police issued",4,0,0
2024,"NSW","Very Remote Australia","40-64","unlicensed_driving","Not applicable",0,0,1
2024,"NSW","Very Remote Australia","65 and over","speed_fines","Police issued",5,0,0
2024,"NT","Unknown","12-16","speed_fines","Mobile camera",3,0,0
2024,"NT","Unknown","12-16","speed_fines","Police issued",3,0,0
2024,"NT","Unknown","12-16","unlicensed_driving","Not applicable",0,10,23
2024,"NT","Unknown","17-25","mobile_phone_use","Police issued",4,0,0
2024,"NT","Unknown","17-25","non_wearing_seatbelts","Police issued",18,4,22
2024,"NT","Unknown","17-25","speed_fines","Fixed camera",101,0,0
2024,"NT","Unknown","17-25","speed_fines","Mobile camera",250,0,0
2024,"NT","Unknown","17-25","speed_fines","Police issued",63,0,0
2024,"NT","Unknown","17-25","unlicensed_driving","Not applicable",16,15,62
2024,"NT","Unknown","26-39","mobile_phone_use","Police issued",12,0,0
2024,"NT","Unknown","26-39","non_wearing_seatbelts","Police issued",32,0,38
2024,"NT","Unknown","26-39","speed_fines","Fixed camera",273,0,0
2024,"NT","Unknown","26-39","speed_fines","Mobile camera",571,0,0
2024,"NT","Unknown","26-39","speed_fines","Police issued",88,0,0
2024,"NT","Unknown","26-39","unlicensed_driving","Not applicable",21,18,86
2024,"NT","Unknown","40-64","mobile_phone_use","Police issued",4,0,1
2024,"NT","Unknown","40-64","non_wearing_seatbelts","Police issued",25,2,24
2024,"NT","Unknown","40-64","speed_fines","Fixed camera",458,0,0
2024,"NT","Unknown","40-64","speed_fines","Mobile camera",658,0,0
2024,"NT","Unknown","40-64","speed_fines","Police issued",94,0,0
2024,"NT","Unknown","40-64","unlicensed_driving","Not applicable",9,9,56
2024,"NT","Unknown","65 and over","mobile_phone_use","Police issued",3,0,0
2024,"NT","Unknown","65 and over","non_wearing_seatbelts","Police issued",3,0,0
2024,"NT","Unknown","65 and over","speed_fines","Fixed camera",84,0,0
2024,"NT","Unknown","65 and over","speed_fines","Mobile camera",183,0,0
2024,"NT","Unknown","65 and over","speed_fines","Police issued",28,0,0
2024,"NT","Unknown","65 and over","unlicensed_driving","Not applicable",0,0,1
2024,"QLD","Unknown","12-16","mobile_phone_use","Fixed camera",144,0,0
2024,"QLD","Unknown","12-16","non_wearing_seatbelts","Fixed camera",42,0,0
2024,"QLD","Unknown","12-16","speed_fines","Fixed camera",604,0,0
2024,"QLD","Unknown","12-16","speed_fines","Mobile camera",873,0,0
2024,"QLD","Unknown","12-16","speed_fines","Police issued",5,0,0
2024,"QLD","Unknown","12-16","unlicensed_driving","Not applicable",48,0,0
2024,"QLD","Unknown","17-25","mobile_phone_use","Fixed camera",768,0,0
2024,"QLD","Unknown","17-25","mobile_phone_use","Police issued",64,0,0
2024,"QLD","Unknown","17-25","non_wearing_seatbelts","Fixed camera",307,0,0
2024,"QLD","Unknown","17-25","non_wearing_seatbelts","Police issued",47,0,0
2024,"QLD","Unknown","17-25","speed_fines","Fixed camera",2641,0,0
2024,"QLD","Unknown","17-25","speed_fines","Mobile camera",5361,0,0
2024,"QLD","Unknown","17-25","speed_fines","Police issued",2040,0,0
2024,"QLD","Unknown","17-25","unlicensed_driving","Not applicable",649,0,0
2024,"QLD","Unknown","26-39","mobile_phone_use","Fixed camera",2270,0,0
2024,"QLD","Unknown","26-39","mobile_phone_use","Police issued",111,0,0
2024,"QLD","Unknown","26-39","non_wearing_seatbelts","Fixed camera",831,0,0
2024,"QLD","Unknown","26-39","non_wearing_seatbelts","Police issued",101,0,0
2024,"QLD","Unknown","26-39","speed_fines","Fixed camera",6087,0,0
2024,"QLD","Unknown","26-39","speed_fines","Mobile camera",10555,0,0
2024,"QLD","Unknown","26-39","speed_fines","Police issued",3152,0,0
2024,"QLD","Unknown","26-39","unlicensed_driving","Not applicable",975,0,0
2024,"QLD","Unknown","40-64","mobile_phone_use","Fixed camera",2410,0,0
2024,"QLD","Unknown","40-64","mobile_phone_use","Police issued",80,0,0
2024,"QLD","Unknown","40-64","non_wearing_seatbelts","Fixed camera",832,0,0
2024,"QLD","Unknown","40-64","non_wearing_seatbelts","Police issued",76,0,0
2024,"QLD","Unknown","40-64","speed_fines","Fixed camera",8891,0,0
2024,"QLD","Unknown","40-64","speed_fines","Mobile camera",15686,0,0
2024,"QLD","Unknown","40-64","speed_fines","Police issued",3405,0,0
2024,"QLD","Unknown","40-64","unlicensed_driving","Not applicable",628,0,0
2024,"QLD","Unknown","65 and over","mobile_phone_use","Fixed camera",290,0,0
2024,"QLD","Unknown","65 and over","mobile_phone_use","Police issued",10,0,0
2024,"QLD","Unknown","65 and over","non_wearing_seatbelts","Fixed camera",221,0,0
2024,"QLD","Unknown","65 and over","non_wearing_seatbelts","Police issued",15,0,0
2024,"QLD","Unknown","65 and over","speed_fines","Fixed camera",2317,0,0
2024,"QLD","Unknown","65 and over","speed_fines","Mobile camera",4101,0,0
2024,"QLD","Unknown","65 and over","speed_fines","Police issued",655,0,0
2024,"QLD","Unknown","65 and over","unlicensed_driving","Not applicable",30,0,0
2024,"SA","Inner Regional Australia","17-25","mobile_phone_use","Police issued",1,0,0
2024,"SA","Inner Regional Australia","17-25","non_wearing_seatbelts","Police issued",5,0,0
2024,"SA","Inner Regional Australia","17-25","speed_fines","Fixed camera",29,0,0
2024,"SA","Inner Regional Australia","17-25","speed_fines","Mobile camera",90,0,0
2024,"SA","Inner Regional Australia","17-25","speed_fines","Police issued",174,0,3
2024,"SA","Inner Regional Australia","26-39","non_wearing_seatbelts","Police issued",6,0,0
2024,"SA","Inner Regional Australia","26-39","speed_fines","Fixed camera",70,0,0
2024,"SA","Inner Regional Australia","26-39","speed_fines","Mobile camera",288,0,0
2024,"SA","Inner Regional Australia","26-39","speed_fines","Police issued",330,0,1
2024,"SA","Inner Regional Australia","40-64","mobile_phone_use","Police issued",1,0,0
2024,"SA","Inner Regional Australia","40-64","non_wearing_seatbelts","Police issued",11,0,0
2024,"SA","Inner Regional Australia","40-64","speed_fines","Fixed camera",84,0,0
2024,"SA","Inner Regional Australia","40-64","speed_fines","Mobile camera",570,0,0
2024,"SA","Inner Regional Australia","40-64","speed_fines","Police issued",459,1,2
2024,"SA","Inner Regional Australia","65 and over","mobile_phone_use","Police issued",2,0,0
2024,"SA","Inner Regional Australia","65 and over","non_wearing_seatbelts","Police issued",2,0,0
2024,"SA","Inner Regional Australia","65 and over","speed_fines","Fixed camera",17,0,0
2024,"SA","Inner Regional Australia","65 and over","speed_fines","Mobile camera",300,0,0
2024,"SA","Inner Regional Australia","65 and over","speed_fines","Police issued",144,0,1
2024,"SA","Inner Regional Australia","65 and over","unlicensed_driving","Not applicable",1,0,0
2024,"SA","Major Cities of Australia","12-16","non_wearing_seatbelts","Police issued",2,0,0
2024,"SA","Major Cities of Australia","12-16","speed_fines","Fixed camera",1,0,0
2024,"SA","Major Cities of Australia","17-25","mobile_phone_use","Police issued",40,0,0
2024,"SA","Major Cities of Australia","17-25","non_wearing_seatbelts","Police issued",14,0,0
2024,"SA","Major Cities of Australia","17-25","speed_fines","Fixed camera",334,0,0
2024,"SA","Major Cities of Australia","17-25","speed_fines","Mobile camera",548,0,0
2024,"SA","Major Cities of Australia","17-25","speed_fines","Police issued",360,0,6
2024,"SA","Major Cities of Australia","26-39","mobile_phone_use","Police issued",46,0,0
2024,"SA","Major Cities of Australia","26-39","non_wearing_seatbelts","Police issued",34,0,0
2024,"SA","Major Cities of Australia","26-39","speed_fines","Fixed camera",811,0,0
2024,"SA","Major Cities of Australia","26-39","speed_fines","Mobile camera",1420,0,0
2024,"SA","Major Cities of Australia","26-39","speed_fines","Police issued",500,2,7
2024,"SA","Major Cities of Australia","40-64","mobile_phone_use","Police issued",31,0,0
2024,"SA","Major Cities of Australia","40-64","non_wearing_seatbelts","Police issued",31,0,0
2024,"SA","Major Cities of Australia","40-64","speed_fines","Fixed camera",1518,0,0
2024,"SA","Major Cities of Australia","40-64","speed_fines","Mobile camera",2212,0,0
2024,"SA","Major Cities of Australia","40-64","speed_fines","Police issued",586,2,4
2024,"SA","Major Cities of Australia","65 and over","mobile_phone_use","Police issued",8,0,0
2024,"SA","Major Cities of Australia","65 and over","non_wearing_seatbelts","Police issued",12,0,0
2024,"SA","Major Cities of Australia","65 and over","speed_fines","Fixed camera",529,0,0
2024,"SA","Major Cities of Australia","65 and over","speed_fines","Mobile camera",687,0,0
2024,"SA","Major Cities of Australia","65 and over","speed_fines","Police issued",146,0,1
2024,"SA","Major Cities of Australia","65 and over","unlicensed_driving","Not applicable",7,0,0
2024,"SA","Outer Regional Australia","12-16","non_wearing_seatbelts","Police issued",1,0,0
2024,"SA","Outer Regional Australia","12-16","speed_fines","Police issued",0,0,1
2024,"SA","Outer Regional Australia","17-25","non_wearing_seatbelts","Police issued",9,0,0
2024,"SA","Outer Regional Australia","17-25","speed_fines","Fixed camera",8,0,0
2024,"SA","Outer Regional Australia","17-25","speed_fines","Mobile camera",32,0,0
2024,"SA","Outer Regional Australia","17-25","speed_fines","Police issued",167,0,1
2024,"SA","Outer Regional Australia","26-39","non_wearing_seatbelts","Police issued",13,0,0
2024,"SA","Outer Regional Australia","26-39","speed_fines","Fixed camera",31,0,0
2024,"SA","Outer Regional Australia","26-39","speed_fines","Mobile camera",63,0,0
2024,"SA","Outer Regional Australia","26-39","speed_fines","Police issued",322,0,2
2024,"SA","Outer Regional Australia","40-64","mobile_phone_use","Police issued",2,0,0
2024,"SA","Outer Regional Australia","40-64","non_wearing_seatbelts","Police issued",18,0,0
2024,"SA","Outer Regional Australia","40-64","speed_fines","Fixed camera",39,0,0
2024,"SA","Outer Regional Australia","40-64","speed_fines","Mobile camera",149,0,0
2024,"SA","Outer Regional Australia","40-64","speed_fines","Police issued",490,3,2
2024,"SA","Outer Regional Australia","65 and over","non_wearing_seatbelts","Police issued",14,0,0
2024,"SA","Outer Regional Australia","65 and over","speed_fines","Fixed camera",20,0,0
2024,"SA","Outer Regional Australia","65 and over","speed_fines","Mobile camera",66,0,0
2024,"SA","Outer Regional Australia","65 and over","speed_fines","Police issued",174,0,0
2024,"SA","Outer Regional Australia","65 and over","unlicensed_driving","Not applicable",3,0,0
2024,"SA","Remote Australia","12-16","speed_fines","Police issued",1,0,0
2024,"SA","Remote Australia","17-25","speed_fines","Mobile camera",1,0,0
2024,"SA","Remote Australia","17-25","speed_fines","Police issued",32,0,0
2024,"SA","Remote Australia","26-39","mobile_phone_use","Police issued",1,0,0
2024,"SA","Remote Australia","26-39","speed_fines","Mobile camera",3,0,0
2024,"SA","Remote Australia","26-39","speed_fines","Police issued",66,0,0
2024,"SA","Remote Australia","40-64","non_wearing_seatbelts","Police issued",2,0,0
2024,"SA","Remote Australia","40-64","speed_fines","Mobile camera",2,0,0
2024,"SA","Remote Australia","40-64","speed_fines","Police issued",78,0,1
2024,"SA","Remote Australia","65 and over","speed_fines","Police issued",22,0,0
2024,"SA","Remote Australia","65 and over","unlicensed_driving","Not applicable",0,0,0
2024,"SA","Unknown","12-16","unlicensed_driving","Not applicable",0,4,2
2024,"SA","Unknown","17-25","mobile_phone_use","Police issued",1,0,0
2024,"SA","Unknown","17-25","speed_fines","Police issued",26,0,0
2024,"SA","Unknown","17-25","unlicensed_driving","Not applicable",0,22,56
2024,"SA","Unknown","26-39","mobile_phone_use","Police issued",1,0,0
2024,"SA","Unknown","26-39","non_wearing_seatbelts","Police issued",1,0,0
2024,"SA","Unknown","26-39","speed_fines","Mobile camera",3,0,0
2024,"SA","Unknown","26-39","speed_fines","Police issued",46,0,0
2024,"SA","Unknown","26-39","unlicensed_driving","Not applicable",0,49,141
2024,"SA","Unknown","40-64","mobile_phone_use","Police issued",3,0,0
2024,"SA","Unknown","40-64","non_wearing_seatbelts","Police issued",2,0,0
2024,"SA","Unknown","40-64","speed_fines","Mobile camera",5,0,0
2024,"SA","Unknown","40-64","speed_fines","Police issued",56,0,0
2024,"SA","Unknown","40-64","unlicensed_driving","Not applicable",0,38,151
2024,"SA","Unknown","65 and over","non_wearing_seatbelts","Police issued",1,0,0
2024,"SA","Unknown","65 and over","speed_fines","Mobile camera",5,0,0
2024,"SA","Unknown","65 and over","speed_fines","Police issued",20,0,0
2024,"SA","Unknown","65 and over","unlicensed_driving","Not applicable",0,4,7
2024,"SA","Very Remote Australia","17-25","mobile_phone_use","Police issued",1,0,0
2024,"SA","Very Remote Australia","17-25","non_wearing_seatbelts","Police issued",1,0,0
2024,"SA","Very Remote Australia","17-25","speed_fines","Police issued",26,0,0
2024,"SA","Very Remote Australia","26-39","mobile_phone_use","Police issued",1,0,0
2024,"SA","Very Remote Australia","26-39","non_wearing_seatbelts","Police issued",6,0,0
2024,"SA","Very Remote Australia","26-39","speed_fines","Police issued",54,0,0
2024,"SA","Very Remote Australia","40-64","mobile_phone_use","Police issued",2,0,0
2024,"SA","Very Remote Australia","40-64","non_wearing_seatbelts","Police issued",5,0,0
2024,"SA","Very Remote Australia","40-64","speed_fines","Police issued",87,0,0
2024,"SA","Very Remote Australia","65 and over","non_wearing_seatbelts","Police issued",2,0,0
2024,"SA","Very Remote Australia","65 and over","speed_fines","Police issued",22,0,0
2024,"TAS","Unknown","12-16","non_wearing_seatbelts","Fixed or mobile camera",1,0,0
2024,"TAS","Unknown","12-16","speed_fines","Fixed or mobile camera",1,0,0
2024,"TAS","Unknown","12-16","unlicensed_driving","Not applicable",0,1,5
2024,"TAS","Unknown","17-25","mobile_phone_use","Fixed or mobile camera",9,0,0
2024,"TAS","Unknown","17-25","mobile_phone_use","Police issued",16,0,0
2024,"TAS","Unknown","17-25","non_wearing_seatbelts","Fixed or mobile camera",21,0,0
2024,"TAS","Unknown","17-25","non_wearing_seatbelts","Police issued",9,0,2
2024,"TAS","Unknown","17-25","speed_fines","Fixed or mobile camera",589,0,0
2024,"TAS","Unknown","17-25","speed_fines","Police issued",291,0,15
2024,"TAS","Unknown","17-25","unlicensed_driving","Not applicable",6,0,36
2024,"TAS","Unknown","26-39","mobile_phone_use","Fixed or mobile camera",25,0,0
2024,"TAS","Unknown","26-39","mobile_phone_use","Police issued",37,0,2
2024,"TAS","Unknown","26-39","non_wearing_seatbelts","Fixed or mobile camera",105,0,0
2024,"TAS","Unknown","26-39","non_wearing_seatbelts","Police issued",16,0,4
2024,"TAS","Unknown","26-39","speed_fines","Fixed or mobile camera",1490,0,0
2024,"TAS","Unknown","26-39","speed_fines","Police issued",409,0,22
2024,"TAS","Unknown","26-39","unlicensed_driving","Not applicable",9,0,76
2024,"TAS","Unknown","40-64","mobile_phone_use","Fixed or mobile camera",29,0,0
2024,"TAS","Unknown","40-64","mobile_phone_use","Police issued",23,0,1
2024,"TAS","Unknown","40-64","non_wearing_seatbelts","Fixed or mobile camera",93,0,0
2024,"TAS","Unknown","40-64","non_wearing_seatbelts","Police issued",15,0,1
2024,"TAS","Unknown","40-64","speed_fines","Fixed or mobile camera",2114,0,0
2024,"TAS","Unknown","40-64","speed_fines","Police issued",471,0,14
2024,"TAS","Unknown","40-64","unlicensed_driving","Not applicable",9,0,50
2024,"TAS","Unknown","65 and over","mobile_phone_use","Fixed or mobile camera",3,0,0
2024,"TAS","Unknown","65 and over","mobile_phone_use","Police issued",7,0,0
2024,"TAS","Unknown","65 and over","non_wearing_seatbelts","Fixed or mobile camera",39,0,0
2024,"TAS","Unknown","65 and over","non_wearing_seatbelts","Police issued",8,0,1
2024,"TAS","Unknown","65 and over","speed_fines","Fixed or mobile camera",752,0,0
2024,"TAS","Unknown","65 and over","speed_fines","Police issued",142,0,1
2024,"TAS","Unknown","65 and over","unlicensed_driving","Not applicable",1,0,0
2024,"VIC","Inner Regional Australia","12-16","mobile_phone_use","Fixed camera",0,0,0
2024,"VIC","Inner Regional Australia","12-16","mobile_phone_use","Mobile camera",0,0,0
2024,"VIC","Inner Regional Australia","12-16","non_wearing_seatbelts","Fixed camera",0,0,0
2024,"VIC","Inner Regional Australia","12-16","non_wearing_seatbelts","Mobile camera",0,0,0
2024,"VIC","Inner Regional Australia","12-16","speed_fines","Fixed camera",0,0,0
2024,"VIC","Inner Regional Australia","12-16","speed_fines","Mobile camera",0,0,0
2024,"VIC","Inner Regional Australia","17-25","mobile_phone_use","Fixed camera",0,0,0
2024,"VIC","Inner Regional Australia","17-25","mobile_phone_use","Mobile camera",25,0,0
2024,"VIC","Inner Regional Australia","17-25","non_wearing_seatbelts","Fixed camera",0,0,0
2024,"VIC","Inner Regional Australia","17-25","non_wearing_seatbelts","Mobile camera",41,0,0
2024,"VIC","Inner Regional Australia","17-25","speed_fines","Fixed camera",82,0,0
2024,"VIC","Inner Regional Australia","17-25","speed_fines","Mobile camera",677,0,0
2024,"VIC","Inner Regional Australia","26-39","mobile_phone_use","Fixed camera",0,0,0
2024,"VIC","Inner Regional Australia","26-39","mobile_phone_use","Mobile camera",114,0,0
2024,"VIC","Inner Regional Australia","26-39","non_wearing_seatbelts","Fixed camera",0,0,0
2024,"VIC","Inner Regional Australia","26-39","non_wearing_seatbelts","Mobile camera",154,0,0
2024,"VIC","Inner Regional Australia","26-39","speed_fines","Fixed camera",299,0,0
2024,"VIC","Inner Regional Australia","26-39","speed_fines","Mobile camera",2046,0,0
2024,"VIC","Inner Regional Australia","40-64","mobile_phone_use","Fixed camera",0,0,0
2024,"VIC","Inner Regional Australia","40-64","mobile_phone_use","Mobile camera",195,0,0
2024,"VIC","Inner Regional Australia","40-64","non_wearing_seatbelts","Fixed camera",0,0,0
2024,"VIC","Inner Regional Australia","40-64","non_wearing_seatbelts","Mobile camera",267,0,0
2024,"VIC","Inner Regional Australia","40-64","speed_fines","Fixed camera",572,0,0
2024,"VIC","Inner Regional Australia","40-64","speed_fines","Mobile camera",3331,0,0
2024,"VIC","Inner Regional Australia","65 and over","mobile_phone_use","Fixed camera",0,0,0
2024,"VIC","Inner Regional Australia","65 and over","mobile_phone_use","Mobile camera",36,0,0
2024,"VIC","Inner Regional Australia","65 and over","non_wearing_seatbelts","Fixed camera",0,0,0
2024,"VIC","Inner Regional Australia","65 and over","non_wearing_seatbelts","Mobile camera",106,0,0
2024,"VIC","Inner Regional Australia","65 and over","speed_fines","Fixed camera",292,0,0
2024,"VIC","Inner Regional Australia","65 and over","speed_fines","Mobile camera",1547,0,0
2024,"VIC","Major Cities of Australia","12-16","mobile_phone_use","Fixed camera",0,0,0
2024,"VIC","Major Cities of Australia","12-16","mobile_phone_use","Mobile camera",0,0,0
2024,"VIC","Major Cities of Australia","12-16","non_wearing_seatbelts","Fixed camera",0,0,0
2024,"VIC","Major Cities of Australia","12-16","non_wearing_seatbelts","Mobile camera",0,0,0
2024,"VIC","Major Cities of Australia","12-16","speed_fines","Fixed camera",0,0,0
2024,"VIC","Major Cities of Australia","12-16","speed_fines","Mobile camera",0,0,0
2024,"VIC","Major Cities of Australia","17-25","mobile_phone_use","Fixed camera",0,0,0
2024,"VIC","Major Cities of Australia","17-25","mobile_phone_use","Mobile camera",231,0,0
2024,"VIC","Major Cities of Australia","17-25","non_wearing_seatbelts","Fixed camera",0,0,0
2024,"VIC","Major Cities of Australia","17-25","non_wearing_seatbelts","Mobile camera",232,0,0
2024,"VIC","Major Cities of Australia","17-25","speed_fines","Fixed camera",2954,0,0
2024,"VIC","Major Cities of Australia","17-25","speed_fines","Mobile camera",2419,0,0
2024,"VIC","Major Cities of Australia","26-39","mobile_phone_use","Fixed camera",0,0,0
2024,"VIC","Major Cities of Australia","26-39","mobile_phone_use","Mobile camera",1198,0,0
2024,"VIC","Major Cities of Australia","26-39","non_wearing_seatbelts","Fixed camera",0,0,0
2024,"VIC","Major Cities of Australia","26-39","non_wearing_seatbelts","Mobile camera",1067,0,0
2024,"VIC","Major Cities of Australia","26-39","speed_fines","Fixed camera",9893,0,0
2024,"VIC","Major Cities of Australia","26-39","speed_fines","Mobile camera",8608,0,0
2024,"VIC","Major Cities of Australia","40-64","mobile_phone_use","Fixed camera",0,0,0
2024,"VIC","Major Cities of Australia","40-64","mobile_phone_use","Mobile camera",1519,0,0
2024,"VIC","Major Cities of Australia","40-64","non_wearing_seatbelts","Fixed camera",0,0,0
2024,"VIC","Major Cities of Australia","40-64","non_wearing_seatbelts","Mobile camera",1516,0,0
2024,"VIC","Major Cities of Australia","40-64","speed_fines","Fixed camera",16579,0,0
2024,"VIC","Major Cities of Australia","40-64","speed_fines","Mobile camera",13997,0,0
2024,"VIC","Major Cities of Australia","65 and over","mobile_phone_use","Fixed camera",0,0,0
2024,"VIC","Major Cities of Australia","65 and over","mobile_phone_use","Mobile camera",260,0,0
2024,"VIC","Major Cities of Australia","65 and over","non_wearing_seatbelts","Fixed camera",0,0,0
2024,"VIC","Major Cities of Australia","65 and over","non_wearing_seatbelts","Mobile camera",455,0,0
2024,"VIC","Major Cities of Australia","65 and over","speed_fines","Fixed camera",4924,0,0
2024,"VIC","Major Cities of Australia","65 and over","speed_fines","Mobile camera",4027,0,0
2024,"VIC","Outer Regional Australia","12-16","mobile_phone_use","Fixed camera",0,0,0
2024,"VIC","Outer Regional Australia","12-16","mobile_phone_use","Mobile camera",0,0,0
2024,"VIC","Outer Regional Australia","12-16","non_wearing_seatbelts","Fixed camera",0,0,0
2024,"VIC","Outer Regional Australia","12-16","non_wearing_seatbelts","Mobile camera",0,0,0
2024,"VIC","Outer Regional Australia","12-16","speed_fines","Fixed camera",0,0,0
2024,"VIC","Outer Regional Australia","12-16","speed_fines","Mobile camera",0,0,0
2024,"VIC","Outer Regional Australia","17-25","mobile_phone_use","Fixed camera",0,0,0
2024,"VIC","Outer Regional Australia","17-25","mobile_phone_use","Mobile camera",0,0,0
2024,"VIC","Outer Regional Australia","17-25","non_wearing_seatbelts","Fixed camera",0,0,0
2024,"VIC","Outer Regional Australia","17-25","non_wearing_seatbelts","Mobile camera",0,0,0
2024,"VIC","Outer Regional Australia","17-25","speed_fines","Fixed camera",0,0,0
2024,"VIC","Outer Regional Australia","17-25","speed_fines","Mobile camera",141,0,0
2024,"VIC","Outer Regional Australia","26-39","mobile_phone_use","Fixed camera",0,0,0
2024,"VIC","Outer Regional Australia","26-39","mobile_phone_use","Mobile camera",0,0,0
2024,"VIC","Outer Regional Australia","26-39","non_wearing_seatbelts","Fixed camera",0,0,0
2024,"VIC","Outer Regional Australia","26-39","non_wearing_seatbelts","Mobile camera",0,0,0
2024,"VIC","Outer Regional Australia","26-39","speed_fines","Fixed camera",7,0,0
2024,"VIC","Outer Regional Australia","26-39","speed_fines","Mobile camera",348,0,0
2024,"VIC","Outer Regional Australia","40-64","mobile_phone_use","Fixed camera",0,0,0
2024,"VIC","Outer Regional Australia","40-64","mobile_phone_use","Mobile camera",0,0,0
2024,"VIC","Outer Regional Australia","40-64","non_wearing_seatbelts","Fixed camera",0,0,0
2024,"VIC","Outer Regional Australia","40-64","non_wearing_seatbelts","Mobile camera",0,0,0
2024,"VIC","Outer Regional Australia","40-64","speed_fines","Fixed camera",17,0,0
2024,"VIC","Outer Regional Australia","40-64","speed_fines","Mobile camera",519,0,0
2024,"VIC","Outer Regional Australia","65 and over","mobile_phone_use","Fixed camera",0,0,0
2024,"VIC","Outer Regional Australia","65 and over","mobile_phone_use","Mobile camera",0,0,0
2024,"VIC","Outer Regional Australia","65 and over","non_wearing_seatbelts","Fixed camera",0,0,0
2024,"VIC","Outer Regional Australia","65 and over","non_wearing_seatbelts","Mobile camera",0,0,0
2024,"VIC","Outer Regional Australia","65 and over","speed_fines","Fixed camera",4,0,0
2024,"VIC","Outer Regional Australia","65 and over","speed_fines","Mobile camera",285,0,0
2024,"VIC","Remote Australia","12-16","mobile_phone_use","Fixed camera",0,0,0
2024,"VIC","Remote Australia","12-16","mobile_phone_use","Mobile camera",0,0,0
2024,"VIC","Remote Australia","12-16","non_wearing_seatbelts","Fixed camera",0,0,0
2024,"VIC","Remote Australia","12-16","non_wearing_seatbelts","Mobile camera",0,0,0
2024,"VIC","Remote Australia","12-16","speed_fines","Fixed camera",0,0,0
2024,"VIC","Remote Australia","12-16","speed_fines","Mobile camera",0,0,0
2024,"VIC","Remote Australia","17-25","mobile_phone_use","Fixed camera",0,0,0
2024,"VIC","Remote Australia","17-25","mobile_phone_use","Mobile camera",0,0,0
2024,"VIC","Remote Australia","17-25","non_wearing_seatbelts","Fixed camera",0,0,0
2024,"VIC","Remote Australia","17-25","non_wearing_seatbelts","Mobile camera",0,0,0
2024,"VIC","Remote Australia","17-25","speed_fines","Fixed camera",0,0,0
2024,"VIC","Remote Australia","17-25","speed_fines","Mobile camera",0,0,0
2024,"VIC","Remote Australia","26-39","mobile_phone_use","Fixed camera",0,0,0
2024,"VIC","Remote Australia","26-39","mobile_phone_use","Mobile camera",0,0,0
2024,"VIC","Remote Australia","26-39","non_wearing_seatbelts","Fixed camera",0,0,0
2024,"VIC","Remote Australia","26-39","non_wearing_seatbelts","Mobile camera",0,0,0
2024,"VIC","Remote Australia","26-39","speed_fines","Fixed camera",0,0,0
2024,"VIC","Remote Australia","26-39","speed_fines","Mobile camera",0,0,0
2024,"VIC","Remote Australia","40-64","mobile_phone_use","Fixed camera",0,0,0
2024,"VIC","Remote Australia","40-64","mobile_phone_use","Mobile camera",0,0,0
2024,"VIC","Remote Australia","40-64","non_wearing_seatbelts","Fixed camera",0,0,0
2024,"VIC","Remote Australia","40-64","non_wearing_seatbelts","Mobile camera",0,0,0
2024,"VIC","Remote Australia","40-64","speed_fines","Fixed camera",0,0,0
2024,"VIC","Remote Australia","40-64","speed_fines","Mobile camera",0,0,0
2024,"VIC","Remote Australia","65 and over","mobile_phone_use","Fixed camera",0,0,0
2024,"VIC","Remote Australia","65 and over","mobile_phone_use","Mobile camera",0,0,0
2024,"VIC","Remote Australia","65 and over","non_wearing_seatbelts","Fixed camera",0,0,0
2024,"VIC","Remote Australia","65 and over","non_wearing_seatbelts","Mobile camera",0,0,0
2024,"VIC","Remote Australia","65 and over","speed_fines","Fixed camera",0,0,0
2024,"VIC","Remote Australia","65 and over","speed_fines","Mobile camera",0,0,0
2024,"VIC","Unknown","12-16","mobile_phone_use","Fixed camera",0,0,0
2024,"VIC","Unknown","12-16","mobile_phone_use","Mobile camera",0,0,0
2024,"VIC","Unknown","12-16","mobile_phone_use","Police issued",1,0,0
2024,"VIC","Unknown","12-16","non_wearing_seatbelts","Fixed camera",0,0,0
2024,"VIC","Unknown","12-16","non_wearing_seatbelts","Mobile camera",0,0,0
2024,"VIC","Unknown","12-16","speed_fines","Fixed camera",0,0,0
2024,"VIC","Unknown","12-16","speed_fines","Mobile camera",0,0,0
2024,"VIC","Unknown","12-16","speed_fines","Police issued",3,0,0
2024,"VIC","Unknown","12-16","unlicensed_driving","Not applicable",2,0,0
2024,"VIC","Unknown","17-25","mobile_phone_use","Fixed camera",0,0,0
2024,"VIC","Unknown","17-25","mobile_phone_use","Mobile camera",0,0,0
2024,"VIC","Unknown","17-25","mobile_phone_use","Police issued",253,0,0
2024,"VIC","Unknown","17-25","non_wearing_seatbelts","Fixed camera",0,0,0
2024,"VIC","Unknown","17-25","non_wearing_seatbelts","Mobile camera",0,0,0
2024,"VIC","Unknown","17-25","non_wearing_seatbelts","Police issued",59,0,0
2024,"VIC","Unknown","17-25","speed_fines","Fixed camera",622,0,0
2024,"VIC","Unknown","17-25","speed_fines","Mobile camera",0,0,0
2024,"VIC","Unknown","17-25","speed_fines","Police issued",2004,0,0
2024,"VIC","Unknown","17-25","unlicensed_driving","Not applicable",189,0,0
2024,"VIC","Unknown","26-39","mobile_phone_use","Fixed camera",0,0,0
2024,"VIC","Unknown","26-39","mobile_phone_use","Mobile camera",0,0,0
2024,"VIC","Unknown","26-39","mobile_phone_use","Police issued",635,0,0
2024,"VIC","Unknown","26-39","non_wearing_seatbelts","Fixed camera",0,0,0
2024,"VIC","Unknown","26-39","non_wearing_seatbelts","Mobile camera",0,0,0
2024,"VIC","Unknown","26-39","non_wearing_seatbelts","Police issued",174,0,0
2024,"VIC","Unknown","26-39","speed_fines","Fixed camera",1429,0,0
2024,"VIC","Unknown","26-39","speed_fines","Mobile camera",0,0,0
2024,"VIC","Unknown","26-39","speed_fines","Police issued",3942,0,0
2024,"VIC","Unknown","26-39","unlicensed_driving","Not applicable",376,0,0
2024,"VIC","Unknown","40-64","mobile_phone_use","Fixed camera",0,0,0
2024,"VIC","Unknown","40-64","mobile_phone_use","Mobile camera",0,0,0
2024,"VIC","Unknown","40-64","mobile_phone_use","Police issued",534,0,0
2024,"VIC","Unknown","40-64","non_wearing_seatbelts","Fixed camera",0,0,0
2024,"VIC","Unknown","40-64","non_wearing_seatbelts","Mobile camera",0,0,0
2024,"VIC","Unknown","40-64","non_wearing_seatbelts","Police issued",153,0,0
2024,"VIC","Unknown","40-64","speed_fines","Fixed camera",1748,0,0
2024,"VIC","Unknown","40-64","speed_fines","Mobile camera",0,0,0
2024,"VIC","Unknown","40-64","speed_fines","Police issued",4662,0,0
2024,"VIC","Unknown","40-64","unlicensed_driving","Not applicable",192,0,0
2024,"VIC","Unknown","65 and over","mobile_phone_use","Fixed camera",0,0,0
2024,"VIC","Unknown","65 and over","mobile_phone_use","Mobile camera",0,0,0
2024,"VIC","Unknown","65 and over","mobile_phone_use","Police issued",68,0,0
2024,"VIC","Unknown","65 and over","non_wearing_seatbelts","Fixed camera",0,0,0
2024,"VIC","Unknown","65 and over","non_wearing_seatbelts","Mobile camera",0,0,0
2024,"VIC","Unknown","65 and over","non_wearing_seatbelts","Police issued",28,0,0
2024,"VIC","Unknown","65 and over","speed_fines","Fixed camera",336,0,0
2024,"VIC","Unknown","65 and over","speed_fines","Mobile camera",0,0,0
2024,"VIC","Unknown","65 and over","speed_fines","Police issued",1107,0,0
2024,"VIC","Unknown","65 and over","unlicensed_driving","Not applicable",24,0,0
2024,"WA","Unknown","12-16","speed_fines","Average speed camera",3,0,0
2024,"WA","Unknown","12-16","speed_fines","Fixed camera",9,0,0
2024,"WA","Unknown","12-16","speed_fines","Mobile camera",13,0,0
2024,"WA","Unknown","12-16","speed_fines","Red light camera",3,0,0
2024,"WA","Unknown","12-16","unlicensed_driving","Not applicable",0,13,40
2024,"WA","Unknown","17-25","mobile_phone_use","Police issued",110,0,0
2024,"WA","Unknown","17-25","non_wearing_seatbelts","Police issued",66,0,0
2024,"WA","Unknown","17-25","speed_fines","Average speed camera",215,0,0
2024,"WA","Unknown","17-25","speed_fines","Fixed camera",839,0,0
2024,"WA","Unknown","17-25","speed_fines","Mobile camera",4293,0,0
2024,"WA","Unknown","17-25","speed_fines","Police issued",1273,0,0
2024,"WA","Unknown","17-25","speed_fines","Red light camera",727,0,0
2024,"WA","Unknown","17-25","unlicensed_driving","Not applicable",43,28,347
2024,"WA","Unknown","26-39","mobile_phone_use","Police issued",236,0,0
2024,"WA","Unknown","26-39","non_wearing_seatbelts","Police issued",94,0,0
2024,"WA","Unknown","26-39","speed_fines","Average speed camera",502,0,0
2024,"WA","Unknown","26-39","speed_fines","Fixed camera",2540,0,0
2024,"WA","Unknown","26-39","speed_fines","Mobile camera",10051,0,0
2024,"WA","Unknown","26-39","speed_fines","Police issued",2677,0,0
2024,"WA","Unknown","26-39","speed_fines","Red light camera",2315,0,0
2024,"WA","Unknown","26-39","unlicensed_driving","Not applicable",114,79,637
2024,"WA","Unknown","40-64","mobile_phone_use","Police issued",161,0,0
2024,"WA","Unknown","40-64","non_wearing_seatbelts","Police issued",66,0,0
2024,"WA","Unknown","40-64","speed_fines","Average speed camera",538,0,0
2024,"WA","Unknown","40-64","speed_fines","Fixed camera",3650,0,0
2024,"WA","Unknown","40-64","speed_fines","Mobile camera",14521,0,0
2024,"WA","Unknown","40-64","speed_fines","Police issued",3188,0,0
2024,"WA","Unknown","40-64","speed_fines","Red light camera",4778,0,0
2024,"WA","Unknown","40-64","unlicensed_driving","Not applicable",78,40,404
2024,"WA","Unknown","65 and over","mobile_phone_use","Police issued",14,0,0
2024,"WA","Unknown","65 and over","non_wearing_seatbelts","Police issued",16,0,0
2024,"WA","Unknown","65 and over","speed_fines","Average speed camera",98,0,0
2024,"WA","Unknown","65 and over","speed_fines","Fixed camera",982,0,0
2024,"WA","Unknown","65 and over","speed_fines","Mobile camera",3349,0,0
2024,"WA","Unknown","65 and over","speed_fines","Police issued",642,0,0
2024,"WA","Unknown","65 and over","speed_fines","Red light camera",1604,0,0
2024,"WA","Unknown","65 and over","unlicensed_driving","Not applicable",6,0,17
2024,"ACT","Major Cities of Australia","12-16","speed_fines","Fixed camera",1,0,0
2024,"ACT","Major Cities of Australia","12-16","speed_fines","Police issued",1,0,0
2024,"ACT","Major Cities of Australia","12-16","unlicensed_driving","Not applicable",2,1,5
2024,"ACT","Major Cities of Australia","17-25","mobile_phone_use","Fixed or mobile camera",307,0,0
2024,"ACT","Major Cities of Australia","17-25","mobile_phone_use","Police issued",1,0,0
2024,"ACT","Major Cities of Australia","17-25","speed_fines","Fixed camera",326,0,0
2024,"ACT","Major Cities of Australia","17-25","speed_fines","Mobile camera",189,0,0
2024,"ACT","Major Cities of Australia","17-25","speed_fines","Police issued",41,0,3
2024,"ACT","Major Cities of Australia","17-25","unlicensed_driving","Not applicable",6,2,6
2024,"ACT","Major Cities of Australia","26-39","mobile_phone_use","Fixed or mobile camera",1058,0,0
2024,"ACT","Major Cities of Australia","26-39","mobile_phone_use","Police issued",2,0,0
2024,"ACT","Major Cities of Australia","26-39","speed_fines","Fixed camera",685,0,0
2024,"ACT","Major Cities of Australia","26-39","speed_fines","Mobile camera",492,0,0
2024,"ACT","Major Cities of Australia","26-39","speed_fines","Police issued",48,0,3
2024,"ACT","Major Cities of Australia","26-39","unlicensed_driving","Not applicable",4,1,24
2024,"ACT","Major Cities of Australia","40-64","mobile_phone_use","Fixed or mobile camera",1056,0,0
2024,"ACT","Major Cities of Australia","40-64","mobile_phone_use","Police issued",2,0,0
2024,"ACT","Major Cities of Australia","40-64","non_wearing_seatbelts","Police issued",1,0,0
2024,"ACT","Major Cities of Australia","40-64","speed_fines","Fixed camera",1098,0,0
2024,"ACT","Major Cities of Australia","40-64","speed_fines","Mobile camera",695,0,0
2024,"ACT","Major Cities of Australia","40-64","speed_fines","Police issued",34,0,2
2024,"ACT","Major Cities of Australia","40-64","unlicensed_driving","Not applicable",11,1,10
2024,"ACT","Major Cities of Australia","65 and over","mobile_phone_use","Fixed or mobile camera",123,0,0
2024,"ACT","Major Cities of Australia","65 and over","speed_fines","Fixed camera",336,0,0
2024,"ACT","Major Cities of Australia","65 and over","speed_fines","Mobile camera",228,0,0
2024,"ACT","Major Cities of Australia","65 and over","speed_fines","Police issued",2,0,0
2024,"NSW","Inner Regional Australia","12-16","mobile_phone_use","Police issued",1,0,0
2024,"NSW","Inner Regional Australia","12-16","speed_fines","Police issued",5,0,6
2024,"NSW","Inner Regional Australia","12-16","unlicensed_driving","Not applicable",1,0,7
2024,"NSW","Inner Regional Australia","17-25","mobile_phone_use","Police issued",54,0,0
2024,"NSW","Inner Regional Australia","17-25","non_wearing_seatbelts","Police issued",66,0,6
2024,"NSW","Inner Regional Australia","17-25","speed_fines","Police issued",1564,0,14
2024,"NSW","Inner Regional Australia","17-25","unlicensed_driving","Not applicable",47,0,177
2024,"NSW","Inner Regional Australia","26-39","mobile_phone_use","Police issued",54,0,0
2024,"NSW","Inner Regional Australia","26-39","non_wearing_seatbelts","Police issued",105,0,1
2024,"NSW","Inner Regional Australia","26-39","speed_fines","Police issued",2374,0,14
2024,"NSW","Inner Regional Australia","26-39","unlicensed_driving","Not applicable",91,0,299
2024,"NSW","Inner Regional Australia","40-64","mobile_phone_use","Police issued",37,0,1
2024,"NSW","Inner Regional Australia","40-64","non_wearing_seatbelts","Police issued",70,0,0
2024,"NSW","Inner Regional Australia","40-64","speed_fines","Police issued",2544,0,19
2024,"NSW","Inner Regional Australia","40-64","unlicensed_driving","Not applicable",68,0,199
2024,"NSW","Inner Regional Australia","65 and over","mobile_phone_use","Police issued",11,0,0
2024,"NSW","Inner Regional Australia","65 and over","non_wearing_seatbelts","Police issued",14,0,1
2024,"NSW","Inner Regional Australia","65 and over","speed_fines","Police issued",636,0,0
2024,"NSW","Inner Regional Australia","65 and over","unlicensed_driving","Not applicable",12,0,13
2024,"NSW","Major Cities of Australia","12-16","mobile_phone_use","Police issued",2,0,0
2024,"NSW","Major Cities of Australia","12-16","speed_fines","Police issued",5,0,1
2024,"NSW","Major Cities of Australia","12-16","unlicensed_driving","Not applicable",2,0,12
2024,"NSW","Major Cities of Australia","17-25","mobile_phone_use","Police issued",404,0,12
2024,"NSW","Major Cities of Australia","17-25","non_wearing_seatbelts","Police issued",90,0,3
2024,"NSW","Major Cities of Australia","17-25","speed_fines","Police issued",2232,0,53
2024,"NSW","Major Cities of Australia","17-25","unlicensed_driving","Not applicable",187,0,510
2024,"NSW","Major Cities of Australia","26-39","mobile_phone_use","Police issued",383,0,1
2024,"NSW","Major Cities of Australia","26-39","non_wearing_seatbelts","Police issued",180,0,5
2024,"NSW","Major Cities of Australia","26-39","speed_fines","Police issued",2458,0,27
2024,"NSW","Major Cities of Australia","26-39","unlicensed_driving","Not applicable",187,0,699
2024,"NSW","Major Cities of Australia","40-64","mobile_phone_use","Police issued",259,0,2
2024,"NSW","Major Cities of Australia","40-64","non_wearing_seatbelts","Police issued",119,0,2
2024,"NSW","Major Cities of Australia","40-64","speed_fines","Police issued",2288,0,10
2024,"NSW","Major Cities of Australia","40-64","unlicensed_driving","Not applicable",115,0,455
2024,"NSW","Major Cities of Australia","65 and over","mobile_phone_use","Police issued",26,0,1
2024,"NSW","Major Cities of Australia","65 and over","non_wearing_seatbelts","Police issued",16,0,0
2024,"NSW","Major Cities of Australia","65 and over","speed_fines","Police issued",308,0,0
2024,"NSW","Major Cities of Australia","65 and over","unlicensed_driving","Not applicable",6,0,31
2024,"NSW","Outer Regional Australia","12-16","non_wearing_seatbelts","Police issued",3,0,0
2024,"NSW","Outer Regional Australia","12-16","unlicensed_driving","Not applicable",2,0,4
2024,"NSW","Outer Regional Australia","17-25","mobile_phone_use","Police issued",5,0,0
2024,"NSW","Outer Regional Australia","17-25","non_wearing_seatbelts","Police issued",14,0,1
2024,"NSW","Outer Regional Australia","17-25","speed_fines","Police issued",448,0,2
2024,"NSW","Outer Regional Australia","17-25","unlicensed_driving","Not applicable",11,0,34
2024,"NSW","Outer Regional Australia","26-39","mobile_phone_use","Police issued",12,0,0
2024,"NSW","Outer Regional Australia","26-39","non_wearing_seatbelts","Police issued",35,0,3
2024,"NSW","Outer Regional Australia","26-39","speed_fines","Police issued",699,0,3
2024,"NSW","Outer Regional Australia","26-39","unlicensed_driving","Not applicable",21,0,85
2024,"NSW","Outer Regional Australia","40-64","mobile_phone_use","Police issued",8,0,0
2024,"NSW","Outer Regional Australia","40-64","non_wearing_seatbelts","Police issued",28,0,0
2024,"NSW","Outer Regional Australia","40-64","speed_fines","Police issued",767,0,2
2024,"NSW","Outer Regional Australia","40-64","unlicensed_driving","Not applicable",16,0,38
2024,"NSW","Outer Regional Australia","65 and over","mobile_phone_use","Police issued",1,0,0
2024,"NSW","Outer Regional Australia","65 and over","non_wearing_seatbelts","Police issued",2,0,0
2024,"NSW","Outer Regional Australia","65 and over","speed_fines","Police issued",194,0,1
2024,"NSW","Outer Regional Australia","65 and over","unlicensed_driving","Not applicable",2,0,5
2024,"NSW","Remote Australia","17-25","mobile_phone_use","Police issued",1,0,0
2024,"NSW","Remote Australia","17-25","non_wearing_seatbelts","Police issued",2,0,1
2024,"NSW","Remote Australia","17-25","speed_fines","Police issued",35,0,0
2024,"NSW","Remote Australia","17-25","unlicensed_driving","Not applicable",0,0,9
2024,"NSW","Remote Australia","26-39","non_wearing_seatbelts","Police issued",5,0,0
2024,"NSW","Remote Australia","26-39","speed_fines","Police issued",68,0,0
2024,"NSW","Remote Australia","26-39","unlicensed_driving","Not applicable",1,0,11
2024,"NSW","Remote Australia","40-64","mobile_phone_use","Police issued",1,0,0
2024,"NSW","Remote Australia","40-64","non_wearing_seatbelts","Police issued",3,0,0
2024,"NSW","Remote Australia","40-64","speed_fines","Police issued",76,0,0
2024,"NSW","Remote Australia","40-64","unlicensed_driving","Not applicable",2,0,4
2024,"NSW","Remote Australia","65 and over","mobile_phone_use","Police issued",1,0,0
2024,"NSW","Remote Australia","65 and over","speed_fines","Police issued",37,0,0
2024,"NSW","Unknown","17-25","mobile_phone_use","Police issued",4,0,0
2024,"NSW","Unknown","17-25","non_wearing_seatbelts","Police issued",1,0,0
2024,"NSW","Unknown","17-25","speed_fines","Police issued",33,0,17
2024,"NSW","Unknown","17-25","unlicensed_driving","Not applicable",5,0,4
2024,"NSW","Unknown","26-39","mobile_phone_use","Police issued",4,0,0
2024,"NSW","Unknown","26-39","non_wearing_seatbelts","Police issued",5,0,0
2024,"NSW","Unknown","26-39","speed_fines","Police issued",50,0,0
2024,"NSW","Unknown","26-39","unlicensed_driving","Not applicable",3,0,15
2024,"NSW","Unknown","40-64","non_wearing_seatbelts","Police issued",2,0,0
2024,"NSW","Unknown","40-64","speed_fines","Police issued",49,0,0
2024,"NSW","Unknown","40-64","unlicensed_driving","Not applicable",1,0,8
2024,"NSW","Unknown","65 and over","non_wearing_seatbelts","Police issued",1,0,0
2024,"NSW","Unknown","65 and over","speed_fines","Police issued",10,0,0
2024,"NSW","Very Remote Australia","17-25","non_wearing_seatbelts","Police issued",3,0,0
2024,"NSW","Very Remote Australia","17-25","unlicensed_driving","Not applicable",0,0,4
2024,"NSW","Very Remote Australia","26-39","non_wearing_seatbelts","Police issued",2,0,1
2024,"NSW","Very Remote Australia","26-39","speed_fines","Police issued",3,0,0
2024,"NSW","Very Remote Australia","26-39","unlicensed_driving","Not applicable",0,0,5
2024,"NSW","Very Remote Australia","40-64","speed_fines","Police issued",10,0,0
2024,"NSW","Very Remote Australia","40-64","unlicensed_driving","Not applicable",0,0,1
2024,"NSW","Very Remote Australia","65 and over","speed_fines","Police issued",3,0,0
2024,"NSW","Very Remote Australia","65 and over","unlicensed_driving","Not applicable",0,0,1
2024,"NT","Unknown","12-16","non_wearing_seatbelts","Police issued",0,1,3
2024,"NT","Unknown","12-16","speed_fines","Fixed camera",1,0,0
2024,"NT","Unknown","12-16","speed_fines","Mobile camera",2,0,0
2024,"NT","Unknown","12-16","speed_fines","Police issued",1,0,0
2024,"NT","Unknown","12-16","unlicensed_driving","Not applicable",0,8,14
2024,"NT","Unknown","17-25","mobile_phone_use","Police issued",2,0,0
2024,"NT","Unknown","17-25","non_wearing_seatbelts","Police issued",9,1,27
2024,"NT","Unknown","17-25","speed_fines","Fixed camera",119,0,0
2024,"NT","Unknown","17-25","speed_fines","Mobile camera",184,0,0
2024,"NT","Unknown","17-25","speed_fines","Police issued",52,0,0
2024,"NT","Unknown","17-25","unlicensed_driving","Not applicable",5,11,51
2024,"NT","Unknown","26-39","mobile_phone_use","Police issued",8,0,0
2024,"NT","Unknown","26-39","non_wearing_seatbelts","Police issued",30,1,14
2024,"NT","Unknown","26-39","speed_fines","Fixed camera",383,0,0
2024,"NT","Unknown","26-39","speed_fines","Mobile camera",508,0,0
2024,"NT","Unknown","26-39","speed_fines","Police issued",83,0,0
2024,"NT","Unknown","26-39","unlicensed_driving","Not applicable",13,22,56
2024,"NT","Unknown","40-64","mobile_phone_use","Police issued",12,0,0
2024,"NT","Unknown","40-64","non_wearing_seatbelts","Police issued",22,2,23
2024,"NT","Unknown","40-64","speed_fines","Fixed camera",610,0,0
2024,"NT","Unknown","40-64","speed_fines","Mobile camera",537,0,0
2024,"NT","Unknown","40-64","speed_fines","Police issued",98,0,0
2024,"NT","Unknown","40-64","unlicensed_driving","Not applicable",9,8,43
2024,"NT","Unknown","65 and over","mobile_phone_use","Police issued",2,0,0
2024,"NT","Unknown","65 and over","speed_fines","Fixed camera",98,0,0
2024,"NT","Unknown","65 and over","speed_fines","Mobile camera",169,0,0
2024,"NT","Unknown","65 and over","speed_fines","Police issued",23,0,0
2024,"NT","Unknown","65 and over","unlicensed_driving","Not applicable",1,0,1
2024,"QLD","Unknown","12-16","mobile_phone_use","Fixed camera",168,0,0
2024,"QLD","Unknown","12-16","non_wearing_seatbelts","Fixed camera",63,0,0
2024,"QLD","Unknown","12-16","non_wearing_seatbelts","Police issued",2,0,0
2024,"QLD","Unknown","12-16","speed_fines","Fixed camera",626,0,0
2024,"QLD","Unknown","12-16","speed_fines","Mobile camera",886,0,0
2024,"QLD","Unknown","12-16","speed_fines","Police issued",2,0,0
2024,"QLD","Unknown","12-16","unlicensed_driving","Not applicable",58,0,0
2024,"QLD","Unknown","17-25","mobile_phone_use","Fixed camera",780,0,0
2024,"QLD","Unknown","17-25","mobile_phone_use","Police issued",45,0,0
2024,"QLD","Unknown","17-25","non_wearing_seatbelts","Fixed camera",437,0,0
2024,"QLD","Unknown","17-25","non_wearing_seatbelts","Police issued",61,0,0
2024,"QLD","Unknown","17-25","speed_fines","Fixed camera",2949,0,0
2024,"QLD","Unknown","17-25","speed_fines","Mobile camera",5614,0,0
2024,"QLD","Unknown","17-25","speed_fines","Police issued",1988,0,0
2024,"QLD","Unknown","17-25","unlicensed_driving","Not applicable",605,0,0
2024,"QLD","Unknown","26-39","mobile_phone_use","Fixed camera",2234,0,0
2024,"QLD","Unknown","26-39","mobile_phone_use","Police issued",86,0,0
2024,"QLD","Unknown","26-39","non_wearing_seatbelts","Fixed camera",1040,0,0
2024,"QLD","Unknown","26-39","non_wearing_seatbelts","Police issued",117,0,0
2024,"QLD","Unknown","26-39","speed_fines","Fixed camera",6273,0,0
2024,"QLD","Unknown","26-39","speed_fines","Mobile camera",11578,0,0
2024,"QLD","Unknown","26-39","speed_fines","Police issued",2760,0,0
2024,"QLD","Unknown","26-39","unlicensed_driving","Not applicable",964,0,0
2024,"QLD","Unknown","40-64","mobile_phone_use","Fixed camera",2335,0,0
2024,"QLD","Unknown","40-64","mobile_phone_use","Police issued",62,0,0
2024,"QLD","Unknown","40-64","non_wearing_seatbelts","Fixed camera",1125,0,0
2024,"QLD","Unknown","40-64","non_wearing_seatbelts","Police issued",80,0,0
2024,"QLD","Unknown","40-64","speed_fines","Fixed camera",9509,0,0
2024,"QLD","Unknown","40-64","speed_fines","Mobile camera",16502,0,0
2024,"QLD","Unknown","40-64","speed_fines","Police issued",3150,0,0
2024,"QLD","Unknown","40-64","unlicensed_driving","Not applicable",590,0,0
2024,"QLD","Unknown","65 and over","mobile_phone_use","Fixed camera",326,0,0
2024,"QLD","Unknown","65 and over","mobile_phone_use","Police issued",7,0,0
2024,"QLD","Unknown","65 and over","non_wearing_seatbelts","Fixed camera",263,0,0
2024,"QLD","Unknown","65 and over","non_wearing_seatbelts","Police issued",12,0,0
2024,"QLD","Unknown","65 and over","speed_fines","Fixed camera",2592,0,0
2024,"QLD","Unknown","65 and over","speed_fines","Mobile camera",4354,0,0
2024,"QLD","Unknown","65 and over","speed_fines","Police issued",591,0,0
2024,"QLD","Unknown","65 and over","unlicensed_driving","Not applicable",34,0,0
2024,"SA","Inner Regional Australia","17-25","mobile_phone_use","Police issued",21,0,0
2024,"SA","Inner Regional Australia","17-25","non_wearing_seatbelts","Police issued",1,0,0
2024,"SA","Inner Regional Australia","17-25","speed_fines","Fixed camera",41,0,0
2024,"SA","Inner Regional Australia","17-25","speed_fines","Mobile camera",68,0,0
2024,"SA","Inner Regional Australia","17-25","speed_fines","Police issued",183,0,2
2024,"SA","Inner Regional Australia","26-39","mobile_phone_use","Police issued",41,0,0
2024,"SA","Inner Regional Australia","26-39","non_wearing_seatbelts","Police issued",3,0,0
2024,"SA","Inner Regional Australia","26-39","speed_fines","Fixed camera",108,0,0
2024,"SA","Inner Regional Australia","26-39","speed_fines","Mobile camera",193,0,0
2024,"SA","Inner Regional Australia","26-39","speed_fines","Police issued",312,0,1
2024,"SA","Inner Regional Australia","40-64","mobile_phone_use","Police issued",41,0,0
2024,"SA","Inner Regional Australia","40-64","non_wearing_seatbelts","Police issued",11,0,0
2024,"SA","Inner Regional Australia","40-64","speed_fines","Fixed camera",122,0,0
2024,"SA","Inner Regional Australia","40-64","speed_fines","Mobile camera",354,0,0
2024,"SA","Inner Regional Australia","40-64","speed_fines","Police issued",399,0,3
2024,"SA","Inner Regional Australia","65 and over","mobile_phone_use","Police issued",4,0,0
2024,"SA","Inner Regional Australia","65 and over","non_wearing_seatbelts","Police issued",7,0,0
2024,"SA","Inner Regional Australia","65 and over","speed_fines","Fixed camera",52,0,0
2024,"SA","Inner Regional Australia","65 and over","speed_fines","Mobile camera",142,0,0
2024,"SA","Inner Regional Australia","65 and over","speed_fines","Police issued",144,0,0
2024,"SA","Inner Regional Australia","65 and over","unlicensed_driving","Not applicable",0,0,0
2024,"SA","Major Cities of Australia","12-16","mobile_phone_use","Police issued",1,0,0
2024,"SA","Major Cities of Australia","17-25","mobile_phone_use","Police issued",485,0,0
2024,"SA","Major Cities of Australia","17-25","non_wearing_seatbelts","Police issued",16,0,0
2024,"SA","Major Cities of Australia","17-25","speed_fines","Fixed camera",356,0,0
2024,"SA","Major Cities of Australia","17-25","speed_fines","Mobile camera",462,0,0
2024,"SA","Major Cities of Australia","17-25","speed_fines","Police issued",279,1,3
2024,"SA","Major Cities of Australia","26-39","mobile_phone_use","Police issued",784,0,0
2024,"SA","Major Cities of Australia","26-39","non_wearing_seatbelts","Police issued",27,0,0
2024,"SA","Major Cities of Australia","26-39","speed_fines","Fixed camera",818,0,0
2024,"SA","Major Cities of Australia","26-39","speed_fines","Mobile camera",1222,0,0
2024,"SA","Major Cities of Australia","26-39","speed_fines","Police issued",471,1,4
2024,"SA","Major Cities of Australia","40-64","mobile_phone_use","Police issued",666,0,0
2024,"SA","Major Cities of Australia","40-64","non_wearing_seatbelts","Police issued",24,0,0
2024,"SA","Major Cities of Australia","40-64","speed_fines","Fixed camera",1697,0,0
2024,"SA","Major Cities of Australia","40-64","speed_fines","Mobile camera",1903,0,0
2024,"SA","Major Cities of Australia","40-64","speed_fines","Police issued",502,1,5
2024,"SA","Major Cities of Australia","65 and over","mobile_phone_use","Police issued",97,0,0
2024,"SA","Major Cities of Australia","65 and over","non_wearing_seatbelts","Police issued",7,0,0
2024,"SA","Major Cities of Australia","65 and over","speed_fines","Fixed camera",679,0,0
2024,"SA","Major Cities of Australia","65 and over","speed_fines","Mobile camera",533,0,0
2024,"SA","Major Cities of Australia","65 and over","speed_fines","Police issued",129,0,0
2024,"SA","Major Cities of Australia","65 and over","unlicensed_driving","Not applicable",11,0,0
2024,"SA","Outer Regional Australia","12-16","speed_fines","Police issued",1,0,0
2024,"SA","Outer Regional Australia","17-25","mobile_phone_use","Police issued",25,0,0
2024,"SA","Outer Regional Australia","17-25","non_wearing_seatbelts","Police issued",6,0,0
2024,"SA","Outer Regional Australia","17-25","speed_fines","Fixed camera",17,0,0
2024,"SA","Outer Regional Australia","17-25","speed_fines","Mobile camera",20,0,0
2024,"SA","Outer Regional Australia","17-25","speed_fines","Police issued",171,0,2
2024,"SA","Outer Regional Australia","26-39","mobile_phone_use","Police issued",42,0,0
2024,"SA","Outer Regional Australia","26-39","non_wearing_seatbelts","Police issued",13,0,0
2024,"SA","Outer Regional Australia","26-39","speed_fines","Fixed camera",36,0,0
2024,"SA","Outer Regional Australia","26-39","speed_fines","Mobile camera",57,0,0
2024,"SA","Outer Regional Australia","26-39","speed_fines","Police issued",342,0,4
2024,"SA","Outer Regional Australia","40-64","mobile_phone_use","Police issued",46,0,0
2024,"SA","Outer Regional Australia","40-64","non_wearing_seatbelts","Police issued",11,0,0
2024,"SA","Outer Regional Australia","40-64","speed_fines","Fixed camera",55,0,0
2024,"SA","Outer Regional Australia","40-64","speed_fines","Mobile camera",100,0,0
2024,"SA","Outer Regional Australia","40-64","speed_fines","Police issued",479,0,1
2024,"SA","Outer Regional Australia","65 and over","mobile_phone_use","Police issued",4,0,0
2024,"SA","Outer Regional Australia","65 and over","non_wearing_seatbelts","Police issued",3,0,0
2024,"SA","Outer Regional Australia","65 and over","speed_fines","Fixed camera",16,0,0
2024,"SA","Outer Regional Australia","65 and over","speed_fines","Mobile camera",42,0,0
2024,"SA","Outer Regional Australia","65 and over","speed_fines","Police issued",146,0,0
2024,"SA","Outer Regional Australia","65 and over","unlicensed_driving","Not applicable",5,0,0
2024,"SA","Remote Australia","17-25","mobile_phone_use","Police issued",5,0,0
2024,"SA","Remote Australia","17-25","speed_fines","Mobile camera",3,0,0
2024,"SA","Remote Australia","17-25","speed_fines","Police issued",33,0,0
2024,"SA","Remote Australia","26-39","mobile_phone_use","Police issued",8,0,0
2024,"SA","Remote Australia","26-39","non_wearing_seatbelts","Police issued",2,0,0
2024,"SA","Remote Australia","26-39","speed_fines","Mobile camera",20,0,0
2024,"SA","Remote Australia","26-39","speed_fines","Police issued",91,0,0
2024,"SA","Remote Australia","40-64","mobile_phone_use","Police issued",9,0,0
2024,"SA","Remote Australia","40-64","non_wearing_seatbelts","Police issued",3,0,0
2024,"SA","Remote Australia","40-64","speed_fines","Mobile camera",49,0,0
2024,"SA","Remote Australia","40-64","speed_fines","Police issued",102,0,0
2024,"SA","Remote Australia","65 and over","mobile_phone_use","Police issued",3,0,0
2024,"SA","Remote Australia","65 and over","non_wearing_seatbelts","Police issued",2,0,0
2024,"SA","Remote Australia","65 and over","speed_fines","Mobile camera",28,0,0
2024,"SA","Remote Australia","65 and over","speed_fines","Police issued",28,0,0
2024,"SA","Remote Australia","65 and over","unlicensed_driving","Not applicable",0,0,0
2024,"SA","Unknown","12-16","unlicensed_driving","Not applicable",0,6,1
2024,"SA","Unknown","17-25","mobile_phone_use","Police issued",13,0,0
2024,"SA","Unknown","17-25","non_wearing_seatbelts","Police issued",1,0,0
2024,"SA","Unknown","17-25","speed_fines","Police issued",22,0,0
2024,"SA","Unknown","17-25","unlicensed_driving","Not applicable",0,22,49
2024,"SA","Unknown","26-39","mobile_phone_use","Police issued",12,0,0
2024,"SA","Unknown","26-39","non_wearing_seatbelts","Police issued",3,0,0
2024,"SA","Unknown","26-39","speed_fines","Police issued",29,0,0
2024,"SA","Unknown","26-39","unlicensed_driving","Not applicable",0,44,141
2024,"SA","Unknown","40-64","mobile_phone_use","Police issued",6,0,0
2024,"SA","Unknown","40-64","non_wearing_seatbelts","Police issued",1,0,0
2024,"SA","Unknown","40-64","speed_fines","Mobile camera",1,0,0
2024,"SA","Unknown","40-64","speed_fines","Police issued",44,0,0
2024,"SA","Unknown","40-64","unlicensed_driving","Not applicable",0,21,149
2024,"SA","Unknown","65 and over","mobile_phone_use","Police issued",2,0,0
2024,"SA","Unknown","65 and over","non_wearing_seatbelts","Police issued",1,0,0
2024,"SA","Unknown","65 and over","speed_fines","Mobile camera",1,0,0
2024,"SA","Unknown","65 and over","speed_fines","Police issued",8,0,0
2024,"SA","Unknown","65 and over","unlicensed_driving","Not applicable",0,0,7
2024,"SA","Very Remote Australia","17-25","mobile_phone_use","Police issued",2,0,0
2024,"SA","Very Remote Australia","17-25","non_wearing_seatbelts","Police issued",2,0,0
2024,"SA","Very Remote Australia","17-25","speed_fines","Police issued",19,0,0
2024,"SA","Very Remote Australia","26-39","mobile_phone_use","Police issued",6,0,0
2024,"SA","Very Remote Australia","26-39","non_wearing_seatbelts","Police issued",9,0,0
2024,"SA","Very Remote Australia","26-39","speed_fines","Police issued",48,0,1
2024,"SA","Very Remote Australia","40-64","mobile_phone_use","Police issued",2,0,0
2024,"SA","Very Remote Australia","40-64","non_wearing_seatbelts","Police issued",5,0,0
2024,"SA","Very Remote Australia","40-64","speed_fines","Police issued",65,0,0
2024,"SA","Very Remote Australia","65 and over","mobile_phone_use","Police issued",1,0,0
2024,"SA","Very Remote Australia","65 and over","speed_fines","Police issued",21,0,0
2024,"TAS","Unknown","12-16","speed_fines","Police issued",0,0,1
2024,"TAS","Unknown","12-16","unlicensed_driving","Not applicable",0,0,1
2024,"TAS","Unknown","17-25","mobile_phone_use","Fixed or mobile camera",3,0,0
2024,"TAS","Unknown","17-25","mobile_phone_use","Police issued",19,0,2
2024,"TAS","Unknown","17-25","non_wearing_seatbelts","Fixed or mobile camera",9,0,0
2024,"TAS","Unknown","17-25","non_wearing_seatbelts","Police issued",7,0,3
2024,"TAS","Unknown","17-25","speed_fines","Fixed or mobile camera",395,0,0
2024,"TAS","Unknown","17-25","speed_fines","Police issued",285,0,10
2024,"TAS","Unknown","17-25","unlicensed_driving","Not applicable",0,0,34
2024,"TAS","Unknown","26-39","mobile_phone_use","Fixed or mobile camera",18,0,0
2024,"TAS","Unknown","26-39","mobile_phone_use","Police issued",32,0,0
2024,"TAS","Unknown","26-39","non_wearing_seatbelts","Fixed or mobile camera",57,0,0
2024,"TAS","Unknown","26-39","non_wearing_seatbelts","Police issued",6,0,1
2024,"TAS","Unknown","26-39","speed_fines","Fixed or mobile camera",1158,0,0
2024,"TAS","Unknown","26-39","speed_fines","Police issued",382,0,16
2024,"TAS","Unknown","26-39","unlicensed_driving","Not applicable",10,0,62
2024,"TAS","Unknown","40-64","mobile_phone_use","Fixed or mobile camera",20,0,0
2024,"TAS","Unknown","40-64","mobile_phone_use","Police issued",18,0,0
2024,"TAS","Unknown","40-64","non_wearing_seatbelts","Fixed or mobile camera",65,0,0
2024,"TAS","Unknown","40-64","non_wearing_seatbelts","Police issued",15,0,6
2024,"TAS","Unknown","40-64","speed_fines","Fixed or mobile camera",1553,0,0
2024,"TAS","Unknown","40-64","speed_fines","Police issued",487,0,9
2024,"TAS","Unknown","40-64","unlicensed_driving","Not applicable",9,0,37
2024,"TAS","Unknown","65 and over","mobile_phone_use","Fixed or mobile camera",2,0,0
2024,"TAS","Unknown","65 and over","mobile_phone_use","Police issued",7,0,0
2024,"TAS","Unknown","65 and over","non_wearing_seatbelts","Fixed or mobile camera",37,0,0
2024,"TAS","Unknown","65 and over","non_wearing_seatbelts","Police issued",5,0,0
2024,"TAS","Unknown","65 and over","speed_fines","Fixed or mobile camera",599,0,0
2024,"TAS","Unknown","65 and over","speed_fines","Police issued",120,0,0
2024,"TAS","Unknown","65 and over","unlicensed_driving","Not applicable",0,0,1
2024,"VIC","Inner Regional Australia","12-16","mobile_phone_use","Fixed camera",0,0,0
2024,"VIC","Inner Regional Australia","12-16","mobile_phone_use","Mobile camera",0,0,0
2024,"VIC","Inner Regional Australia","12-16","non_wearing_seatbelts","Fixed camera",0,0,0
2024,"VIC","Inner Regional Australia","12-16","non_wearing_seatbelts","Mobile camera",0,0,0
2024,"VIC","Inner Regional Australia","12-16","speed_fines","Fixed camera",0,0,0
2024,"VIC","Inner Regional Australia","12-16","speed_fines","Mobile camera",0,0,0
2024,"VIC","Inner Regional Australia","17-25","mobile_phone_use","Fixed camera",0,0,0
2024,"VIC","Inner Regional Australia","17-25","mobile_phone_use","Mobile camera",17,0,0
2024,"VIC","Inner Regional Australia","17-25","non_wearing_seatbelts","Fixed camera",0,0,0
2024,"VIC","Inner Regional Australia","17-25","non_wearing_seatbelts","Mobile camera",73,0,0
2024,"VIC","Inner Regional Australia","17-25","speed_fines","Fixed camera",62,0,0
2024,"VIC","Inner Regional Australia","17-25","speed_fines","Mobile camera",495,0,0
2024,"VIC","Inner Regional Australia","26-39","mobile_phone_use","Fixed camera",0,0,0
2024,"VIC","Inner Regional Australia","26-39","mobile_phone_use","Mobile camera",74,0,0
2024,"VIC","Inner Regional Australia","26-39","non_wearing_seatbelts","Fixed camera",0,0,0
2024,"VIC","Inner Regional Australia","26-39","non_wearing_seatbelts","Mobile camera",169,0,0
2024,"VIC","Inner Regional Australia","26-39","speed_fines","Fixed camera",250,0,0
2024,"VIC","Inner Regional Australia","26-39","speed_fines","Mobile camera",1544,0,0
2024,"VIC","Inner Regional Australia","40-64","mobile_phone_use","Fixed camera",0,0,0
2024,"VIC","Inner Regional Australia","40-64","mobile_phone_use","Mobile camera",120,0,0
2024,"VIC","Inner Regional Australia","40-64","non_wearing_seatbelts","Fixed camera",0,0,0
2024,"VIC","Inner Regional Australia","40-64","non_wearing_seatbelts","Mobile camera",247,0,0
2024,"VIC","Inner Regional Australia","40-64","speed_fines","Fixed camera",513,0,0
2024,"VIC","Inner Regional Australia","40-64","speed_fines","Mobile camera",2519,0,0
2024,"VIC","Inner Regional Australia","65 and over","mobile_phone_use","Fixed camera",0,0,0
2024,"VIC","Inner Regional Australia","65 and over","mobile_phone_use","Mobile camera",32,0,0
2024,"VIC","Inner Regional Australia","65 and over","non_wearing_seatbelts","Fixed camera",0,0,0
2024,"VIC","Inner Regional Australia","65 and over","non_wearing_seatbelts","Mobile camera",118,0,0
2024,"VIC","Inner Regional Australia","65 and over","speed_fines","Fixed camera",211,0,0
2024,"VIC","Inner Regional Australia","65 and over","speed_fines","Mobile camera",1154,0,0
2024,"VIC","Major Cities of Australia","12-16","mobile_phone_use","Fixed camera",0,0,0
2024,"VIC","Major Cities of Australia","12-16","mobile_phone_use","Mobile camera",0,0,0
2024,"VIC","Major Cities of Australia","12-16","non_wearing_seatbelts","Fixed camera",0,0,0
2024,"VIC","Major Cities of Australia","12-16","non_wearing_seatbelts","Mobile camera",0,0,0
2024,"VIC","Major Cities of Australia","12-16","speed_fines","Fixed camera",0,0,0
2024,"VIC","Major Cities of Australia","12-16","speed_fines","Mobile camera",0,0,0
2024,"VIC","Major Cities of Australia","17-25","mobile_phone_use","Fixed camera",0,0,0
2024,"VIC","Major Cities of Australia","17-25","mobile_phone_use","Mobile camera",170,0,0
2024,"VIC","Major Cities of Australia","17-25","non_wearing_seatbelts","Fixed camera",0,0,0
2024,"VIC","Major Cities of Australia","17-25","non_wearing_seatbelts","Mobile camera",277,0,0
2024,"VIC","Major Cities of Australia","17-25","speed_fines","Fixed camera",2564,0,0
2024,"VIC","Major Cities of Australia","17-25","speed_fines","Mobile camera",1918,0,0
2024,"VIC","Major Cities of Australia","26-39","mobile_phone_use","Fixed camera",0,0,0
2024,"VIC","Major Cities of Australia","26-39","mobile_phone_use","Mobile camera",841,0,0
2024,"VIC","Major Cities of Australia","26-39","non_wearing_seatbelts","Fixed camera",0,0,0
2024,"VIC","Major Cities of Australia","26-39","non_wearing_seatbelts","Mobile camera",1093,0,0
2024,"VIC","Major Cities of Australia","26-39","speed_fines","Fixed camera",8887,0,0
2024,"VIC","Major Cities of Australia","26-39","speed_fines","Mobile camera",6173,0,0
2024,"VIC","Major Cities of Australia","40-64","mobile_phone_use","Fixed camera",0,0,0
2024,"VIC","Major Cities of Australia","40-64","mobile_phone_use","Mobile camera",1104,0,0
2024,"VIC","Major Cities of Australia","40-64","non_wearing_seatbelts","Fixed camera",0,0,0
2024,"VIC","Major Cities of Australia","40-64","non_wearing_seatbelts","Mobile camera",1618,0,0
2024,"VIC","Major Cities of Australia","40-64","speed_fines","Fixed camera",14691,0,0
2024,"VIC","Major Cities of Australia","40-64","speed_fines","Mobile camera",10211,0,0
2024,"VIC","Major Cities of Australia","65 and over","mobile_phone_use","Fixed camera",0,0,0
2024,"VIC","Major Cities of Australia","65 and over","mobile_phone_use","Mobile camera",206,0,0
2024,"VIC","Major Cities of Australia","65 and over","non_wearing_seatbelts","Fixed camera",0,0,0
2024,"VIC","Major Cities of Australia","65 and over","non_wearing_seatbelts","Mobile camera",404,0,0
2024,"VIC","Major Cities of Australia","65 and over","speed_fines","Fixed camera",4254,0,0
2024,"VIC","Major Cities of Australia","65 and over","speed_fines","Mobile camera",2944,0,0
2024,"VIC","Outer Regional Australia","12-16","mobile_phone_use","Fixed camera",0,0,0
2024,"VIC","Outer Regional Australia","12-16","mobile_phone_use","Mobile camera",0,0,0
2024,"VIC","Outer Regional Australia","12-16","non_wearing_seatbelts","Fixed camera",0,0,0
2024,"VIC","Outer Regional Australia","12-16","non_wearing_seatbelts","Mobile camera",0,0,0
2024,"VIC","Outer Regional Australia","12-16","speed_fines","Fixed camera",0,0,0
2024,"VIC","Outer Regional Australia","12-16","speed_fines","Mobile camera",0,0,0
2024,"VIC","Outer Regional Australia","17-25","mobile_phone_use","Fixed camera",0,0,0
2024,"VIC","Outer Regional Australia","17-25","mobile_phone_use","Mobile camera",0,0,0
2024,"VIC","Outer Regional Australia","17-25","non_wearing_seatbelts","Fixed camera",0,0,0
2024,"VIC","Outer Regional Australia","17-25","non_wearing_seatbelts","Mobile camera",16,0,0
2024,"VIC","Outer Regional Australia","17-25","speed_fines","Fixed camera",4,0,0
2024,"VIC","Outer Regional Australia","17-25","speed_fines","Mobile camera",101,0,0
2024,"VIC","Outer Regional Australia","26-39","mobile_phone_use","Fixed camera",0,0,0
2024,"VIC","Outer Regional Australia","26-39","mobile_phone_use","Mobile camera",0,0,0
2024,"VIC","Outer Regional Australia","26-39","non_wearing_seatbelts","Fixed camera",0,0,0
2024,"VIC","Outer Regional Australia","26-39","non_wearing_seatbelts","Mobile camera",81,0,0
2024,"VIC","Outer Regional Australia","26-39","speed_fines","Fixed camera",6,0,0
2024,"VIC","Outer Regional Australia","26-39","speed_fines","Mobile camera",259,0,0
2024,"VIC","Outer Regional Australia","40-64","mobile_phone_use","Fixed camera",0,0,0
2024,"VIC","Outer Regional Australia","40-64","mobile_phone_use","Mobile camera",0,0,0
2024,"VIC","Outer Regional Australia","40-64","non_wearing_seatbelts","Fixed camera",0,0,0
2024,"VIC","Outer Regional Australia","40-64","non_wearing_seatbelts","Mobile camera",74,0,0
2024,"VIC","Outer Regional Australia","40-64","speed_fines","Fixed camera",19,0,0
2024,"VIC","Outer Regional Australia","40-64","speed_fines","Mobile camera",417,0,0
2024,"VIC","Outer Regional Australia","65 and over","mobile_phone_use","Fixed camera",0,0,0
2024,"VIC","Outer Regional Australia","65 and over","mobile_phone_use","Mobile camera",0,0,0
2024,"VIC","Outer Regional Australia","65 and over","non_wearing_seatbelts","Fixed camera",0,0,0
2024,"VIC","Outer Regional Australia","65 and over","non_wearing_seatbelts","Mobile camera",41,0,0
2024,"VIC","Outer Regional Australia","65 and over","speed_fines","Fixed camera",6,0,0
2024,"VIC","Outer Regional Australia","65 and over","speed_fines","Mobile camera",224,0,0
2024,"VIC","Remote Australia","12-16","mobile_phone_use","Fixed camera",0,0,0
2024,"VIC","Remote Australia","12-16","mobile_phone_use","Mobile camera",0,0,0
2024,"VIC","Remote Australia","12-16","non_wearing_seatbelts","Fixed camera",0,0,0
2024,"VIC","Remote Australia","12-16","non_wearing_seatbelts","Mobile camera",0,0,0
2024,"VIC","Remote Australia","12-16","speed_fines","Fixed camera",0,0,0
2024,"VIC","Remote Australia","12-16","speed_fines","Mobile camera",0,0,0
2024,"VIC","Remote Australia","17-25","mobile_phone_use","Fixed camera",0,0,0
2024,"VIC","Remote Australia","17-25","mobile_phone_use","Mobile camera",0,0,0
2024,"VIC","Remote Australia","17-25","non_wearing_seatbelts","Fixed camera",0,0,0
2024,"VIC","Remote Australia","17-25","non_wearing_seatbelts","Mobile camera",0,0,0
2024,"VIC","Remote Australia","17-25","speed_fines","Fixed camera",0,0,0
2024,"VIC","Remote Australia","17-25","speed_fines","Mobile camera",0,0,0
2024,"VIC","Remote Australia","26-39","mobile_phone_use","Fixed camera",0,0,0
2024,"VIC","Remote Australia","26-39","mobile_phone_use","Mobile camera",0,0,0
2024,"VIC","Remote Australia","26-39","non_wearing_seatbelts","Fixed camera",0,0,0
2024,"VIC","Remote Australia","26-39","non_wearing_seatbelts","Mobile camera",0,0,0
2024,"VIC","Remote Australia","26-39","speed_fines","Fixed camera",0,0,0
2024,"VIC","Remote Australia","26-39","speed_fines","Mobile camera",0,0,0
2024,"VIC","Remote Australia","40-64","mobile_phone_use","Fixed camera",0,0,0
2024,"VIC","Remote Australia","40-64","mobile_phone_use","Mobile camera",0,0,0
2024,"VIC","Remote Australia","40-64","non_wearing_seatbelts","Fixed camera",0,0,0
2024,"VIC","Remote Australia","40-64","non_wearing_seatbelts","Mobile camera",0,0,0
2024,"VIC","Remote Australia","40-64","speed_fines","Fixed camera",0,0,0
2024,"VIC","Remote Australia","40-64","speed_fines","Mobile camera",1,0,0
2024,"VIC","Remote Australia","65 and over","mobile_phone_use","Fixed camera",0,0,0
2024,"VIC","Remote Australia","65 and over","mobile_phone_use","Mobile camera",0,0,0
2024,"VIC","Remote Australia","65 and over","non_wearing_seatbelts","Fixed camera",0,0,0
2024,"VIC","Remote Australia","65 and over","non_wearing_seatbelts","Mobile camera",0,0,0
2024,"VIC","Remote Australia","65 and over","speed_fines","Fixed camera",0,0,0
2024,"VIC","Remote Australia","65 and over","speed_fines","Mobile camera",0,0,0
2024,"VIC","Unknown","12-16","mobile_phone_use","Fixed camera",0,0,0
2024,"VIC","Unknown","12-16","mobile_phone_use","Mobile camera",0,0,0
2024,"VIC","Unknown","12-16","mobile_phone_use","Police issued",1,0,0
2024,"VIC","Unknown","12-16","non_wearing_seatbelts","Fixed camera",0,0,0
2024,"VIC","Unknown","12-16","non_wearing_seatbelts","Mobile camera",0,0,0
2024,"VIC","Unknown","12-16","non_wearing_seatbelts","Police issued",1,0,0
2024,"VIC","Unknown","12-16","speed_fines","Fixed camera",0,0,0
2024,"VIC","Unknown","12-16","speed_fines","Mobile camera",0,0,0
2024,"VIC","Unknown","12-16","unlicensed_driving","Not applicable",9,0,0
2024,"VIC","Unknown","17-25","mobile_phone_use","Fixed camera",0,0,0
2024,"VIC","Unknown","17-25","mobile_phone_use","Mobile camera",0,0,0
2024,"VIC","Unknown","17-25","mobile_phone_use","Police issued",186,0,0
2024,"VIC","Unknown","17-25","non_wearing_seatbelts","Fixed camera",0,0,0
2024,"VIC","Unknown","17-25","non_wearing_seatbelts","Mobile camera",0,0,0
2024,"VIC","Unknown","17-25","non_wearing_seatbelts","Police issued",76,0,0
2024,"VIC","Unknown","17-25","speed_fines","Fixed camera",404,0,0
2024,"VIC","Unknown","17-25","speed_fines","Mobile camera",0,0,0
2024,"VIC","Unknown","17-25","speed_fines","Police issued",2115,0,0
2024,"VIC","Unknown","17-25","unlicensed_driving","Not applicable",166,0,0
2024,"VIC","Unknown","26-39","mobile_phone_use","Fixed camera",0,0,0
2024,"VIC","Unknown","26-39","mobile_phone_use","Mobile camera",0,0,0
2024,"VIC","Unknown","26-39","mobile_phone_use","Police issued",518,0,0
2024,"VIC","Unknown","26-39","non_wearing_seatbelts","Fixed camera",0,0,0
2024,"VIC","Unknown","26-39","non_wearing_seatbelts","Mobile camera",0,0,0
2024,"VIC","Unknown","26-39","non_wearing_seatbelts","Police issued",154,0,0
2024,"VIC","Unknown","26-39","speed_fines","Fixed camera",977,0,0
2024,"VIC","Unknown","26-39","speed_fines","Mobile camera",0,0,0
2024,"VIC","Unknown","26-39","speed_fines","Police issued",4072,0,0
2024,"VIC","Unknown","26-39","unlicensed_driving","Not applicable",349,0,0
2024,"VIC","Unknown","40-64","mobile_phone_use","Fixed camera",0,0,0
2024,"VIC","Unknown","40-64","mobile_phone_use","Mobile camera",0,0,0
2024,"VIC","Unknown","40-64","mobile_phone_use","Police issued",435,0,0
2024,"VIC","Unknown","40-64","non_wearing_seatbelts","Fixed camera",0,0,0
2024,"VIC","Unknown","40-64","non_wearing_seatbelts","Mobile camera",0,0,0
2024,"VIC","Unknown","40-64","non_wearing_seatbelts","Police issued",147,0,0
2024,"VIC","Unknown","40-64","speed_fines","Fixed camera",1297,0,0
2024,"VIC","Unknown","40-64","speed_fines","Mobile camera",0,0,0
2024,"VIC","Unknown","40-64","speed_fines","Police issued",5043,0,0
2024,"VIC","Unknown","40-64","unlicensed_driving","Not applicable",217,0,0
2024,"VIC","Unknown","65 and over","mobile_phone_use","Fixed camera",0,0,0
2024,"VIC","Unknown","65 and over","mobile_phone_use","Mobile camera",0,0,0
2024,"VIC","Unknown","65 and over","mobile_phone_use","Police issued",44,0,0
2024,"VIC","Unknown","65 and over","non_wearing_seatbelts","Fixed camera",0,0,0
2024,"VIC","Unknown","65 and over","non_wearing_seatbelts","Mobile camera",0,0,0
2024,"VIC","Unknown","65 and over","non_wearing_seatbelts","Police issued",39,0,0
2024,"VIC","Unknown","65 and over","speed_fines","Fixed camera",293,0,0
2024,"VIC","Unknown","65 and over","speed_fines","Mobile camera",0,0,0
2024,"VIC","Unknown","65 and over","speed_fines","Police issued",1197,0,0
2024,"VIC","Unknown","65 and over","unlicensed_driving","Not applicable",21,0,0
2024,"WA","Unknown","12-16","speed_fines","Average speed camera",9,0,0
2024,"WA","Unknown","12-16","speed_fines","Fixed camera",18,0,0
2024,"WA","Unknown","12-16","speed_fines","Mobile camera",138,0,0
2024,"WA","Unknown","12-16","speed_fines","Police issued",1,0,0
2024,"WA","Unknown","12-16","speed_fines","Red light camera",38,0,0
2024,"WA","Unknown","12-16","unlicensed_driving","Not applicable",0,10,40
2024,"WA","Unknown","17-25","mobile_phone_use","Police issued",64,0,0
2024,"WA","Unknown","17-25","non_wearing_seatbelts","Police issued",40,0,0
2024,"WA","Unknown","17-25","speed_fines","Average speed camera",155,0,0
2024,"WA","Unknown","17-25","speed_fines","Fixed camera",596,0,0
2024,"WA","Unknown","17-25","speed_fines","Mobile camera",4251,0,0
2024,"WA","Unknown","17-25","speed_fines","Police issued",998,0,0
2024,"WA","Unknown","17-25","speed_fines","Red light camera",683,0,0
2024,"WA","Unknown","17-25","unlicensed_driving","Not applicable",32,36,334
2024,"WA","Unknown","26-39","mobile_phone_use","Police issued",134,0,0
2024,"WA","Unknown","26-39","non_wearing_seatbelts","Police issued",65,0,0
2024,"WA","Unknown","26-39","speed_fines","Average speed camera",358,0,0
2024,"WA","Unknown","26-39","speed_fines","Fixed camera",1754,0,0
2024,"WA","Unknown","26-39","speed_fines","Mobile camera",10044,0,0
2024,"WA","Unknown","26-39","speed_fines","Police issued",1764,0,0
2024,"WA","Unknown","26-39","speed_fines","Red light camera",2104,0,0
2024,"WA","Unknown","26-39","unlicensed_driving","Not applicable",91,98,645
2024,"WA","Unknown","40-64","mobile_phone_use","Police issued",76,0,0
2024,"WA","Unknown","40-64","non_wearing_seatbelts","Police issued",52,0,0
2024,"WA","Unknown","40-64","speed_fines","Average speed camera",485,0,0
2024,"WA","Unknown","40-64","speed_fines","Fixed camera",2622,0,0
2024,"WA","Unknown","40-64","speed_fines","Mobile camera",14494,0,0
2024,"WA","Unknown","40-64","speed_fines","Police issued",2204,0,0
2024,"WA","Unknown","40-64","speed_fines","Red light camera",4622,0,0
2024,"WA","Unknown","40-64","unlicensed_driving","Not applicable",59,20,358
2024,"WA","Unknown","65 and over","mobile_phone_use","Police issued",15,0,0
2024,"WA","Unknown","65 and over","non_wearing_seatbelts","Police issued",11,0,0
2024,"WA","Unknown","65 and over","speed_fines","Average speed camera",66,0,0
2024,"WA","Unknown","65 and over","speed_fines","Fixed camera",676,0,0
2024,"WA","Unknown","65 and over","speed_fines","Mobile camera",3310,0,0
2024,"WA","Unknown","65 and over","speed_fines","Police issued",460,0,0
2024,"WA","Unknown","65 and over","speed_fines","Red light camera",1408,0,0
2024,"WA","Unknown","65 and over","unlicensed_driving","Not applicable",1,0,14
2024,"ACT","Major Cities of Australia","12-16","speed_fines","Fixed camera",2,0,0
2024,"ACT","Major Cities of Australia","12-16","speed_fines","Police issued",3,0,0
2024,"ACT","Major Cities of Australia","17-25","mobile_phone_use","Fixed or mobile camera",309,0,0
2024,"ACT","Major Cities of Australia","17-25","mobile_phone_use","Police issued",6,0,0
2024,"ACT","Major Cities of Australia","17-25","non_wearing_seatbelts","Police issued",0,0,1
2024,"ACT","Major Cities of Australia","17-25","speed_fines","Fixed camera",426,0,0
2024,"ACT","Major Cities of Australia","17-25","speed_fines","Mobile camera",188,0,0
2024,"ACT","Major Cities of Australia","17-25","speed_fines","Police issued",52,0,3
2024,"ACT","Major Cities of Australia","17-25","unlicensed_driving","Not applicable",4,2,5
2024,"ACT","Major Cities of Australia","26-39","mobile_phone_use","Fixed or mobile camera",1082,0,0
2024,"ACT","Major Cities of Australia","26-39","mobile_phone_use","Police issued",4,1,1
2024,"ACT","Major Cities of Australia","26-39","non_wearing_seatbelts","Police issued",3,0,0
2024,"ACT","Major Cities of Australia","26-39","speed_fines","Fixed camera",918,0,0
2024,"ACT","Major Cities of Australia","26-39","speed_fines","Mobile camera",410,0,0
2024,"ACT","Major Cities of Australia","26-39","speed_fines","Police issued",60,0,2
2024,"ACT","Major Cities of Australia","26-39","unlicensed_driving","Not applicable",16,7,32
2024,"ACT","Major Cities of Australia","40-64","mobile_phone_use","Fixed or mobile camera",922,0,0
2024,"ACT","Major Cities of Australia","40-64","mobile_phone_use","Police issued",6,0,1
2024,"ACT","Major Cities of Australia","40-64","speed_fines","Fixed camera",1340,0,0
2024,"ACT","Major Cities of Australia","40-64","speed_fines","Mobile camera",573,0,0
2024,"ACT","Major Cities of Australia","40-64","speed_fines","Police issued",54,0,0
2024,"ACT","Major Cities of Australia","40-64","unlicensed_driving","Not applicable",7,2,9
2024,"ACT","Major Cities of Australia","65 and over","mobile_phone_use","Fixed or mobile camera",134,0,0
2024,"ACT","Major Cities of Australia","65 and over","speed_fines","Fixed camera",327,0,0
2024,"ACT","Major Cities of Australia","65 and over","speed_fines","Mobile camera",206,0,0
2024,"ACT","Major Cities of Australia","65 and over","speed_fines","Police issued",3,0,0
2024,"NSW","Inner Regional Australia","12-16","mobile_phone_use","Police issued",0,0,1
2024,"NSW","Inner Regional Australia","12-16","speed_fines","Police issued",8,0,2
2024,"NSW","Inner Regional Australia","12-16","unlicensed_driving","Not applicable",1,0,8
2024,"NSW","Inner Regional Australia","17-25","mobile_phone_use","Police issued",40,0,1
2024,"NSW","Inner Regional Australia","17-25","non_wearing_seatbelts","Police issued",51,0,2
2024,"NSW","Inner Regional Australia","17-25","speed_fines","Police issued",1266,0,19
2024,"NSW","Inner Regional Australia","17-25","unlicensed_driving","Not applicable",38,0,142
2024,"NSW","Inner Regional Australia","26-39","mobile_phone_use","Police issued",47,0,1
2024,"NSW","Inner Regional Australia","26-39","non_wearing_seatbelts","Police issued",64,0,1
2024,"NSW","Inner Regional Australia","26-39","speed_fines","Police issued",1895,0,10
2024,"NSW","Inner Regional Australia","26-39","unlicensed_driving","Not applicable",64,0,244
2024,"NSW","Inner Regional Australia","40-64","mobile_phone_use","Police issued",16,0,0
2024,"NSW","Inner Regional Australia","40-64","non_wearing_seatbelts","Police issued",31,0,0
2024,"NSW","Inner Regional Australia","40-64","speed_fines","Police issued",2225,0,7
2024,"NSW","Inner Regional Australia","40-64","unlicensed_driving","Not applicable",50,0,162
2024,"NSW","Inner Regional Australia","65 and over","mobile_phone_use","Police issued",2,0,0
2024,"NSW","Inner Regional Australia","65 and over","non_wearing_seatbelts","Police issued",9,0,0
2024,"NSW","Inner Regional Australia","65 and over","speed_fines","Police issued",440,0,0
2024,"NSW","Inner Regional Australia","65 and over","unlicensed_driving","Not applicable",3,0,11
2024,"NSW","Major Cities of Australia","12-16","mobile_phone_use","Police issued",0,0,3
2024,"NSW","Major Cities of Australia","12-16","non_wearing_seatbelts","Police issued",1,0,0
2024,"NSW","Major Cities of Australia","12-16","speed_fines","Police issued",8,0,0
2024,"NSW","Major Cities of Australia","12-16","unlicensed_driving","Not applicable",2,0,24
2024,"NSW","Major Cities of Australia","17-25","mobile_phone_use","Police issued",324,0,3
2024,"NSW","Major Cities of Australia","17-25","non_wearing_seatbelts","Police issued",64,0,4
2024,"NSW","Major Cities of Australia","17-25","speed_fines","Police issued",1695,0,56
2024,"NSW","Major Cities of Australia","17-25","unlicensed_driving","Not applicable",166,0,511
2024,"NSW","Major Cities of Australia","26-39","mobile_phone_use","Police issued",322,0,3
2024,"NSW","Major Cities of Australia","26-39","non_wearing_seatbelts","Police issued",89,0,5
2024,"NSW","Major Cities of Australia","26-39","speed_fines","Police issued",1957,0,35
2024,"NSW","Major Cities of Australia","26-39","unlicensed_driving","Not applicable",189,0,656
2024,"NSW","Major Cities of Australia","40-64","mobile_phone_use","Police issued",258,0,5
2024,"NSW","Major Cities of Australia","40-64","non_wearing_seatbelts","Police issued",54,0,1
2024,"NSW","Major Cities of Australia","40-64","speed_fines","Police issued",1731,0,17
2024,"NSW","Major Cities of Australia","40-64","unlicensed_driving","Not applicable",100,0,418
2024,"NSW","Major Cities of Australia","65 and over","mobile_phone_use","Police issued",25,0,0
2024,"NSW","Major Cities of Australia","65 and over","non_wearing_seatbelts","Police issued",15,0,0
2024,"NSW","Major Cities of Australia","65 and over","speed_fines","Police issued",243,0,0
2024,"NSW","Major Cities of Australia","65 and over","unlicensed_driving","Not applicable",11,0,22
2024,"NSW","Outer Regional Australia","12-16","speed_fines","Police issued",1,0,0
2024,"NSW","Outer Regional Australia","12-16","unlicensed_driving","Not applicable",1,0,2
2024,"NSW","Outer Regional Australia","17-25","mobile_phone_use","Police issued",6,0,2
2024,"NSW","Outer Regional Australia","17-25","non_wearing_seatbelts","Police issued",12,0,0
2024,"NSW","Outer Regional Australia","17-25","speed_fines","Police issued",317,0,1
2024,"NSW","Outer Regional Australia","17-25","unlicensed_driving","Not applicable",7,0,28
2024,"NSW","Outer Regional Australia","26-39","mobile_phone_use","Police issued",6,0,0
2024,"NSW","Outer Regional Australia","26-39","non_wearing_seatbelts","Police issued",14,0,0
2024,"NSW","Outer Regional Australia","26-39","speed_fines","Police issued",516,0,0
2024,"NSW","Outer Regional Australia","26-39","unlicensed_driving","Not applicable",25,0,68
2024,"NSW","Outer Regional Australia","40-64","mobile_phone_use","Police issued",7,0,0
2024,"NSW","Outer Regional Australia","40-64","non_wearing_seatbelts","Police issued",9,0,1
2024,"NSW","Outer Regional Australia","40-64","speed_fines","Police issued",603,0,1
2024,"NSW","Outer Regional Australia","40-64","unlicensed_driving","Not applicable",16,0,29
2024,"NSW","Outer Regional Australia","65 and over","non_wearing_seatbelts","Police issued",4,0,0
2024,"NSW","Outer Regional Australia","65 and over","speed_fines","Police issued",184,0,0
2024,"NSW","Outer Regional Australia","65 and over","unlicensed_driving","Not applicable",3,0,4
2024,"NSW","Remote Australia","12-16","unlicensed_driving","Not applicable",0,0,2
2024,"NSW","Remote Australia","17-25","non_wearing_seatbelts","Police issued",5,0,0
2024,"NSW","Remote Australia","17-25","speed_fines","Police issued",34,0,0
2024,"NSW","Remote Australia","17-25","unlicensed_driving","Not applicable",2,0,4
2024,"NSW","Remote Australia","26-39","non_wearing_seatbelts","Police issued",5,0,1
2024,"NSW","Remote Australia","26-39","speed_fines","Police issued",34,0,0
2024,"NSW","Remote Australia","26-39","unlicensed_driving","Not applicable",2,0,10
2024,"NSW","Remote Australia","40-64","mobile_phone_use","Police issued",1,0,0
2024,"NSW","Remote Australia","40-64","non_wearing_seatbelts","Police issued",5,0,0
2024,"NSW","Remote Australia","40-64","speed_fines","Police issued",52,0,0
2024,"NSW","Remote Australia","40-64","unlicensed_driving","Not applicable",2,0,5
2024,"NSW","Remote Australia","65 and over","non_wearing_seatbelts","Police issued",1,0,0
2024,"NSW","Remote Australia","65 and over","speed_fines","Police issued",18,0,0
2024,"NSW","Unknown","12-16","unlicensed_driving","Not applicable",1,0,0
2024,"NSW","Unknown","17-25","mobile_phone_use","Police issued",5,0,0
2024,"NSW","Unknown","17-25","non_wearing_seatbelts","Police issued",7,0,0
2024,"NSW","Unknown","17-25","speed_fines","Police issued",70,0,1
2024,"NSW","Unknown","17-25","unlicensed_driving","Not applicable",5,0,21
2024,"NSW","Unknown","26-39","mobile_phone_use","Police issued",13,0,0
2024,"NSW","Unknown","26-39","non_wearing_seatbelts","Police issued",3,0,0
2024,"NSW","Unknown","26-39","speed_fines","Police issued",105,0,0
2024,"NSW","Unknown","26-39","unlicensed_driving","Not applicable",12,0,24
2024,"NSW","Unknown","40-64","mobile_phone_use","Police issued",4,0,0
2024,"NSW","Unknown","40-64","non_wearing_seatbelts","Police issued",3,0,0
2024,"NSW","Unknown","40-64","speed_fines","Police issued",79,0,0
2024,"NSW","Unknown","40-64","unlicensed_driving","Not applicable",3,0,20
2024,"NSW","Unknown","65 and over","non_wearing_seatbelts","Police issued",1,0,0
2024,"NSW","Unknown","65 and over","speed_fines","Police issued",18,0,0
2024,"NSW","Unknown","65 and over","unlicensed_driving","Not applicable",0,0,1
2024,"NSW","Very Remote Australia","17-25","speed_fines","Police issued",1,0,0
2024,"NSW","Very Remote Australia","17-25","unlicensed_driving","Not applicable",1,0,4
2024,"NSW","Very Remote Australia","26-39","non_wearing_seatbelts","Police issued",2,0,0
2024,"NSW","Very Remote Australia","26-39","speed_fines","Police issued",2,0,0
2024,"NSW","Very Remote Australia","26-39","unlicensed_driving","Not applicable",2,0,3
2024,"NSW","Very Remote Australia","40-64","mobile_phone_use","Police issued",1,0,0
2024,"NSW","Very Remote Australia","40-64","non_wearing_seatbelts","Police issued",3,0,0
2024,"NSW","Very Remote Australia","40-64","speed_fines","Police issued",3,0,0
2024,"NSW","Very Remote Australia","40-64","unlicensed_driving","Not applicable",0,0,2
2024,"NT","Unknown","12-16","speed_fines","Police issued",3,0,0
2024,"NT","Unknown","12-16","unlicensed_driving","Not applicable",1,8,12
2024,"NT","Unknown","17-25","mobile_phone_use","Police issued",3,0,1
2024,"NT","Unknown","17-25","non_wearing_seatbelts","Police issued",19,1,21
2024,"NT","Unknown","17-25","speed_fines","Fixed camera",137,0,0
2024,"NT","Unknown","17-25","speed_fines","Mobile camera",280,0,0
2024,"NT","Unknown","17-25","speed_fines","Police issued",73,0,0
2024,"NT","Unknown","17-25","unlicensed_driving","Not applicable",9,13,54
2024,"NT","Unknown","26-39","mobile_phone_use","Police issued",8,0,0
2024,"NT","Unknown","26-39","non_wearing_seatbelts","Police issued",36,3,43
2024,"NT","Unknown","26-39","speed_fines","Fixed camera",395,0,0
2024,"NT","Unknown","26-39","speed_fines","Mobile camera",579,0,0
2024,"NT","Unknown","26-39","speed_fines","Police issued",134,0,0
2024,"NT","Unknown","26-39","unlicensed_driving","Not applicable",13,27,109
2024,"NT","Unknown","40-64","mobile_phone_use","Police issued",8,0,1
2024,"NT","Unknown","40-64","non_wearing_seatbelts","Police issued",32,1,9
2024,"NT","Unknown","40-64","speed_fines","Fixed camera",635,0,0
2024,"NT","Unknown","40-64","speed_fines","Mobile camera",795,0,0
2024,"NT","Unknown","40-64","speed_fines","Police issued",135,0,0
2024,"NT","Unknown","40-64","unlicensed_driving","Not applicable",7,10,52
2024,"NT","Unknown","65 and over","non_wearing_seatbelts","Police issued",4,0,0
2024,"NT","Unknown","65 and over","speed_fines","Fixed camera",131,0,0
2024,"NT","Unknown","65 and over","speed_fines","Mobile camera",191,0,0
2024,"NT","Unknown","65 and over","speed_fines","Police issued",29,0,0
2024,"NT","Unknown","65 and over","unlicensed_driving","Not applicable",0,0,2
2024,"QLD","Unknown","12-16","mobile_phone_use","Fixed camera",170,0,0
2024,"QLD","Unknown","12-16","non_wearing_seatbelts","Fixed camera",71,0,0
2024,"QLD","Unknown","12-16","non_wearing_seatbelts","Police issued",1,0,0
2024,"QLD","Unknown","12-16","speed_fines","Fixed camera",552,0,0
2024,"QLD","Unknown","12-16","speed_fines","Mobile camera",883,0,0
2024,"QLD","Unknown","12-16","speed_fines","Police issued",2,0,0
2024,"QLD","Unknown","12-16","unlicensed_driving","Not applicable",39,0,0
2024,"QLD","Unknown","17-25","mobile_phone_use","Fixed camera",802,0,0
2024,"QLD","Unknown","17-25","mobile_phone_use","Police issued",48,0,0
2024,"QLD","Unknown","17-25","non_wearing_seatbelts","Fixed camera",431,0,0
2024,"QLD","Unknown","17-25","non_wearing_seatbelts","Police issued",57,0,0
2024,"QLD","Unknown","17-25","speed_fines","Fixed camera",2476,0,0
2024,"QLD","Unknown","17-25","speed_fines","Mobile camera",5324,0,0
2024,"QLD","Unknown","17-25","speed_fines","Police issued",1951,0,0
2024,"QLD","Unknown","17-25","unlicensed_driving","Not applicable",596,0,0
2024,"QLD","Unknown","26-39","mobile_phone_use","Fixed camera",2410,0,0
2024,"QLD","Unknown","26-39","mobile_phone_use","Police issued",113,0,0
2024,"QLD","Unknown","26-39","non_wearing_seatbelts","Fixed camera",1150,0,0
2024,"QLD","Unknown","26-39","non_wearing_seatbelts","Police issued",119,0,0
2024,"QLD","Unknown","26-39","speed_fines","Fixed camera",5691,0,0
2024,"QLD","Unknown","26-39","speed_fines","Mobile camera",10984,0,0
2024,"QLD","Unknown","26-39","speed_fines","Police issued",2825,0,0
2024,"QLD","Unknown","26-39","unlicensed_driving","Not applicable",939,0,0
2024,"QLD","Unknown","40-64","mobile_phone_use","Fixed camera",2599,0,0
2024,"QLD","Unknown","40-64","mobile_phone_use","Police issued",68,0,0
2024,"QLD","Unknown","40-64","non_wearing_seatbelts","Fixed camera",1253,0,0
2024,"QLD","Unknown","40-64","non_wearing_seatbelts","Police issued",82,0,0
2024,"QLD","Unknown","40-64","speed_fines","Fixed camera",8580,0,0
2024,"QLD","Unknown","40-64","speed_fines","Mobile camera",16277,0,0
2024,"QLD","Unknown","40-64","speed_fines","Police issued",3145,0,0
2024,"QLD","Unknown","40-64","unlicensed_driving","Not applicable",609,0,0
2024,"QLD","Unknown","65 and over","mobile_phone_use","Fixed camera",321,0,0
2024,"QLD","Unknown","65 and over","mobile_phone_use","Police issued",8,0,0
2024,"QLD","Unknown","65 and over","non_wearing_seatbelts","Fixed camera",281,0,0
2024,"QLD","Unknown","65 and over","non_wearing_seatbelts","Police issued",10,0,0
2024,"QLD","Unknown","65 and over","speed_fines","Fixed camera",2471,0,0
2024,"QLD","Unknown","65 and over","speed_fines","Mobile camera",4468,0,0
2024,"QLD","Unknown","65 and over","speed_fines","Police issued",637,0,0
2024,"QLD","Unknown","65 and over","unlicensed_driving","Not applicable",40,0,0
2024,"SA","Inner Regional Australia","12-16","speed_fines","Police issued",1,0,0
2024,"SA","Inner Regional Australia","17-25","non_wearing_seatbelts","Police issued",2,0,0
2024,"SA","Inner Regional Australia","17-25","speed_fines","Fixed camera",47,0,0
2024,"SA","Inner Regional Australia","17-25","speed_fines","Mobile camera",91,0,0
2024,"SA","Inner Regional Australia","17-25","speed_fines","Police issued",160,0,1
2024,"SA","Inner Regional Australia","26-39","mobile_phone_use","Police issued",3,0,0
2024,"SA","Inner Regional Australia","26-39","non_wearing_seatbelts","Police issued",6,0,0
2024,"SA","Inner Regional Australia","26-39","speed_fines","Fixed camera",86,0,0
2024,"SA","Inner Regional Australia","26-39","speed_fines","Mobile camera",278,0,0
2024,"SA","Inner Regional Australia","26-39","speed_fines","Police issued",306,0,4
2024,"SA","Inner Regional Australia","40-64","mobile_phone_use","Police issued",3,0,0
2024,"SA","Inner Regional Australia","40-64","non_wearing_seatbelts","Police issued",11,0,0
2024,"SA","Inner Regional Australia","40-64","speed_fines","Fixed camera",106,0,0
2024,"SA","Inner Regional Australia","40-64","speed_fines","Mobile camera",486,0,0
2024,"SA","Inner Regional Australia","40-64","speed_fines","Police issued",405,0,1
2024,"SA","Inner Regional Australia","65 and over","mobile_phone_use","Police issued",1,0,0
2024,"SA","Inner Regional Australia","65 and over","non_wearing_seatbelts","Police issued",5,0,0
2024,"SA","Inner Regional Australia","65 and over","speed_fines","Fixed camera",28,0,0
2024,"SA","Inner Regional Australia","65 and over","speed_fines","Mobile camera",275,0,0
2024,"SA","Inner Regional Australia","65 and over","speed_fines","Police issued",121,0,0
2024,"SA","Inner Regional Australia","65 and over","unlicensed_driving","Not applicable",1,0,0
2024,"SA","Major Cities of Australia","12-16","speed_fines","Fixed camera",1,0,0
2024,"SA","Major Cities of Australia","17-25","mobile_phone_use","Police issued",68,0,0
2024,"SA","Major Cities of Australia","17-25","non_wearing_seatbelts","Police issued",30,0,0
2024,"SA","Major Cities of Australia","17-25","speed_fines","Fixed camera",406,0,0
2024,"SA","Major Cities of Australia","17-25","speed_fines","Mobile camera",469,0,0
2024,"SA","Major Cities of Australia","17-25","speed_fines","Police issued",418,1,6
2024,"SA","Major Cities of Australia","26-39","mobile_phone_use","Police issued",120,0,0
2024,"SA","Major Cities of Australia","26-39","non_wearing_seatbelts","Police issued",47,0,0
2024,"SA","Major Cities of Australia","26-39","speed_fines","Fixed camera",897,0,0
2024,"SA","Major Cities of Australia","26-39","speed_fines","Mobile camera",1111,0,0
2024,"SA","Major Cities of Australia","26-39","speed_fines","Police issued",653,2,4
2024,"SA","Major Cities of Australia","40-64","mobile_phone_use","Police issued",85,0,0
2024,"SA","Major Cities of Australia","40-64","non_wearing_seatbelts","Police issued",43,0,0
2024,"SA","Major Cities of Australia","40-64","speed_fines","Fixed camera",1921,0,0
2024,"SA","Major Cities of Australia","40-64","speed_fines","Mobile camera",1603,0,0
2024,"SA","Major Cities of Australia","40-64","speed_fines","Police issued",711,0,3
2024,"SA","Major Cities of Australia","65 and over","mobile_phone_use","Police issued",9,0,0
2024,"SA","Major Cities of Australia","65 and over","non_wearing_seatbelts","Police issued",14,0,0
2024,"SA","Major Cities of Australia","65 and over","speed_fines","Fixed camera",771,0,0
2024,"SA","Major Cities of Australia","65 and over","speed_fines","Mobile camera",462,0,0
2024,"SA","Major Cities of Australia","65 and over","speed_fines","Police issued",151,0,0
2024,"SA","Major Cities of Australia","65 and over","unlicensed_driving","Not applicable",9,0,0
2024,"SA","Outer Regional Australia","17-25","mobile_phone_use","Police issued",4,0,0
2024,"SA","Outer Regional Australia","17-25","non_wearing_seatbelts","Police issued",8,0,0
2024,"SA","Outer Regional Australia","17-25","speed_fines","Fixed camera",36,0,0
2024,"SA","Outer Regional Australia","17-25","speed_fines","Mobile camera",44,0,0
2024,"SA","Outer Regional Australia","17-25","speed_fines","Police issued",183,1,2
2024,"SA","Outer Regional Australia","26-39","mobile_phone_use","Police issued",4,0,0
2024,"SA","Outer Regional Australia","26-39","non_wearing_seatbelts","Police issued",11,0,0
2024,"SA","Outer Regional Australia","26-39","speed_fines","Fixed camera",26,0,0
2024,"SA","Outer Regional Australia","26-39","speed_fines","Mobile camera",119,0,0
2024,"SA","Outer Regional Australia","26-39","speed_fines","Police issued",383,0,0
2024,"SA","Outer Regional Australia","40-64","mobile_phone_use","Police issued",9,0,0
2024,"SA","Outer Regional Australia","40-64","non_wearing_seatbelts","Police issued",14,0,0
2024,"SA","Outer Regional Australia","40-64","speed_fines","Fixed camera",45,0,0
2024,"SA","Outer Regional Australia","40-64","speed_fines","Mobile camera",276,0,0
2024,"SA","Outer Regional Australia","40-64","speed_fines","Police issued",567,0,1
2024,"SA","Outer Regional Australia","65 and over","mobile_phone_use","Police issued",2,0,0
2024,"SA","Outer Regional Australia","65 and over","non_wearing_seatbelts","Police issued",3,0,0
2024,"SA","Outer Regional Australia","65 and over","speed_fines","Fixed camera",18,0,0
2024,"SA","Outer Regional Australia","65 and over","speed_fines","Mobile camera",146,0,0
2024,"SA","Outer Regional Australia","65 and over","speed_fines","Police issued",164,0,2
2024,"SA","Outer Regional Australia","65 and over","unlicensed_driving","Not applicable",3,0,0
2024,"SA","Remote Australia","17-25","non_wearing_seatbelts","Police issued",1,0,0
2024,"SA","Remote Australia","17-25","speed_fines","Mobile camera",2,0,0
2024,"SA","Remote Australia","17-25","speed_fines","Police issued",43,0,1
2024,"SA","Remote Australia","26-39","non_wearing_seatbelts","Police issued",3,0,0
2024,"SA","Remote Australia","26-39","speed_fines","Mobile camera",8,0,0
2024,"SA","Remote Australia","26-39","speed_fines","Police issued",83,0,0
2024,"SA","Remote Australia","40-64","non_wearing_seatbelts","Police issued",3,0,0
2024,"SA","Remote Australia","40-64","speed_fines","Mobile camera",18,0,0
2024,"SA","Remote Australia","40-64","speed_fines","Police issued",107,0,1
2024,"SA","Remote Australia","65 and over","non_wearing_seatbelts","Police issued",1,0,0
2024,"SA","Remote Australia","65 and over","speed_fines","Mobile camera",3,0,0
2024,"SA","Remote Australia","65 and over","speed_fines","Police issued",28,0,0
2024,"SA","Remote Australia","65 and over","unlicensed_driving","Not applicable",3,0,0
2024,"SA","Unknown","12-16","unlicensed_driving","Not applicable",0,5,3
2024,"SA","Unknown","17-25","mobile_phone_use","Police issued",1,0,0
2024,"SA","Unknown","17-25","speed_fines","Police issued",18,0,0
2024,"SA","Unknown","17-25","unlicensed_driving","Not applicable",0,15,62
2024,"SA","Unknown","26-39","mobile_phone_use","Police issued",1,0,0
2024,"SA","Unknown","26-39","non_wearing_seatbelts","Police issued",1,0,0
2024,"SA","Unknown","26-39","speed_fines","Mobile camera",1,0,0
2024,"SA","Unknown","26-39","speed_fines","Police issued",40,0,0
2024,"SA","Unknown","26-39","unlicensed_driving","Not applicable",0,48,168
2024,"SA","Unknown","40-64","mobile_phone_use","Police issued",1,0,0
2024,"SA","Unknown","40-64","non_wearing_seatbelts","Police issued",1,0,0
2024,"SA","Unknown","40-64","speed_fines","Mobile camera",1,0,0
2024,"SA","Unknown","40-64","speed_fines","Police issued",54,0,0
2024,"SA","Unknown","40-64","unlicensed_driving","Not applicable",0,24,156
2024,"SA","Unknown","65 and over","speed_fines","Police issued",25,0,0
2024,"SA","Unknown","65 and over","unlicensed_driving","Not applicable",0,0,9
2024,"SA","Very Remote Australia","17-25","mobile_phone_use","Police issued",2,0,0
2024,"SA","Very Remote Australia","17-25","non_wearing_seatbelts","Police issued",2,0,0
2024,"SA","Very Remote Australia","17-25","speed_fines","Police issued",16,0,1
2024,"SA","Very Remote Australia","26-39","mobile_phone_use","Police issued",1,0,0
2024,"SA","Very Remote Australia","26-39","non_wearing_seatbelts","Police issued",5,0,0
2024,"SA","Very Remote Australia","26-39","speed_fines","Police issued",47,0,0
2024,"SA","Very Remote Australia","40-64","non_wearing_seatbelts","Police issued",7,0,0
2024,"SA","Very Remote Australia","40-64","speed_fines","Police issued",60,0,0
2024,"SA","Very Remote Australia","65 and over","speed_fines","Police issued",20,0,0
2024,"TAS","Unknown","12-16","speed_fines","Fixed or mobile camera",1,0,0
2024,"TAS","Unknown","12-16","unlicensed_driving","Not applicable",0,0,7
2024,"TAS","Unknown","17-25","mobile_phone_use","Fixed or mobile camera",5,0,0
2024,"TAS","Unknown","17-25","mobile_phone_use","Police issued",37,0,1
2024,"TAS","Unknown","17-25","non_wearing_seatbelts","Fixed or mobile camera",27,0,0
2024,"TAS","Unknown","17-25","non_wearing_seatbelts","Police issued",10,0,1
2024,"TAS","Unknown","17-25","speed_fines","Fixed or mobile camera",424,0,0
2024,"TAS","Unknown","17-25","speed_fines","Police issued",325,0,10
2024,"TAS","Unknown","17-25","unlicensed_driving","Not applicable",2,0,36
2024,"TAS","Unknown","26-39","mobile_phone_use","Fixed or mobile camera",25,0,0
2024,"TAS","Unknown","26-39","mobile_phone_use","Police issued",42,0,1
2024,"TAS","Unknown","26-39","non_wearing_seatbelts","Fixed or mobile camera",54,0,0
2024,"TAS","Unknown","26-39","non_wearing_seatbelts","Police issued",16,0,3
2024,"TAS","Unknown","26-39","speed_fines","Fixed or mobile camera",1179,0,0
2024,"TAS","Unknown","26-39","speed_fines","Police issued",433,0,17
2024,"TAS","Unknown","26-39","unlicensed_driving","Not applicable",8,0,68
2024,"TAS","Unknown","40-64","mobile_phone_use","Fixed or mobile camera",38,0,0
2024,"TAS","Unknown","40-64","mobile_phone_use","Police issued",32,0,0
2024,"TAS","Unknown","40-64","non_wearing_seatbelts","Fixed or mobile camera",101,0,0
2024,"TAS","Unknown","40-64","non_wearing_seatbelts","Police issued",12,0,4
2024,"TAS","Unknown","40-64","speed_fines","Fixed or mobile camera",1718,0,0
2024,"TAS","Unknown","40-64","speed_fines","Police issued",500,0,11
2024,"TAS","Unknown","40-64","unlicensed_driving","Not applicable",6,0,53
2024,"TAS","Unknown","65 and over","mobile_phone_use","Fixed or mobile camera",6,0,0
2024,"TAS","Unknown","65 and over","mobile_phone_use","Police issued",9,0,0
2024,"TAS","Unknown","65 and over","non_wearing_seatbelts","Fixed or mobile camera",47,0,0
2024,"TAS","Unknown","65 and over","non_wearing_seatbelts","Police issued",4,0,1
2024,"TAS","Unknown","65 and over","speed_fines","Fixed or mobile camera",665,0,0
2024,"TAS","Unknown","65 and over","speed_fines","Police issued",125,0,0
2024,"TAS","Unknown","65 and over","unlicensed_driving","Not applicable",0,0,1
2024,"VIC","Inner Regional Australia","12-16","mobile_phone_use","Fixed camera",0,0,0
2024,"VIC","Inner Regional Australia","12-16","mobile_phone_use","Mobile camera",0,0,0
2024,"VIC","Inner Regional Australia","12-16","non_wearing_seatbelts","Fixed camera",0,0,0
2024,"VIC","Inner Regional Australia","12-16","non_wearing_seatbelts","Mobile camera",0,0,0
2024,"VIC","Inner Regional Australia","12-16","speed_fines","Fixed camera",0,0,0
2024,"VIC","Inner Regional Australia","12-16","speed_fines","Mobile camera",0,0,0
2024,"VIC","Inner Regional Australia","17-25","mobile_phone_use","Fixed camera",0,0,0
2024,"VIC","Inner Regional Australia","17-25","mobile_phone_use","Mobile camera",47,0,0
2024,"VIC","Inner Regional Australia","17-25","non_wearing_seatbelts","Fixed camera",0,0,0
2024,"VIC","Inner Regional Australia","17-25","non_wearing_seatbelts","Mobile camera",39,0,0
2024,"VIC","Inner Regional Australia","17-25","speed_fines","Fixed camera",87,0,0
2024,"VIC","Inner Regional Australia","17-25","speed_fines","Mobile camera",671,0,0
2024,"VIC","Inner Regional Australia","26-39","mobile_phone_use","Fixed camera",0,0,0
2024,"VIC","Inner Regional Australia","26-39","mobile_phone_use","Mobile camera",160,0,0
2024,"VIC","Inner Regional Australia","26-39","non_wearing_seatbelts","Fixed camera",0,0,0
2024,"VIC","Inner Regional Australia","26-39","non_wearing_seatbelts","Mobile camera",155,0,0
2024,"VIC","Inner Regional Australia","26-39","speed_fines","Fixed camera",317,0,0
2024,"VIC","Inner Regional Australia","26-39","speed_fines","Mobile camera",2246,0,0
2024,"VIC","Inner Regional Australia","40-64","mobile_phone_use","Fixed camera",0,0,0
2024,"VIC","Inner Regional Australia","40-64","mobile_phone_use","Mobile camera",240,0,0
2024,"VIC","Inner Regional Australia","40-64","non_wearing_seatbelts","Fixed camera",0,0,0
2024,"VIC","Inner Regional Australia","40-64","non_wearing_seatbelts","Mobile camera",203,0,0
2024,"VIC","Inner Regional Australia","40-64","speed_fines","Fixed camera",606,0,0
2024,"VIC","Inner Regional Australia","40-64","speed_fines","Mobile camera",3665,0,0
2024,"VIC","Inner Regional Australia","65 and over","mobile_phone_use","Fixed camera",0,0,0
2024,"VIC","Inner Regional Australia","65 and over","mobile_phone_use","Mobile camera",34,0,0
2024,"VIC","Inner Regional Australia","65 and over","non_wearing_seatbelts","Fixed camera",0,0,0
2024,"VIC","Inner Regional Australia","65 and over","non_wearing_seatbelts","Mobile camera",78,0,0
2024,"VIC","Inner Regional Australia","65 and over","speed_fines","Fixed camera",279,0,0
2024,"VIC","Inner Regional Australia","65 and over","speed_fines","Mobile camera",1525,0,0
2024,"VIC","Major Cities of Australia","12-16","mobile_phone_use","Fixed camera",0,0,0
2024,"VIC","Major Cities of Australia","12-16","mobile_phone_use","Mobile camera",0,0,0
2024,"VIC","Major Cities of Australia","12-16","non_wearing_seatbelts","Fixed camera",0,0,0
2024,"VIC","Major Cities of Australia","12-16","non_wearing_seatbelts","Mobile camera",0,0,0
2024,"VIC","Major Cities of Australia","12-16","speed_fines","Fixed camera",0,0,0
2024,"VIC","Major Cities of Australia","12-16","speed_fines","Mobile camera",0,0,0
2024,"VIC","Major Cities of Australia","17-25","mobile_phone_use","Fixed camera",0,0,0
2024,"VIC","Major Cities of Australia","17-25","mobile_phone_use","Mobile camera",292,0,0
2024,"VIC","Major Cities of Australia","17-25","non_wearing_seatbelts","Fixed camera",0,0,0
2024,"VIC","Major Cities of Australia","17-25","non_wearing_seatbelts","Mobile camera",345,0,0
2024,"VIC","Major Cities of Australia","17-25","speed_fines","Fixed camera",2891,0,0
2024,"VIC","Major Cities of Australia","17-25","speed_fines","Mobile camera",2721,0,0
2024,"VIC","Major Cities of Australia","26-39","mobile_phone_use","Fixed camera",0,0,0
2024,"VIC","Major Cities of Australia","26-39","mobile_phone_use","Mobile camera",1398,0,0
2024,"VIC","Major Cities of Australia","26-39","non_wearing_seatbelts","Fixed camera",0,0,0
2024,"VIC","Major Cities of Australia","26-39","non_wearing_seatbelts","Mobile camera",1549,0,0
2024,"VIC","Major Cities of Australia","26-39","speed_fines","Fixed camera",9751,0,0
2024,"VIC","Major Cities of Australia","26-39","speed_fines","Mobile camera",9362,0,0
2024,"VIC","Major Cities of Australia","40-64","mobile_phone_use","Fixed camera",0,0,0
2024,"VIC","Major Cities of Australia","40-64","mobile_phone_use","Mobile camera",1503,0,0
2024,"VIC","Major Cities of Australia","40-64","non_wearing_seatbelts","Fixed camera",0,0,0
2024,"VIC","Major Cities of Australia","40-64","non_wearing_seatbelts","Mobile camera",1940,0,0
2024,"VIC","Major Cities of Australia","40-64","speed_fines","Fixed camera",15699,0,0
2024,"VIC","Major Cities of Australia","40-64","speed_fines","Mobile camera",14713,0,0
2024,"VIC","Major Cities of Australia","65 and over","mobile_phone_use","Fixed camera",0,0,0
2024,"VIC","Major Cities of Australia","65 and over","mobile_phone_use","Mobile camera",277,0,0
2024,"VIC","Major Cities of Australia","65 and over","non_wearing_seatbelts","Fixed camera",0,0,0
2024,"VIC","Major Cities of Australia","65 and over","non_wearing_seatbelts","Mobile camera",507,0,0
2024,"VIC","Major Cities of Australia","65 and over","speed_fines","Fixed camera",4587,0,0
2024,"VIC","Major Cities of Australia","65 and over","speed_fines","Mobile camera",4237,0,0
2024,"VIC","Outer Regional Australia","12-16","mobile_phone_use","Fixed camera",0,0,0
2024,"VIC","Outer Regional Australia","12-16","mobile_phone_use","Mobile camera",0,0,0
2024,"VIC","Outer Regional Australia","12-16","non_wearing_seatbelts","Fixed camera",0,0,0
2024,"VIC","Outer Regional Australia","12-16","non_wearing_seatbelts","Mobile camera",0,0,0
2024,"VIC","Outer Regional Australia","12-16","speed_fines","Fixed camera",0,0,0
2024,"VIC","Outer Regional Australia","12-16","speed_fines","Mobile camera",0,0,0
2024,"VIC","Outer Regional Australia","17-25","mobile_phone_use","Fixed camera",0,0,0
2024,"VIC","Outer Regional Australia","17-25","mobile_phone_use","Mobile camera",18,0,0
2024,"VIC","Outer Regional Australia","17-25","non_wearing_seatbelts","Fixed camera",0,0,0
2024,"VIC","Outer Regional Australia","17-25","non_wearing_seatbelts","Mobile camera",29,0,0
2024,"VIC","Outer Regional Australia","17-25","speed_fines","Fixed camera",1,0,0
2024,"VIC","Outer Regional Australia","17-25","speed_fines","Mobile camera",113,0,0
2024,"VIC","Outer Regional Australia","26-39","mobile_phone_use","Fixed camera",0,0,0
2024,"VIC","Outer Regional Australia","26-39","mobile_phone_use","Mobile camera",82,0,0
2024,"VIC","Outer Regional Australia","26-39","non_wearing_seatbelts","Fixed camera",0,0,0
2024,"VIC","Outer Regional Australia","26-39","non_wearing_seatbelts","Mobile camera",131,0,0
2024,"VIC","Outer Regional Australia","26-39","speed_fines","Fixed camera",11,0,0
2024,"VIC","Outer Regional Australia","26-39","speed_fines","Mobile camera",432,0,0
2024,"VIC","Outer Regional Australia","40-64","mobile_phone_use","Fixed camera",0,0,0
2024,"VIC","Outer Regional Australia","40-64","mobile_phone_use","Mobile camera",83,0,0
2024,"VIC","Outer Regional Australia","40-64","non_wearing_seatbelts","Fixed camera",0,0,0
2024,"VIC","Outer Regional Australia","40-64","non_wearing_seatbelts","Mobile camera",176,0,0
2024,"VIC","Outer Regional Australia","40-64","speed_fines","Fixed camera",11,0,0
2024,"VIC","Outer Regional Australia","40-64","speed_fines","Mobile camera",672,0,0
2024,"VIC","Outer Regional Australia","65 and over","mobile_phone_use","Fixed camera",0,0,0
2024,"VIC","Outer Regional Australia","65 and over","mobile_phone_use","Mobile camera",13,0,0
2024,"VIC","Outer Regional Australia","65 and over","non_wearing_seatbelts","Fixed camera",0,0,0
2024,"VIC","Outer Regional Australia","65 and over","non_wearing_seatbelts","Mobile camera",67,0,0
2024,"VIC","Outer Regional Australia","65 and over","speed_fines","Fixed camera",2,0,0
2024,"VIC","Outer Regional Australia","65 and over","speed_fines","Mobile camera",293,0,0
2024,"VIC","Remote Australia","12-16","mobile_phone_use","Fixed camera",0,0,0
2024,"VIC","Remote Australia","12-16","mobile_phone_use","Mobile camera",0,0,0
2024,"VIC","Remote Australia","12-16","non_wearing_seatbelts","Fixed camera",0,0,0
2024,"VIC","Remote Australia","12-16","non_wearing_seatbelts","Mobile camera",0,0,0
2024,"VIC","Remote Australia","12-16","speed_fines","Fixed camera",0,0,0
2024,"VIC","Remote Australia","12-16","speed_fines","Mobile camera",0,0,0
2024,"VIC","Remote Australia","17-25","mobile_phone_use","Fixed camera",0,0,0
2024,"VIC","Remote Australia","17-25","mobile_phone_use","Mobile camera",0,0,0
2024,"VIC","Remote Australia","17-25","non_wearing_seatbelts","Fixed camera",0,0,0
2024,"VIC","Remote Australia","17-25","non_wearing_seatbelts","Mobile camera",0,0,0
2024,"VIC","Remote Australia","17-25","speed_fines","Fixed camera",0,0,0
2024,"VIC","Remote Australia","17-25","speed_fines","Mobile camera",0,0,0
2024,"VIC","Remote Australia","26-39","mobile_phone_use","Fixed camera",0,0,0
2024,"VIC","Remote Australia","26-39","mobile_phone_use","Mobile camera",0,0,0
2024,"VIC","Remote Australia","26-39","non_wearing_seatbelts","Fixed camera",0,0,0
2024,"VIC","Remote Australia","26-39","non_wearing_seatbelts","Mobile camera",0,0,0
2024,"VIC","Remote Australia","26-39","speed_fines","Fixed camera",0,0,0
2024,"VIC","Remote Australia","26-39","speed_fines","Mobile camera",0,0,0
2024,"VIC","Remote Australia","40-64","mobile_phone_use","Fixed camera",0,0,0
2024,"VIC","Remote Australia","40-64","mobile_phone_use","Mobile camera",0,0,0
2024,"VIC","Remote Australia","40-64","non_wearing_seatbelts","Fixed camera",0,0,0
2024,"VIC","Remote Australia","40-64","non_wearing_seatbelts","Mobile camera",0,0,0
2024,"VIC","Remote Australia","40-64","speed_fines","Fixed camera",0,0,0
2024,"VIC","Remote Australia","40-64","speed_fines","Mobile camera",0,0,0
2024,"VIC","Remote Australia","65 and over","mobile_phone_use","Fixed camera",0,0,0
2024,"VIC","Remote Australia","65 and over","mobile_phone_use","Mobile camera",0,0,0
2024,"VIC","Remote Australia","65 and over","non_wearing_seatbelts","Fixed camera",0,0,0
2024,"VIC","Remote Australia","65 and over","non_wearing_seatbelts","Mobile camera",0,0,0
2024,"VIC","Remote Australia","65 and over","speed_fines","Fixed camera",0,0,0
2024,"VIC","Remote Australia","65 and over","speed_fines","Mobile camera",0,0,0
2024,"VIC","Unknown","12-16","mobile_phone_use","Fixed camera",0,0,0
2024,"VIC","Unknown","12-16","mobile_phone_use","Mobile camera",0,0,0
2024,"VIC","Unknown","12-16","non_wearing_seatbelts","Fixed camera",0,0,0
2024,"VIC","Unknown","12-16","non_wearing_seatbelts","Mobile camera",0,0,0
2024,"VIC","Unknown","12-16","non_wearing_seatbelts","Police issued",2,0,0
2024,"VIC","Unknown","12-16","speed_fines","Fixed camera",0,0,0
2024,"VIC","Unknown","12-16","speed_fines","Mobile camera",0,0,0
2024,"VIC","Unknown","12-16","speed_fines","Police issued",5,0,0
2024,"VIC","Unknown","12-16","unlicensed_driving","Not applicable",8,0,0
2024,"VIC","Unknown","17-25","mobile_phone_use","Fixed camera",0,0,0
2024,"VIC","Unknown","17-25","mobile_phone_use","Mobile camera",0,0,0
2024,"VIC","Unknown","17-25","mobile_phone_use","Police issued",253,0,0
2024,"VIC","Unknown","17-25","non_wearing_seatbelts","Fixed camera",0,0,0
2024,"VIC","Unknown","17-25","non_wearing_seatbelts","Mobile camera",0,0,0
2024,"VIC","Unknown","17-25","non_wearing_seatbelts","Police issued",68,0,0
2024,"VIC","Unknown","17-25","speed_fines","Fixed camera",584,0,0
2024,"VIC","Unknown","17-25","speed_fines","Mobile camera",0,0,0
2024,"VIC","Unknown","17-25","speed_fines","Police issued",1955,0,0
2024,"VIC","Unknown","17-25","unlicensed_driving","Not applicable",208,0,0
2024,"VIC","Unknown","26-39","mobile_phone_use","Fixed camera",0,0,0
2024,"VIC","Unknown","26-39","mobile_phone_use","Mobile camera",0,0,0
2024,"VIC","Unknown","26-39","mobile_phone_use","Police issued",702,0,0
2024,"VIC","Unknown","26-39","non_wearing_seatbelts","Fixed camera",0,0,0
2024,"VIC","Unknown","26-39","non_wearing_seatbelts","Mobile camera",0,0,0
2024,"VIC","Unknown","26-39","non_wearing_seatbelts","Police issued",178,0,0
2024,"VIC","Unknown","26-39","speed_fines","Fixed camera",1197,0,0
2024,"VIC","Unknown","26-39","speed_fines","Mobile camera",0,0,0
2024,"VIC","Unknown","26-39","speed_fines","Police issued",3871,0,0
2024,"VIC","Unknown","26-39","unlicensed_driving","Not applicable",376,0,0
2024,"VIC","Unknown","40-64","mobile_phone_use","Fixed camera",0,0,0
2024,"VIC","Unknown","40-64","mobile_phone_use","Mobile camera",0,0,0
2024,"VIC","Unknown","40-64","mobile_phone_use","Police issued",561,0,0
2024,"VIC","Unknown","40-64","non_wearing_seatbelts","Fixed camera",0,0,0
2024,"VIC","Unknown","40-64","non_wearing_seatbelts","Mobile camera",0,0,0
2024,"VIC","Unknown","40-64","non_wearing_seatbelts","Police issued",144,0,0
2024,"VIC","Unknown","40-64","speed_fines","Fixed camera",1515,0,0
2024,"VIC","Unknown","40-64","speed_fines","Mobile camera",0,0,0
2024,"VIC","Unknown","40-64","speed_fines","Police issued",4657,0,0
2024,"VIC","Unknown","40-64","unlicensed_driving","Not applicable",204,0,0
2024,"VIC","Unknown","65 and over","mobile_phone_use","Fixed camera",0,0,0
2024,"VIC","Unknown","65 and over","mobile_phone_use","Mobile camera",0,0,0
2024,"VIC","Unknown","65 and over","mobile_phone_use","Police issued",67,0,0
2024,"VIC","Unknown","65 and over","non_wearing_seatbelts","Fixed camera",0,0,0
2024,"VIC","Unknown","65 and over","non_wearing_seatbelts","Mobile camera",0,0,0
2024,"VIC","Unknown","65 and over","non_wearing_seatbelts","Police issued",32,0,0
2024,"VIC","Unknown","65 and over","speed_fines","Fixed camera",336,0,0
2024,"VIC","Unknown","65 and over","speed_fines","Mobile camera",0,0,0
2024,"VIC","Unknown","65 and over","speed_fines","Police issued",1018,0,0
2024,"VIC","Unknown","65 and over","unlicensed_driving","Not applicable",23,0,0
2024,"WA","Unknown","12-16","speed_fines","Average speed camera",19,0,0
2024,"WA","Unknown","12-16","speed_fines","Fixed camera",40,0,0
2024,"WA","Unknown","12-16","speed_fines","Mobile camera",245,0,0
2024,"WA","Unknown","12-16","speed_fines","Red light camera",80,0,0
2024,"WA","Unknown","12-16","unlicensed_driving","Not applicable",0,7,29
2024,"WA","Unknown","17-25","mobile_phone_use","Police issued",106,0,0
2024,"WA","Unknown","17-25","non_wearing_seatbelts","Police issued",52,0,0
2024,"WA","Unknown","17-25","speed_fines","Average speed camera",195,0,0
2024,"WA","Unknown","17-25","speed_fines","Fixed camera",445,0,0
2024,"WA","Unknown","17-25","speed_fines","Mobile camera",4168,0,0
2024,"WA","Unknown","17-25","speed_fines","Police issued",1178,0,0
2024,"WA","Unknown","17-25","speed_fines","Red light camera",765,0,0
2024,"WA","Unknown","17-25","unlicensed_driving","Not applicable",57,33,365
2024,"WA","Unknown","26-39","mobile_phone_use","Police issued",203,0,0
2024,"WA","Unknown","26-39","non_wearing_seatbelts","Police issued",88,0,0
2024,"WA","Unknown","26-39","speed_fines","Average speed camera",476,0,0
2024,"WA","Unknown","26-39","speed_fines","Fixed camera",878,0,0
2024,"WA","Unknown","26-39","speed_fines","Mobile camera",10481,0,0
2024,"WA","Unknown","26-39","speed_fines","Police issued",2180,0,0
2024,"WA","Unknown","26-39","speed_fines","Red light camera",2343,0,0
2024,"WA","Unknown","26-39","unlicensed_driving","Not applicable",91,97,644
2024,"WA","Unknown","40-64","mobile_phone_use","Police issued",140,0,0
2024,"WA","Unknown","40-64","non_wearing_seatbelts","Police issued",64,0,0
2024,"WA","Unknown","40-64","speed_fines","Average speed camera",552,0,0
2024,"WA","Unknown","40-64","speed_fines","Fixed camera",1335,0,0
2024,"WA","Unknown","40-64","speed_fines","Mobile camera",15191,0,0
2024,"WA","Unknown","40-64","speed_fines","Police issued",2628,0,0
2024,"WA","Unknown","40-64","speed_fines","Red light camera",4848,0,0
2024,"WA","Unknown","40-64","unlicensed_driving","Not applicable",79,38,398
2024,"WA","Unknown","65 and over","mobile_phone_use","Police issued",15,0,0
2024,"WA","Unknown","65 and over","non_wearing_seatbelts","Police issued",8,0,0
2024,"WA","Unknown","65 and over","speed_fines","Average speed camera",80,0,0
2024,"WA","Unknown","65 and over","speed_fines","Fixed camera",360,0,0
2024,"WA","Unknown","65 and over","speed_fines","Mobile camera",3715,0,0
2024,"WA","Unknown","65 and over","speed_fines","Police issued",463,0,0
2024,"WA","Unknown","65 and over","speed_fines","Red light camera",1522,0,0
2024,"WA","Unknown","65 and over","unlicensed_driving","Not applicable",8,1,14
2024,"ACT","Major Cities of Australia","12-16","speed_fines","Police issued",0,1,1
2024,"ACT","Major Cities of Australia","12-16","unlicensed_driving","Not applicable",0,2,2
2024,"ACT","Major Cities of Australia","17-25","mobile_phone_use","Fixed or mobile camera",277,0,0
2024,"ACT","Major Cities of Australia","17-25","mobile_phone_use","Police issued",2,0,0
2024,"ACT","Major Cities of Australia","17-25","speed_fines","Fixed camera",528,0,0
2024,"ACT","Major Cities of Australia","17-25","speed_fines","Mobile camera",235,0,0
2024,"ACT","Major Cities of Australia","17-25","speed_fines","Police issued",62,1,5
2024,"ACT","Major Cities of Australia","17-25","unlicensed_driving","Not applicable",9,5,20
2024,"ACT","Major Cities of Australia","26-39","mobile_phone_use","Fixed or mobile camera",960,0,0
2024,"ACT","Major Cities of Australia","26-39","mobile_phone_use","Police issued",5,0,0
2024,"ACT","Major Cities of Australia","26-39","speed_fines","Fixed camera",1050,0,0
2024,"ACT","Major Cities of Australia","26-39","speed_fines","Mobile camera",488,0,0
2024,"ACT","Major Cities of Australia","26-39","speed_fines","Police issued",74,1,2
2024,"ACT","Major Cities of Australia","26-39","unlicensed_driving","Not applicable",10,12,40
2024,"ACT","Major Cities of Australia","40-64","mobile_phone_use","Fixed or mobile camera",908,0,0
2024,"ACT","Major Cities of Australia","40-64","mobile_phone_use","Police issued",2,0,0
2024,"ACT","Major Cities of Australia","40-64","non_wearing_seatbelts","Police issued",1,0,0
2024,"ACT","Major Cities of Australia","40-64","speed_fines","Fixed camera",1548,0,0
2024,"ACT","Major Cities of Australia","40-64","speed_fines","Mobile camera",671,0,0
2024,"ACT","Major Cities of Australia","40-64","speed_fines","Police issued",61,0,1
2024,"ACT","Major Cities of Australia","40-64","unlicensed_driving","Not applicable",5,5,13
2024,"ACT","Major Cities of Australia","65 and over","mobile_phone_use","Fixed or mobile camera",115,0,0
2024,"ACT","Major Cities of Australia","65 and over","speed_fines","Fixed camera",382,0,0
2024,"ACT","Major Cities of Australia","65 and over","speed_fines","Mobile camera",260,0,0
2024,"ACT","Major Cities of Australia","65 and over","speed_fines","Police issued",6,0,0
2024,"ACT","Major Cities of Australia","65 and over","unlicensed_driving","Not applicable",1,0,0
2024,"NSW","Inner Regional Australia","12-16","non_wearing_seatbelts","Police issued",0,0,1
2024,"NSW","Inner Regional Australia","12-16","speed_fines","Police issued",7,0,0
2024,"NSW","Inner Regional Australia","12-16","unlicensed_driving","Not applicable",1,0,10
2024,"NSW","Inner Regional Australia","17-25","mobile_phone_use","Police issued",29,0,0
2024,"NSW","Inner Regional Australia","17-25","non_wearing_seatbelts","Police issued",45,0,2
2024,"NSW","Inner Regional Australia","17-25","speed_fines","Police issued",1612,0,15
2024,"NSW","Inner Regional Australia","17-25","unlicensed_driving","Not applicable",29,0,143
2024,"NSW","Inner Regional Australia","26-39","mobile_phone_use","Police issued",56,0,1
2024,"NSW","Inner Regional Australia","26-39","non_wearing_seatbelts","Police issued",56,0,1
2024,"NSW","Inner Regional Australia","26-39","speed_fines","Police issued",2322,0,15
2024,"NSW","Inner Regional Australia","26-39","unlicensed_driving","Not applicable",73,0,229
2024,"NSW","Inner Regional Australia","40-64","mobile_phone_use","Police issued",42,0,0
2024,"NSW","Inner Regional Australia","40-64","non_wearing_seatbelts","Police issued",44,0,0
2024,"NSW","Inner Regional Australia","40-64","speed_fines","Police issued",2465,0,4
2024,"NSW","Inner Regional Australia","40-64","unlicensed_driving","Not applicable",52,0,167
2024,"NSW","Inner Regional Australia","65 and over","mobile_phone_use","Police issued",5,0,0
2024,"NSW","Inner Regional Australia","65 and over","non_wearing_seatbelts","Police issued",10,0,0
2024,"NSW","Inner Regional Australia","65 and over","speed_fines","Police issued",602,0,0
2024,"NSW","Inner Regional Australia","65 and over","unlicensed_driving","Not applicable",7,0,9
2024,"NSW","Major Cities of Australia","12-16","mobile_phone_use","Police issued",1,0,1
2024,"NSW","Major Cities of Australia","12-16","non_wearing_seatbelts","Police issued",1,0,1
2024,"NSW","Major Cities of Australia","12-16","speed_fines","Police issued",2,0,1
2024,"NSW","Major Cities of Australia","12-16","unlicensed_driving","Not applicable",2,0,15
2024,"NSW","Major Cities of Australia","17-25","mobile_phone_use","Police issued",384,0,5
2024,"NSW","Major Cities of Australia","17-25","non_wearing_seatbelts","Police issued",73,0,3
2024,"NSW","Major Cities of Australia","17-25","speed_fines","Police issued",2121,0,48
2024,"NSW","Major Cities of Australia","17-25","unlicensed_driving","Not applicable",162,0,573
2024,"NSW","Major Cities of Australia","26-39","mobile_phone_use","Police issued",392,0,6
2024,"NSW","Major Cities of Australia","26-39","non_wearing_seatbelts","Police issued",152,0,4
2024,"NSW","Major Cities of Australia","26-39","speed_fines","Police issued",2161,0,25
2024,"NSW","Major Cities of Australia","26-39","unlicensed_driving","Not applicable",222,0,741
2024,"NSW","Major Cities of Australia","40-64","mobile_phone_use","Police issued",304,0,2
2024,"NSW","Major Cities of Australia","40-64","non_wearing_seatbelts","Police issued",88,0,4
2024,"NSW","Major Cities of Australia","40-64","speed_fines","Police issued",1914,0,19
2024,"NSW","Major Cities of Australia","40-64","unlicensed_driving","Not applicable",102,0,495
2024,"NSW","Major Cities of Australia","65 and over","mobile_phone_use","Police issued",27,0,0
2024,"NSW","Major Cities of Australia","65 and over","non_wearing_seatbelts","Police issued",13,0,0
2024,"NSW","Major Cities of Australia","65 and over","speed_fines","Police issued",281,0,0
2024,"NSW","Major Cities of Australia","65 and over","unlicensed_driving","Not applicable",12,0,24
2024,"NSW","Outer Regional Australia","12-16","speed_fines","Police issued",1,0,0
2024,"NSW","Outer Regional Australia","17-25","mobile_phone_use","Police issued",7,0,0
2024,"NSW","Outer Regional Australia","17-25","non_wearing_seatbelts","Police issued",19,0,0
2024,"NSW","Outer Regional Australia","17-25","speed_fines","Police issued",446,0,1
2024,"NSW","Outer Regional Australia","17-25","unlicensed_driving","Not applicable",13,0,39
2024,"NSW","Outer Regional Australia","26-39","mobile_phone_use","Police issued",10,0,0
2024,"NSW","Outer Regional Australia","26-39","non_wearing_seatbelts","Police issued",24,0,0
2024,"NSW","Outer Regional Australia","26-39","speed_fines","Police issued",746,0,1
2024,"NSW","Outer Regional Australia","26-39","unlicensed_driving","Not applicable",36,0,69
2024,"NSW","Outer Regional Australia","40-64","mobile_phone_use","Police issued",8,0,0
2024,"NSW","Outer Regional Australia","40-64","non_wearing_seatbelts","Police issued",20,0,0
2024,"NSW","Outer Regional Australia","40-64","speed_fines","Police issued",883,0,1
2024,"NSW","Outer Regional Australia","40-64","unlicensed_driving","Not applicable",13,0,40
2024,"NSW","Outer Regional Australia","65 and over","mobile_phone_use","Police issued",1,0,0
2024,"NSW","Outer Regional Australia","65 and over","non_wearing_seatbelts","Police issued",9,0,0
2024,"NSW","Outer Regional Australia","65 and over","speed_fines","Police issued",224,0,2
2024,"NSW","Outer Regional Australia","65 and over","unlicensed_driving","Not applicable",1,0,5
2024,"NSW","Remote Australia","12-16","speed_fines","Police issued",1,0,0
2024,"NSW","Remote Australia","12-16","unlicensed_driving","Not applicable",0,0,1
2024,"NSW","Remote Australia","17-25","non_wearing_seatbelts","Police issued",0,0,1
2024,"NSW","Remote Australia","17-25","speed_fines","Police issued",18,0,0
2024,"NSW","Remote Australia","17-25","unlicensed_driving","Not applicable",1,0,6
2024,"NSW","Remote Australia","26-39","non_wearing_seatbelts","Police issued",4,0,0
2024,"NSW","Remote Australia","26-39","speed_fines","Police issued",59,0,0
2024,"NSW","Remote Australia","26-39","unlicensed_driving","Not applicable",3,0,16
2024,"NSW","Remote Australia","40-64","mobile_phone_use","Police issued",1,0,0
2024,"NSW","Remote Australia","40-64","non_wearing_seatbelts","Police issued",1,0,0
2024,"NSW","Remote Australia","40-64","speed_fines","Police issued",75,0,0
2024,"NSW","Remote Australia","40-64","unlicensed_driving","Not applicable",5,0,3
2024,"NSW","Remote Australia","65 and over","non_wearing_seatbelts","Police issued",1,0,0
2024,"NSW","Remote Australia","65 and over","speed_fines","Police issued",18,0,0
2024,"NSW","Unknown","12-16","unlicensed_driving","Not applicable",0,0,1
2024,"NSW","Unknown","17-25","mobile_phone_use","Police issued",3,0,0
2024,"NSW","Unknown","17-25","speed_fines","Police issued",23,0,0
2024,"NSW","Unknown","17-25","unlicensed_driving","Not applicable",1,0,4
2024,"NSW","Unknown","26-39","mobile_phone_use","Police issued",8,0,0
2024,"NSW","Unknown","26-39","non_wearing_seatbelts","Police issued",1,0,0
2024,"NSW","Unknown","26-39","speed_fines","Police issued",31,0,2
2024,"NSW","Unknown","26-39","unlicensed_driving","Not applicable",5,0,7
2024,"NSW","Unknown","40-64","mobile_phone_use","Police issued",4,0,0
2024,"NSW","Unknown","40-64","non_wearing_seatbelts","Police issued",5,0,0
2024,"NSW","Unknown","40-64","speed_fines","Police issued",29,0,0
2024,"NSW","Unknown","40-64","unlicensed_driving","Not applicable",0,0,3
2024,"NSW","Unknown","65 and over","mobile_phone_use","Police issued",1,0,0
2024,"NSW","Unknown","65 and over","speed_fines","Police issued",5,0,0
2024,"NSW","Very Remote Australia","17-25","non_wearing_seatbelts","Police issued",1,0,0
2024,"NSW","Very Remote Australia","17-25","speed_fines","Police issued",4,0,0
2024,"NSW","Very Remote Australia","17-25","unlicensed_driving","Not applicable",0,0,1
2024,"NSW","Very Remote Australia","26-39","non_wearing_seatbelts","Police issued",4,0,0
2024,"NSW","Very Remote Australia","26-39","speed_fines","Police issued",8,0,0
2024,"NSW","Very Remote Australia","26-39","unlicensed_driving","Not applicable",0,0,4
2024,"NSW","Very Remote Australia","40-64","non_wearing_seatbelts","Police issued",2,0,0
2024,"NSW","Very Remote Australia","40-64","speed_fines","Police issued",10,0,0
2024,"NSW","Very Remote Australia","40-64","unlicensed_driving","Not applicable",1,0,2
2024,"NSW","Very Remote Australia","65 and over","speed_fines","Police issued",1,0,0
2024,"NT","Unknown","12-16","non_wearing_seatbelts","Police issued",0,0,1
2024,"NT","Unknown","12-16","speed_fines","Fixed camera",2,0,0
2024,"NT","Unknown","12-16","speed_fines","Mobile camera",1,0,0
2024,"NT","Unknown","12-16","speed_fines","Police issued",2,0,0
2024,"NT","Unknown","12-16","unlicensed_driving","Not applicable",0,10,19
2024,"NT","Unknown","17-25","mobile_phone_use","Police issued",4,0,0
2024,"NT","Unknown","17-25","non_wearing_seatbelts","Police issued",13,1,27
2024,"NT","Unknown","17-25","speed_fines","Fixed camera",95,0,0
2024,"NT","Unknown","17-25","speed_fines","Mobile camera",350,0,0
2024,"NT","Unknown","17-25","speed_fines","Police issued",62,0,0
2024,"NT","Unknown","17-25","unlicensed_driving","Not applicable",13,8,51
2024,"NT","Unknown","26-39","mobile_phone_use","Police issued",6,0,0
2024,"NT","Unknown","26-39","non_wearing_seatbelts","Police issued",50,3,44
2024,"NT","Unknown","26-39","speed_fines","Fixed camera",287,0,0
2024,"NT","Unknown","26-39","speed_fines","Mobile camera",960,0,0
2024,"NT","Unknown","26-39","speed_fines","Police issued",111,0,0
2024,"NT","Unknown","26-39","unlicensed_driving","Not applicable",24,24,98
2024,"NT","Unknown","40-64","mobile_phone_use","Police issued",5,0,1
2024,"NT","Unknown","40-64","non_wearing_seatbelts","Police issued",31,1,22
2024,"NT","Unknown","40-64","speed_fines","Fixed camera",465,0,0
2024,"NT","Unknown","40-64","speed_fines","Mobile camera",1150,0,0
2024,"NT","Unknown","40-64","speed_fines","Police issued",161,0,0
2024,"NT","Unknown","40-64","unlicensed_driving","Not applicable",11,16,45
2024,"NT","Unknown","65 and over","non_wearing_seatbelts","Police issued",0,0,1
2024,"NT","Unknown","65 and over","speed_fines","Fixed camera",101,0,0
2024,"NT","Unknown","65 and over","speed_fines","Mobile camera",303,0,0
2024,"NT","Unknown","65 and over","speed_fines","Police issued",27,0,0
2024,"QLD","Unknown","12-16","mobile_phone_use","Fixed camera",177,0,0
2024,"QLD","Unknown","12-16","mobile_phone_use","Police issued",1,0,0
2024,"QLD","Unknown","12-16","non_wearing_seatbelts","Fixed camera",64,0,0
2024,"QLD","Unknown","12-16","non_wearing_seatbelts","Police issued",1,0,0
2024,"QLD","Unknown","12-16","speed_fines","Fixed camera",664,0,0
2024,"QLD","Unknown","12-16","speed_fines","Mobile camera",813,0,0
2024,"QLD","Unknown","12-16","speed_fines","Police issued",5,0,0
2024,"QLD","Unknown","12-16","unlicensed_driving","Not applicable",63,0,0
2024,"QLD","Unknown","17-25","mobile_phone_use","Fixed camera",741,0,0
2024,"QLD","Unknown","17-25","mobile_phone_use","Police issued",76,0,0
2024,"QLD","Unknown","17-25","non_wearing_seatbelts","Fixed camera",449,0,0
2024,"QLD","Unknown","17-25","non_wearing_seatbelts","Police issued",71,0,0
2024,"QLD","Unknown","17-25","speed_fines","Fixed camera",2788,0,0
2024,"QLD","Unknown","17-25","speed_fines","Mobile camera",5066,0,0
2024,"QLD","Unknown","17-25","speed_fines","Police issued",2150,0,0
2024,"QLD","Unknown","17-25","unlicensed_driving","Not applicable",619,0,0
2024,"QLD","Unknown","26-39","mobile_phone_use","Fixed camera",2188,0,0
2024,"QLD","Unknown","26-39","mobile_phone_use","Police issued",109,0,0
2024,"QLD","Unknown","26-39","non_wearing_seatbelts","Fixed camera",1239,0,0
2024,"QLD","Unknown","26-39","non_wearing_seatbelts","Police issued",158,0,0
2024,"QLD","Unknown","26-39","speed_fines","Fixed camera",6308,0,0
2024,"QLD","Unknown","26-39","speed_fines","Mobile camera",10291,0,0
2024,"QLD","Unknown","26-39","speed_fines","Police issued",3111,0,0
2024,"QLD","Unknown","26-39","unlicensed_driving","Not applicable",861,0,0
2024,"QLD","Unknown","40-64","mobile_phone_use","Fixed camera",2264,0,0
2024,"QLD","Unknown","40-64","mobile_phone_use","Police issued",73,0,0
2024,"QLD","Unknown","40-64","non_wearing_seatbelts","Fixed camera",1210,0,0
2024,"QLD","Unknown","40-64","non_wearing_seatbelts","Police issued",82,0,0
2024,"QLD","Unknown","40-64","speed_fines","Fixed camera",9186,0,0
2024,"QLD","Unknown","40-64","speed_fines","Mobile camera",14875,0,0
2024,"QLD","Unknown","40-64","speed_fines","Police issued",3345,0,0
2024,"QLD","Unknown","40-64","unlicensed_driving","Not applicable",570,0,0
2024,"QLD","Unknown","65 and over","mobile_phone_use","Fixed camera",323,0,0
2024,"QLD","Unknown","65 and over","mobile_phone_use","Police issued",5,0,0
2024,"QLD","Unknown","65 and over","non_wearing_seatbelts","Fixed camera",279,0,0
2024,"QLD","Unknown","65 and over","non_wearing_seatbelts","Police issued",18,0,0
2024,"QLD","Unknown","65 and over","speed_fines","Fixed camera",2708,0,0
2024,"QLD","Unknown","65 and over","speed_fines","Mobile camera",4063,0,0
2024,"QLD","Unknown","65 and over","speed_fines","Police issued",719,0,0
2024,"QLD","Unknown","65 and over","unlicensed_driving","Not applicable",32,0,0
2024,"SA","Inner Regional Australia","12-16","non_wearing_seatbelts","Police issued",1,0,0
2024,"SA","Inner Regional Australia","17-25","mobile_phone_use","Police issued",1,0,0
2024,"SA","Inner Regional Australia","17-25","non_wearing_seatbelts","Police issued",1,0,0
2024,"SA","Inner Regional Australia","17-25","speed_fines","Fixed camera",19,0,0
2024,"SA","Inner Regional Australia","17-25","speed_fines","Mobile camera",85,0,0
2024,"SA","Inner Regional Australia","17-25","speed_fines","Police issued",193,0,2
2024,"SA","Inner Regional Australia","26-39","mobile_phone_use","Police issued",6,0,0
2024,"SA","Inner Regional Australia","26-39","non_wearing_seatbelts","Police issued",9,0,0
2024,"SA","Inner Regional Australia","26-39","speed_fines","Fixed camera",65,0,0
2024,"SA","Inner Regional Australia","26-39","speed_fines","Mobile camera",239,0,0
2024,"SA","Inner Regional Australia","26-39","speed_fines","Police issued",370,0,3
2024,"SA","Inner Regional Australia","40-64","mobile_phone_use","Police issued",3,0,0
2024,"SA","Inner Regional Australia","40-64","non_wearing_seatbelts","Police issued",7,0,0
2024,"SA","Inner Regional Australia","40-64","speed_fines","Fixed camera",87,0,0
2024,"SA","Inner Regional Australia","40-64","speed_fines","Mobile camera",507,0,0
2024,"SA","Inner Regional Australia","40-64","speed_fines","Police issued",481,0,1
2024,"SA","Inner Regional Australia","65 and over","mobile_phone_use","Police issued",1,0,0
2024,"SA","Inner Regional Australia","65 and over","non_wearing_seatbelts","Police issued",9,0,0
2024,"SA","Inner Regional Australia","65 and over","speed_fines","Fixed camera",33,0,0
2024,"SA","Inner Regional Australia","65 and over","speed_fines","Mobile camera",234,0,0
2024,"SA","Inner Regional Australia","65 and over","speed_fines","Police issued",135,0,0
2024,"SA","Inner Regional Australia","65 and over","unlicensed_driving","Not applicable",0,0,0
2024,"SA","Major Cities of Australia","12-16","non_wearing_seatbelts","Police issued",4,0,0
2024,"SA","Major Cities of Australia","12-16","speed_fines","Fixed camera",1,0,0
2024,"SA","Major Cities of Australia","12-16","speed_fines","Police issued",1,0,0
2024,"SA","Major Cities of Australia","17-25","mobile_phone_use","Police issued",95,0,0
2024,"SA","Major Cities of Australia","17-25","non_wearing_seatbelts","Police issued",12,0,0
2024,"SA","Major Cities of Australia","17-25","speed_fines","Fixed camera",383,0,0
2024,"SA","Major Cities of Australia","17-25","speed_fines","Mobile camera",432,0,0
2024,"SA","Major Cities of Australia","17-25","speed_fines","Police issued",364,3,4
2024,"SA","Major Cities of Australia","26-39","mobile_phone_use","Police issued",103,0,0
2024,"SA","Major Cities of Australia","26-39","non_wearing_seatbelts","Police issued",33,0,0
2024,"SA","Major Cities of Australia","26-39","speed_fines","Fixed camera",856,0,0
2024,"SA","Major Cities of Australia","26-39","speed_fines","Mobile camera",1121,0,0
2024,"SA","Major Cities of Australia","26-39","speed_fines","Police issued",608,3,7
2024,"SA","Major Cities of Australia","40-64","mobile_phone_use","Police issued",88,0,0
2024,"SA","Major Cities of Australia","40-64","non_wearing_seatbelts","Police issued",58,0,0
2024,"SA","Major Cities of Australia","40-64","speed_fines","Fixed camera",1699,0,0
2024,"SA","Major Cities of Australia","40-64","speed_fines","Mobile camera",1856,0,0
2024,"SA","Major Cities of Australia","40-64","speed_fines","Police issued",708,0,15
2024,"SA","Major Cities of Australia","65 and over","mobile_phone_use","Police issued",6,0,0
2024,"SA","Major Cities of Australia","65 and over","non_wearing_seatbelts","Police issued",15,0,0
2024,"SA","Major Cities of Australia","65 and over","speed_fines","Fixed camera",649,0,0
2024,"SA","Major Cities of Australia","65 and over","speed_fines","Mobile camera",486,0,0
2024,"SA","Major Cities of Australia","65 and over","speed_fines","Police issued",175,0,1
2024,"SA","Major Cities of Australia","65 and over","unlicensed_driving","Not applicable",4,0,0
2024,"SA","Outer Regional Australia","17-25","mobile_phone_use","Police issued",2,0,0
2024,"SA","Outer Regional Australia","17-25","non_wearing_seatbelts","Police issued",7,0,0
2024,"SA","Outer Regional Australia","17-25","speed_fines","Fixed camera",23,0,0
2024,"SA","Outer Regional Australia","17-25","speed_fines","Mobile camera",43,0,0
2024,"SA","Outer Regional Australia","17-25","speed_fines","Police issued",240,0,0
2024,"SA","Outer Regional Australia","26-39","mobile_phone_use","Police issued",3,0,0
2024,"SA","Outer Regional Australia","26-39","non_wearing_seatbelts","Police issued",8,0,0
2024,"SA","Outer Regional Australia","26-39","speed_fines","Fixed camera",18,0,0
2024,"SA","Outer Regional Australia","26-39","speed_fines","Mobile camera",111,0,0
2024,"SA","Outer Regional Australia","26-39","speed_fines","Police issued",457,0,0
2024,"SA","Outer Regional Australia","40-64","mobile_phone_use","Police issued",4,0,0
2024,"SA","Outer Regional Australia","40-64","non_wearing_seatbelts","Police issued",10,0,0
2024,"SA","Outer Regional Australia","40-64","speed_fines","Fixed camera",29,0,0
2024,"SA","Outer Regional Australia","40-64","speed_fines","Mobile camera",239,0,0
2024,"SA","Outer Regional Australia","40-64","speed_fines","Police issued",620,0,3
2024,"SA","Outer Regional Australia","65 and over","non_wearing_seatbelts","Police issued",5,0,0
2024,"SA","Outer Regional Australia","65 and over","speed_fines","Fixed camera",16,0,0
2024,"SA","Outer Regional Australia","65 and over","speed_fines","Mobile camera",116,0,0
2024,"SA","Outer Regional Australia","65 and over","speed_fines","Police issued",204,0,0
2024,"SA","Outer Regional Australia","65 and over","unlicensed_driving","Not applicable",3,0,0
2024,"SA","Remote Australia","17-25","speed_fines","Mobile camera",6,0,0
2024,"SA","Remote Australia","17-25","speed_fines","Police issued",33,0,0
2024,"SA","Remote Australia","26-39","mobile_phone_use","Police issued",1,0,0
2024,"SA","Remote Australia","26-39","non_wearing_seatbelts","Police issued",1,0,0
2024,"SA","Remote Australia","26-39","speed_fines","Mobile camera",21,0,0
2024,"SA","Remote Australia","26-39","speed_fines","Police issued",68,0,0
2024,"SA","Remote Australia","40-64","non_wearing_seatbelts","Police issued",3,0,0
2024,"SA","Remote Australia","40-64","speed_fines","Mobile camera",30,0,0
2024,"SA","Remote Australia","40-64","speed_fines","Police issued",82,0,1
2024,"SA","Remote Australia","65 and over","non_wearing_seatbelts","Police issued",1,0,0
2024,"SA","Remote Australia","65 and over","speed_fines","Mobile camera",16,0,0
2024,"SA","Remote Australia","65 and over","speed_fines","Police issued",24,0,0
2024,"SA","Remote Australia","65 and over","unlicensed_driving","Not applicable",1,0,0
2024,"SA","Unknown","12-16","unlicensed_driving","Not applicable",0,6,4
2024,"SA","Unknown","17-25","mobile_phone_use","Police issued",1,0,0
2024,"SA","Unknown","17-25","speed_fines","Police issued",30,0,1
2024,"SA","Unknown","17-25","unlicensed_driving","Not applicable",0,30,81
2024,"SA","Unknown","26-39","mobile_phone_use","Police issued",1,0,0
2024,"SA","Unknown","26-39","non_wearing_seatbelts","Police issued",1,0,0
2024,"SA","Unknown","26-39","speed_fines","Police issued",45,0,0
2024,"SA","Unknown","26-39","unlicensed_driving","Not applicable",0,53,161
2024,"SA","Unknown","40-64","mobile_phone_use","Police issued",4,0,0
2024,"SA","Unknown","40-64","speed_fines","Police issued",60,0,0
2024,"SA","Unknown","40-64","unlicensed_driving","Not applicable",0,32,154
2024,"SA","Unknown","65 and over","speed_fines","Police issued",30,0,0
2024,"SA","Unknown","65 and over","unlicensed_driving","Not applicable",1,3,14
2024,"SA","Very Remote Australia","17-25","non_wearing_seatbelts","Police issued",2,0,0
2024,"SA","Very Remote Australia","17-25","speed_fines","Police issued",25,0,0
2024,"SA","Very Remote Australia","26-39","non_wearing_seatbelts","Police issued",4,0,0
2024,"SA","Very Remote Australia","26-39","speed_fines","Police issued",44,0,0
2024,"SA","Very Remote Australia","40-64","non_wearing_seatbelts","Police issued",8,0,0
2024,"SA","Very Remote Australia","40-64","speed_fines","Police issued",52,0,1
2024,"SA","Very Remote Australia","65 and over","non_wearing_seatbelts","Police issued",3,0,0
2024,"SA","Very Remote Australia","65 and over","speed_fines","Police issued",13,0,0
2024,"SA","Very Remote Australia","65 and over","unlicensed_driving","Not applicable",1,0,0
2024,"TAS","Unknown","12-16","non_wearing_seatbelts","Police issued",0,2,0
2024,"TAS","Unknown","12-16","speed_fines","Fixed or mobile camera",3,0,0
2024,"TAS","Unknown","12-16","speed_fines","Police issued",0,0,1
2024,"TAS","Unknown","12-16","unlicensed_driving","Not applicable",0,2,12
2024,"TAS","Unknown","17-25","mobile_phone_use","Fixed or mobile camera",3,0,0
2024,"TAS","Unknown","17-25","mobile_phone_use","Police issued",34,0,0
2024,"TAS","Unknown","17-25","non_wearing_seatbelts","Fixed or mobile camera",26,0,0
2024,"TAS","Unknown","17-25","non_wearing_seatbelts","Police issued",7,0,2
2024,"TAS","Unknown","17-25","speed_fines","Fixed or mobile camera",526,0,0
2024,"TAS","Unknown","17-25","speed_fines","Police issued",377,0,11
2024,"TAS","Unknown","17-25","unlicensed_driving","Not applicable",2,0,33
2024,"TAS","Unknown","26-39","mobile_phone_use","Fixed or mobile camera",32,0,0
2024,"TAS","Unknown","26-39","mobile_phone_use","Police issued",70,0,0
2024,"TAS","Unknown","26-39","non_wearing_seatbelts","Fixed or mobile camera",94,0,0
2024,"TAS","Unknown","26-39","non_wearing_seatbelts","Police issued",16,0,0
2024,"TAS","Unknown","26-39","speed_fines","Fixed or mobile camera",1260,0,0
2024,"TAS","Unknown","26-39","speed_fines","Police issued",589,0,19
2024,"TAS","Unknown","26-39","unlicensed_driving","Not applicable",9,0,94
2024,"TAS","Unknown","40-64","mobile_phone_use","Fixed or mobile camera",48,0,0
2024,"TAS","Unknown","40-64","mobile_phone_use","Police issued",51,0,0
2024,"TAS","Unknown","40-64","non_wearing_seatbelts","Fixed or mobile camera",106,0,0
2024,"TAS","Unknown","40-64","non_wearing_seatbelts","Police issued",10,0,2
2024,"TAS","Unknown","40-64","speed_fines","Fixed or mobile camera",1780,0,0
2024,"TAS","Unknown","40-64","speed_fines","Police issued",698,0,10
2024,"TAS","Unknown","40-64","unlicensed_driving","Not applicable",13,0,69
2024,"TAS","Unknown","65 and over","mobile_phone_use","Fixed or mobile camera",8,0,0
2024,"TAS","Unknown","65 and over","mobile_phone_use","Police issued",7,0,0
2024,"TAS","Unknown","65 and over","non_wearing_seatbelts","Fixed or mobile camera",51,0,0
2024,"TAS","Unknown","65 and over","non_wearing_seatbelts","Police issued",10,0,2
2024,"TAS","Unknown","65 and over","speed_fines","Fixed or mobile camera",635,0,0
2024,"TAS","Unknown","65 and over","speed_fines","Police issued",194,0,1
2024,"TAS","Unknown","65 and over","unlicensed_driving","Not applicable",0,0,6
2024,"VIC","Inner Regional Australia","12-16","mobile_phone_use","Fixed camera",0,0,0
2024,"VIC","Inner Regional Australia","12-16","mobile_phone_use","Mobile camera",0,0,0
2024,"VIC","Inner Regional Australia","12-16","non_wearing_seatbelts","Fixed camera",0,0,0
2024,"VIC","Inner Regional Australia","12-16","non_wearing_seatbelts","Mobile camera",0,0,0
2024,"VIC","Inner Regional Australia","12-16","speed_fines","Fixed camera",0,0,0
2024,"VIC","Inner Regional Australia","12-16","speed_fines","Mobile camera",0,0,0
2024,"VIC","Inner Regional Australia","17-25","mobile_phone_use","Fixed camera",0,0,0
2024,"VIC","Inner Regional Australia","17-25","mobile_phone_use","Mobile camera",22,0,0
2024,"VIC","Inner Regional Australia","17-25","non_wearing_seatbelts","Fixed camera",0,0,0
2024,"VIC","Inner Regional Australia","17-25","non_wearing_seatbelts","Mobile camera",51,0,0
2024,"VIC","Inner Regional Australia","17-25","speed_fines","Fixed camera",83,0,0
2024,"VIC","Inner Regional Australia","17-25","speed_fines","Mobile camera",579,0,0
2024,"VIC","Inner Regional Australia","26-39","mobile_phone_use","Fixed camera",0,0,0
2024,"VIC","Inner Regional Australia","26-39","mobile_phone_use","Mobile camera",105,0,0
2024,"VIC","Inner Regional Australia","26-39","non_wearing_seatbelts","Fixed camera",0,0,0
2024,"VIC","Inner Regional Australia","26-39","non_wearing_seatbelts","Mobile camera",214,0,0
2024,"VIC","Inner Regional Australia","26-39","speed_fines","Fixed camera",279,0,0
2024,"VIC","Inner Regional Australia","26-39","speed_fines","Mobile camera",1616,0,0
2024,"VIC","Inner Regional Australia","40-64","mobile_phone_use","Fixed camera",0,0,0
2024,"VIC","Inner Regional Australia","40-64","mobile_phone_use","Mobile camera",146,0,0
2024,"VIC","Inner Regional Australia","40-64","non_wearing_seatbelts","Fixed camera",0,0,0
2024,"VIC","Inner Regional Australia","40-64","non_wearing_seatbelts","Mobile camera",323,0,0
2024,"VIC","Inner Regional Australia","40-64","speed_fines","Fixed camera",609,0,0
2024,"VIC","Inner Regional Australia","40-64","speed_fines","Mobile camera",2722,0,0
2024,"VIC","Inner Regional Australia","65 and over","mobile_phone_use","Fixed camera",0,0,0
2024,"VIC","Inner Regional Australia","65 and over","mobile_phone_use","Mobile camera",43,0,0
2024,"VIC","Inner Regional Australia","65 and over","non_wearing_seatbelts","Fixed camera",0,0,0
2024,"VIC","Inner Regional Australia","65 and over","non_wearing_seatbelts","Mobile camera",123,0,0
2024,"VIC","Inner Regional Australia","65 and over","speed_fines","Fixed camera",265,0,0
2024,"VIC","Inner Regional Australia","65 and over","speed_fines","Mobile camera",1358,0,0
2024,"VIC","Major Cities of Australia","12-16","mobile_phone_use","Fixed camera",0,0,0
2024,"VIC","Major Cities of Australia","12-16","mobile_phone_use","Mobile camera",0,0,0
2024,"VIC","Major Cities of Australia","12-16","non_wearing_seatbelts","Fixed camera",0,0,0
2024,"VIC","Major Cities of Australia","12-16","non_wearing_seatbelts","Mobile camera",0,0,0
2024,"VIC","Major Cities of Australia","12-16","speed_fines","Fixed camera",0,0,0
2024,"VIC","Major Cities of Australia","12-16","speed_fines","Mobile camera",0,0,0
2024,"VIC","Major Cities of Australia","17-25","mobile_phone_use","Fixed camera",0,0,0
2024,"VIC","Major Cities of Australia","17-25","mobile_phone_use","Mobile camera",142,0,0
2024,"VIC","Major Cities of Australia","17-25","non_wearing_seatbelts","Fixed camera",0,0,0
2024,"VIC","Major Cities of Australia","17-25","non_wearing_seatbelts","Mobile camera",393,0,0
2024,"VIC","Major Cities of Australia","17-25","speed_fines","Fixed camera",3079,0,0
2024,"VIC","Major Cities of Australia","17-25","speed_fines","Mobile camera",2240,0,0
2024,"VIC","Major Cities of Australia","26-39","mobile_phone_use","Fixed camera",0,0,0
2024,"VIC","Major Cities of Australia","26-39","mobile_phone_use","Mobile camera",704,0,0
2024,"VIC","Major Cities of Australia","26-39","non_wearing_seatbelts","Fixed camera",0,0,0
2024,"VIC","Major Cities of Australia","26-39","non_wearing_seatbelts","Mobile camera",1674,0,0
2024,"VIC","Major Cities of Australia","26-39","speed_fines","Fixed camera",9235,0,0
2024,"VIC","Major Cities of Australia","26-39","speed_fines","Mobile camera",7624,0,0
2024,"VIC","Major Cities of Australia","40-64","mobile_phone_use","Fixed camera",0,0,0
2024,"VIC","Major Cities of Australia","40-64","mobile_phone_use","Mobile camera",822,0,0
2024,"VIC","Major Cities of Australia","40-64","non_wearing_seatbelts","Fixed camera",0,0,0
2024,"VIC","Major Cities of Australia","40-64","non_wearing_seatbelts","Mobile camera",2168,0,0
2024,"VIC","Major Cities of Australia","40-64","speed_fines","Fixed camera",15324,0,0
2024,"VIC","Major Cities of Australia","40-64","speed_fines","Mobile camera",12379,0,0
2024,"VIC","Major Cities of Australia","65 and over","mobile_phone_use","Fixed camera",0,0,0
2024,"VIC","Major Cities of Australia","65 and over","mobile_phone_use","Mobile camera",122,0,0
2024,"VIC","Major Cities of Australia","65 and over","non_wearing_seatbelts","Fixed camera",0,0,0
2024,"VIC","Major Cities of Australia","65 and over","non_wearing_seatbelts","Mobile camera",502,0,0
2024,"VIC","Major Cities of Australia","65 and over","speed_fines","Fixed camera",4515,0,0
2024,"VIC","Major Cities of Australia","65 and over","speed_fines","Mobile camera",3344,0,0
2024,"VIC","Outer Regional Australia","12-16","mobile_phone_use","Fixed camera",0,0,0
2024,"VIC","Outer Regional Australia","12-16","mobile_phone_use","Mobile camera",0,0,0
2024,"VIC","Outer Regional Australia","12-16","non_wearing_seatbelts","Fixed camera",0,0,0
2024,"VIC","Outer Regional Australia","12-16","non_wearing_seatbelts","Mobile camera",0,0,0
2024,"VIC","Outer Regional Australia","12-16","speed_fines","Fixed camera",0,0,0
2024,"VIC","Outer Regional Australia","12-16","speed_fines","Mobile camera",0,0,0
2024,"VIC","Outer Regional Australia","17-25","mobile_phone_use","Fixed camera",0,0,0
2024,"VIC","Outer Regional Australia","17-25","mobile_phone_use","Mobile camera",0,0,0
2024,"VIC","Outer Regional Australia","17-25","non_wearing_seatbelts","Fixed camera",0,0,0
2024,"VIC","Outer Regional Australia","17-25","non_wearing_seatbelts","Mobile camera",0,0,0
2024,"VIC","Outer Regional Australia","17-25","speed_fines","Fixed camera",2,0,0
2024,"VIC","Outer Regional Australia","17-25","speed_fines","Mobile camera",98,0,0
2024,"VIC","Outer Regional Australia","26-39","mobile_phone_use","Fixed camera",0,0,0
2024,"VIC","Outer Regional Australia","26-39","mobile_phone_use","Mobile camera",1,0,0
2024,"VIC","Outer Regional Australia","26-39","non_wearing_seatbelts","Fixed camera",0,0,0
2024,"VIC","Outer Regional Australia","26-39","non_wearing_seatbelts","Mobile camera",0,0,0
2024,"VIC","Outer Regional Australia","26-39","speed_fines","Fixed camera",9,0,0
2024,"VIC","Outer Regional Australia","26-39","speed_fines","Mobile camera",384,0,0
2024,"VIC","Outer Regional Australia","40-64","mobile_phone_use","Fixed camera",0,0,0
2024,"VIC","Outer Regional Australia","40-64","mobile_phone_use","Mobile camera",0,0,0
2024,"VIC","Outer Regional Australia","40-64","non_wearing_seatbelts","Fixed camera",0,0,0
2024,"VIC","Outer Regional Australia","40-64","non_wearing_seatbelts","Mobile camera",0,0,0
2024,"VIC","Outer Regional Australia","40-64","speed_fines","Fixed camera",9,0,0
2024,"VIC","Outer Regional Australia","40-64","speed_fines","Mobile camera",614,0,0
2024,"VIC","Outer Regional Australia","65 and over","mobile_phone_use","Fixed camera",0,0,0
2024,"VIC","Outer Regional Australia","65 and over","mobile_phone_use","Mobile camera",0,0,0
2024,"VIC","Outer Regional Australia","65 and over","non_wearing_seatbelts","Fixed camera",0,0,0
2024,"VIC","Outer Regional Australia","65 and over","non_wearing_seatbelts","Mobile camera",0,0,0
2024,"VIC","Outer Regional Australia","65 and over","speed_fines","Fixed camera",3,0,0
2024,"VIC","Outer Regional Australia","65 and over","speed_fines","Mobile camera",292,0,0
2024,"VIC","Remote Australia","12-16","mobile_phone_use","Fixed camera",0,0,0
2024,"VIC","Remote Australia","12-16","mobile_phone_use","Mobile camera",0,0,0
2024,"VIC","Remote Australia","12-16","non_wearing_seatbelts","Fixed camera",0,0,0
2024,"VIC","Remote Australia","12-16","non_wearing_seatbelts","Mobile camera",0,0,0
2024,"VIC","Remote Australia","12-16","speed_fines","Fixed camera",0,0,0
2024,"VIC","Remote Australia","12-16","speed_fines","Mobile camera",0,0,0
2024,"VIC","Remote Australia","17-25","mobile_phone_use","Fixed camera",0,0,0
2024,"VIC","Remote Australia","17-25","mobile_phone_use","Mobile camera",0,0,0
2024,"VIC","Remote Australia","17-25","non_wearing_seatbelts","Fixed camera",0,0,0
2024,"VIC","Remote Australia","17-25","non_wearing_seatbelts","Mobile camera",0,0,0
2024,"VIC","Remote Australia","17-25","speed_fines","Fixed camera",0,0,0
2024,"VIC","Remote Australia","17-25","speed_fines","Mobile camera",0,0,0
2024,"VIC","Remote Australia","26-39","mobile_phone_use","Fixed camera",0,0,0
2024,"VIC","Remote Australia","26-39","mobile_phone_use","Mobile camera",0,0,0
2024,"VIC","Remote Australia","26-39","non_wearing_seatbelts","Fixed camera",0,0,0
2024,"VIC","Remote Australia","26-39","non_wearing_seatbelts","Mobile camera",0,0,0
2024,"VIC","Remote Australia","26-39","speed_fines","Fixed camera",0,0,0
2024,"VIC","Remote Australia","26-39","speed_fines","Mobile camera",1,0,0
2024,"VIC","Remote Australia","40-64","mobile_phone_use","Fixed camera",0,0,0
2024,"VIC","Remote Australia","40-64","mobile_phone_use","Mobile camera",0,0,0
2024,"VIC","Remote Australia","40-64","non_wearing_seatbelts","Fixed camera",0,0,0
2024,"VIC","Remote Australia","40-64","non_wearing_seatbelts","Mobile camera",0,0,0
2024,"VIC","Remote Australia","40-64","speed_fines","Fixed camera",0,0,0
2024,"VIC","Remote Australia","40-64","speed_fines","Mobile camera",0,0,0
2024,"VIC","Remote Australia","65 and over","mobile_phone_use","Fixed camera",0,0,0
2024,"VIC","Remote Australia","65 and over","mobile_phone_use","Mobile camera",0,0,0
2024,"VIC","Remote Australia","65 and over","non_wearing_seatbelts","Fixed camera",0,0,0
2024,"VIC","Remote Australia","65 and over","non_wearing_seatbelts","Mobile camera",0,0,0
2024,"VIC","Remote Australia","65 and over","speed_fines","Fixed camera",0,0,0
2024,"VIC","Remote Australia","65 and over","speed_fines","Mobile camera",0,0,0
2024,"VIC","Unknown","12-16","mobile_phone_use","Fixed camera",0,0,0
2024,"VIC","Unknown","12-16","mobile_phone_use","Mobile camera",0,0,0
2024,"VIC","Unknown","12-16","non_wearing_seatbelts","Fixed camera",0,0,0
2024,"VIC","Unknown","12-16","non_wearing_seatbelts","Mobile camera",0,0,0
2024,"VIC","Unknown","12-16","non_wearing_seatbelts","Police issued",2,0,0
2024,"VIC","Unknown","12-16","speed_fines","Fixed camera",0,0,0
2024,"VIC","Unknown","12-16","speed_fines","Mobile camera",0,0,0
2024,"VIC","Unknown","12-16","speed_fines","Police issued",4,0,0
2024,"VIC","Unknown","12-16","unlicensed_driving","Not applicable",4,0,0
2024,"VIC","Unknown","17-25","mobile_phone_use","Fixed camera",0,0,0
2024,"VIC","Unknown","17-25","mobile_phone_use","Mobile camera",0,0,0
2024,"VIC","Unknown","17-25","mobile_phone_use","Police issued",319,0,0
2024,"VIC","Unknown","17-25","non_wearing_seatbelts","Fixed camera",0,0,0
2024,"VIC","Unknown","17-25","non_wearing_seatbelts","Mobile camera",0,0,0
2024,"VIC","Unknown","17-25","non_wearing_seatbelts","Police issued",102,0,0
2024,"VIC","Unknown","17-25","speed_fines","Fixed camera",755,0,0
2024,"VIC","Unknown","17-25","speed_fines","Mobile camera",0,0,0
2024,"VIC","Unknown","17-25","speed_fines","Police issued",2187,0,0
2024,"VIC","Unknown","17-25","unlicensed_driving","Not applicable",171,0,0
2024,"VIC","Unknown","26-39","mobile_phone_use","Fixed camera",0,0,0
2024,"VIC","Unknown","26-39","mobile_phone_use","Mobile camera",0,0,0
2024,"VIC","Unknown","26-39","mobile_phone_use","Police issued",649,0,0
2024,"VIC","Unknown","26-39","non_wearing_seatbelts","Fixed camera",0,0,0
2024,"VIC","Unknown","26-39","non_wearing_seatbelts","Mobile camera",0,0,0
2024,"VIC","Unknown","26-39","non_wearing_seatbelts","Police issued",221,0,0
2024,"VIC","Unknown","26-39","speed_fines","Fixed camera",1687,0,0
2024,"VIC","Unknown","26-39","speed_fines","Mobile camera",0,0,0
2024,"VIC","Unknown","26-39","speed_fines","Police issued",4068,0,0
2024,"VIC","Unknown","26-39","unlicensed_driving","Not applicable",368,0,0
2024,"VIC","Unknown","40-64","mobile_phone_use","Fixed camera",0,0,0
2024,"VIC","Unknown","40-64","mobile_phone_use","Mobile camera",0,0,0
2024,"VIC","Unknown","40-64","mobile_phone_use","Police issued",516,0,0
2024,"VIC","Unknown","40-64","non_wearing_seatbelts","Fixed camera",0,0,0
2024,"VIC","Unknown","40-64","non_wearing_seatbelts","Mobile camera",0,0,0
2024,"VIC","Unknown","40-64","non_wearing_seatbelts","Police issued",116,0,0
2024,"VIC","Unknown","40-64","speed_fines","Fixed camera",1805,0,0
2024,"VIC","Unknown","40-64","speed_fines","Mobile camera",0,0,0
2024,"VIC","Unknown","40-64","speed_fines","Police issued",5064,0,0
2024,"VIC","Unknown","40-64","unlicensed_driving","Not applicable",223,0,0
2024,"VIC","Unknown","65 and over","mobile_phone_use","Fixed camera",0,0,0
2024,"VIC","Unknown","65 and over","mobile_phone_use","Mobile camera",0,0,0
2024,"VIC","Unknown","65 and over","mobile_phone_use","Police issued",68,0,0
2024,"VIC","Unknown","65 and over","non_wearing_seatbelts","Fixed camera",0,0,0
2024,"VIC","Unknown","65 and over","non_wearing_seatbelts","Mobile camera",0,0,0
2024,"VIC","Unknown","65 and over","non_wearing_seatbelts","Police issued",25,0,0
2024,"VIC","Unknown","65 and over","speed_fines","Fixed camera",343,0,0
2024,"VIC","Unknown","65 and over","speed_fines","Mobile camera",0,0,0
2024,"VIC","Unknown","65 and over","speed_fines","Police issued",1172,0,0
2024,"VIC","Unknown","65 and over","unlicensed_driving","Not applicable",19,0,0
2024,"WA","Unknown","12-16","speed_fines","Average speed camera",8,0,0
2024,"WA","Unknown","12-16","speed_fines","Fixed camera",46,0,0
2024,"WA","Unknown","12-16","speed_fines","Mobile camera",268,0,0
2024,"WA","Unknown","12-16","speed_fines","Police issued",1,0,0
2024,"WA","Unknown","12-16","speed_fines","Red light camera",86,0,0
2024,"WA","Unknown","12-16","unlicensed_driving","Not applicable",0,13,38
2024,"WA","Unknown","17-25","mobile_phone_use","Police issued",78,0,0
2024,"WA","Unknown","17-25","non_wearing_seatbelts","Police issued",50,0,0
2024,"WA","Unknown","17-25","speed_fines","Average speed camera",216,0,0
2024,"WA","Unknown","17-25","speed_fines","Fixed camera",468,0,0
2024,"WA","Unknown","17-25","speed_fines","Mobile camera",5101,0,0
2024,"WA","Unknown","17-25","speed_fines","Police issued",1233,0,0
2024,"WA","Unknown","17-25","speed_fines","Red light camera",778,0,0
2024,"WA","Unknown","17-25","unlicensed_driving","Not applicable",47,40,373
2024,"WA","Unknown","26-39","mobile_phone_use","Police issued",184,0,0
2024,"WA","Unknown","26-39","non_wearing_seatbelts","Police issued",81,0,0
2024,"WA","Unknown","26-39","speed_fines","Average speed camera",480,0,0
2024,"WA","Unknown","26-39","speed_fines","Fixed camera",1062,0,0
2024,"WA","Unknown","26-39","speed_fines","Mobile camera",11130,0,0
2024,"WA","Unknown","26-39","speed_fines","Police issued",2341,0,0
2024,"WA","Unknown","26-39","speed_fines","Red light camera",2417,0,0
2024,"WA","Unknown","26-39","unlicensed_driving","Not applicable",78,102,613
2024,"WA","Unknown","40-64","mobile_phone_use","Police issued",168,0,0
2024,"WA","Unknown","40-64","non_wearing_seatbelts","Police issued",47,0,0
2024,"WA","Unknown","40-64","speed_fines","Average speed camera",562,0,0
2024,"WA","Unknown","40-64","speed_fines","Fixed camera",1436,0,0
2024,"WA","Unknown","40-64","speed_fines","Mobile camera",16064,0,0
2024,"WA","Unknown","40-64","speed_fines","Police issued",2746,0,0
2024,"WA","Unknown","40-64","speed_fines","Red light camera",4923,0,0
2024,"WA","Unknown","40-64","unlicensed_driving","Not applicable",58,57,387
2024,"WA","Unknown","65 and over","mobile_phone_use","Police issued",12,0,0
2024,"WA","Unknown","65 and over","non_wearing_seatbelts","Police issued",11,0,0
2024,"WA","Unknown","65 and over","speed_fines","Average speed camera",78,0,0
2024,"WA","Unknown","65 and over","speed_fines","Fixed camera",406,0,0
2024,"WA","Unknown","65 and over","speed_fines","Mobile camera",3643,0,0
2024,"WA","Unknown","65 and over","speed_fines","Police issued",498,0,0
2024,"WA","Unknown","65 and over","speed_fines","Red light camera",1487,0,0
2024,"WA","Unknown","65 and over","unlicensed_driving","Not applicable",5,0,16
2024,"ACT","Major Cities of Australia","12-16","mobile_phone_use","Fixed or mobile camera",1,0,0
2024,"ACT","Major Cities of Australia","12-16","speed_fines","Fixed camera",1,0,0
2024,"ACT","Major Cities of Australia","12-16","unlicensed_driving","Not applicable",3,0,1
2024,"ACT","Major Cities of Australia","17-25","mobile_phone_use","Fixed or mobile camera",134,0,0
2024,"ACT","Major Cities of Australia","17-25","mobile_phone_use","Police issued",2,0,2
2024,"ACT","Major Cities of Australia","17-25","non_wearing_seatbelts","Police issued",1,0,2
2024,"ACT","Major Cities of Australia","17-25","speed_fines","Fixed camera",493,0,0
2024,"ACT","Major Cities of Australia","17-25","speed_fines","Mobile camera",184,0,0
2024,"ACT","Major Cities of Australia","17-25","speed_fines","Police issued",62,0,3
2024,"ACT","Major Cities of Australia","17-25","unlicensed_driving","Not applicable",11,2,12
2024,"ACT","Major Cities of Australia","26-39","mobile_phone_use","Fixed or mobile camera",418,0,0
2024,"ACT","Major Cities of Australia","26-39","mobile_phone_use","Police issued",10,0,1
2024,"ACT","Major Cities of Australia","26-39","non_wearing_seatbelts","Police issued",2,0,0
2024,"ACT","Major Cities of Australia","26-39","speed_fines","Fixed camera",999,0,0
2024,"ACT","Major Cities of Australia","26-39","speed_fines","Mobile camera",416,0,0
2024,"ACT","Major Cities of Australia","26-39","speed_fines","Police issued",63,0,2
2024,"ACT","Major Cities of Australia","26-39","unlicensed_driving","Not applicable",11,12,33
2024,"ACT","Major Cities of Australia","40-64","mobile_phone_use","Fixed or mobile camera",427,0,0
2024,"ACT","Major Cities of Australia","40-64","mobile_phone_use","Police issued",7,0,1
2024,"ACT","Major Cities of Australia","40-64","speed_fines","Fixed camera",1712,0,0
2024,"ACT","Major Cities of Australia","40-64","speed_fines","Mobile camera",596,0,0
2024,"ACT","Major Cities of Australia","40-64","speed_fines","Police issued",42,0,1
2024,"ACT","Major Cities of Australia","40-64","unlicensed_driving","Not applicable",4,3,10
2024,"ACT","Major Cities of Australia","65 and over","mobile_phone_use","Fixed or mobile camera",45,0,0
2024,"ACT","Major Cities of Australia","65 and over","mobile_phone_use","Police issued",1,0,0
2024,"ACT","Major Cities of Australia","65 and over","speed_fines","Fixed camera",529,0,0
2024,"ACT","Major Cities of Australia","65 and over","speed_fines","Mobile camera",242,0,0
2024,"ACT","Major Cities of Australia","65 and over","speed_fines","Police issued",6,0,0
2024,"ACT","Major Cities of Australia","65 and over","unlicensed_driving","Not applicable",0,0,1
2024,"NSW","Inner Regional Australia","12-16","mobile_phone_use","Police issued",1,0,0
2024,"NSW","Inner Regional Australia","12-16","non_wearing_seatbelts","Police issued",2,0,0
2024,"NSW","Inner Regional Australia","12-16","speed_fines","Police issued",6,0,2
2024,"NSW","Inner Regional Australia","12-16","unlicensed_driving","Not applicable",2,0,9
2024,"NSW","Inner Regional Australia","17-25","mobile_phone_use","Police issued",46,0,0
2024,"NSW","Inner Regional Australia","17-25","non_wearing_seatbelts","Police issued",43,0,0
2024,"NSW","Inner Regional Australia","17-25","speed_fines","Police issued",1546,0,6
2024,"NSW","Inner Regional Australia","17-25","unlicensed_driving","Not applicable",49,0,179
2024,"NSW","Inner Regional Australia","26-39","mobile_phone_use","Police issued",64,0,2
2024,"NSW","Inner Regional Australia","26-39","non_wearing_seatbelts","Police issued",102,0,1
2024,"NSW","Inner Regional Australia","26-39","speed_fines","Police issued",2261,0,13
2024,"NSW","Inner Regional Australia","26-39","unlicensed_driving","Not applicable",82,0,246
2024,"NSW","Inner Regional Australia","40-64","mobile_phone_use","Police issued",44,0,1
2024,"NSW","Inner Regional Australia","40-64","non_wearing_seatbelts","Police issued",55,0,0
2024,"NSW","Inner Regional Australia","40-64","speed_fines","Police issued",2498,0,4
2024,"NSW","Inner Regional Australia","40-64","unlicensed_driving","Not applicable",49,0,177
2024,"NSW","Inner Regional Australia","65 and over","mobile_phone_use","Police issued",3,0,0
2024,"NSW","Inner Regional Australia","65 and over","non_wearing_seatbelts","Police issued",13,0,0
2024,"NSW","Inner Regional Australia","65 and over","speed_fines","Police issued",592,0,0
2024,"NSW","Inner Regional Australia","65 and over","unlicensed_driving","Not applicable",3,0,11
2024,"NSW","Major Cities of Australia","12-16","non_wearing_seatbelts","Police issued",3,0,0
2024,"NSW","Major Cities of Australia","12-16","speed_fines","Police issued",4,0,2
2024,"NSW","Major Cities of Australia","12-16","unlicensed_driving","Not applicable",2,0,17
2024,"NSW","Major Cities of Australia","17-25","mobile_phone_use","Police issued",342,0,7
2024,"NSW","Major Cities of Australia","17-25","non_wearing_seatbelts","Police issued",90,0,1
2024,"NSW","Major Cities of Australia","17-25","speed_fines","Police issued",2060,0,50
2024,"NSW","Major Cities of Australia","17-25","unlicensed_driving","Not applicable",199,0,515
2024,"NSW","Major Cities of Australia","26-39","mobile_phone_use","Police issued",338,0,4
2024,"NSW","Major Cities of Australia","26-39","non_wearing_seatbelts","Police issued",139,0,3
2024,"NSW","Major Cities of Australia","26-39","speed_fines","Police issued",2075,0,33
2024,"NSW","Major Cities of Australia","26-39","unlicensed_driving","Not applicable",225,0,678
2024,"NSW","Major Cities of Australia","40-64","mobile_phone_use","Police issued",223,0,1
2024,"NSW","Major Cities of Australia","40-64","non_wearing_seatbelts","Police issued",116,0,2
2024,"NSW","Major Cities of Australia","40-64","speed_fines","Police issued",1744,0,16
2024,"NSW","Major Cities of Australia","40-64","unlicensed_driving","Not applicable",99,0,431
2024,"NSW","Major Cities of Australia","65 and over","mobile_phone_use","Police issued",23,0,0
2024,"NSW","Major Cities of Australia","65 and over","non_wearing_seatbelts","Police issued",11,0,0
2024,"NSW","Major Cities of Australia","65 and over","speed_fines","Police issued",222,0,0
2024,"NSW","Major Cities of Australia","65 and over","unlicensed_driving","Not applicable",9,0,27
2024,"NSW","Outer Regional Australia","12-16","speed_fines","Police issued",3,0,0
2024,"NSW","Outer Regional Australia","12-16","unlicensed_driving","Not applicable",1,0,1
2024,"NSW","Outer Regional Australia","17-25","mobile_phone_use","Police issued",7,0,0
2024,"NSW","Outer Regional Australia","17-25","non_wearing_seatbelts","Police issued",7,0,1
2024,"NSW","Outer Regional Australia","17-25","speed_fines","Police issued",357,0,3
2024,"NSW","Outer Regional Australia","17-25","unlicensed_driving","Not applicable",12,0,27
2024,"NSW","Outer Regional Australia","26-39","mobile_phone_use","Police issued",8,0,0
2024,"NSW","Outer Regional Australia","26-39","non_wearing_seatbelts","Police issued",22,0,1
2024,"NSW","Outer Regional Australia","26-39","speed_fines","Police issued",611,0,3
2024,"NSW","Outer Regional Australia","26-39","unlicensed_driving","Not applicable",31,0,59
2024,"NSW","Outer Regional Australia","40-64","mobile_phone_use","Police issued",6,0,0
2024,"NSW","Outer Regional Australia","40-64","non_wearing_seatbelts","Police issued",16,0,0
2024,"NSW","Outer Regional Australia","40-64","speed_fines","Police issued",697,0,2
2024,"NSW","Outer Regional Australia","40-64","unlicensed_driving","Not applicable",15,0,29
2024,"NSW","Outer Regional Australia","65 and over","mobile_phone_use","Police issued",2,0,0
2024,"NSW","Outer Regional Australia","65 and over","non_wearing_seatbelts","Police issued",5,0,0
2024,"NSW","Outer Regional Australia","65 and over","speed_fines","Police issued",217,0,0
2024,"NSW","Outer Regional Australia","65 and over","unlicensed_driving","Not applicable",1,0,4
2024,"NSW","Remote Australia","12-16","unlicensed_driving","Not applicable",0,0,1
2024,"NSW","Remote Australia","17-25","mobile_phone_use","Police issued",1,0,0
2024,"NSW","Remote Australia","17-25","non_wearing_seatbelts","Police issued",0,0,1
2024,"NSW","Remote Australia","17-25","speed_fines","Police issued",37,0,2
2024,"NSW","Remote Australia","17-25","unlicensed_driving","Not applicable",0,0,5
2024,"NSW","Remote Australia","26-39","non_wearing_seatbelts","Police issued",5,0,0
2024,"NSW","Remote Australia","26-39","speed_fines","Police issued",57,0,1
2024,"NSW","Remote Australia","26-39","unlicensed_driving","Not applicable",6,0,10
2024,"NSW","Remote Australia","40-64","non_wearing_seatbelts","Police issued",2,0,0
2024,"NSW","Remote Australia","40-64","speed_fines","Police issued",49,0,0
2024,"NSW","Remote Australia","40-64","unlicensed_driving","Not applicable",2,0,1
2024,"NSW","Remote Australia","65 and over","speed_fines","Police issued",12,0,0
2024,"NSW","Remote Australia","65 and over","unlicensed_driving","Not applicable",2,0,1
2024,"NSW","Unknown","17-25","mobile_phone_use","Police issued",6,0,0
2024,"NSW","Unknown","17-25","non_wearing_seatbelts","Police issued",2,0,0
2024,"NSW","Unknown","17-25","speed_fines","Police issued",30,0,1
2024,"NSW","Unknown","17-25","unlicensed_driving","Not applicable",3,0,4
2024,"NSW","Unknown","26-39","mobile_phone_use","Police issued",3,0,0
2024,"NSW","Unknown","26-39","non_wearing_seatbelts","Police issued",6,0,0
2024,"NSW","Unknown","26-39","speed_fines","Police issued",50,0,1
2024,"NSW","Unknown","26-39","unlicensed_driving","Not applicable",1,0,5
2024,"NSW","Unknown","40-64","non_wearing_seatbelts","Police issued",4,0,0
2024,"NSW","Unknown","40-64","speed_fines","Police issued",39,0,0
2024,"NSW","Unknown","40-64","unlicensed_driving","Not applicable",1,0,7
2024,"NSW","Unknown","65 and over","speed_fines","Police issued",8,0,0
2024,"NSW","Very Remote Australia","17-25","speed_fines","Police issued",5,0,0
2024,"NSW","Very Remote Australia","17-25","unlicensed_driving","Not applicable",0,0,2
2024,"NSW","Very Remote Australia","26-39","speed_fines","Police issued",5,0,0
2024,"NSW","Very Remote Australia","26-39","unlicensed_driving","Not applicable",0,0,1
2024,"NSW","Very Remote Australia","40-64","speed_fines","Police issued",6,0,0
2024,"NSW","Very Remote Australia","40-64","unlicensed_driving","Not applicable",1,0,0
2024,"NSW","Very Remote Australia","65 and over","speed_fines","Police issued",1,0,0
2024,"NT","Unknown","12-16","speed_fines","Fixed camera",1,0,0
2024,"NT","Unknown","12-16","speed_fines","Mobile camera",4,0,0
2024,"NT","Unknown","12-16","speed_fines","Police issued",1,0,0
2024,"NT","Unknown","12-16","unlicensed_driving","Not applicable",0,4,9
2024,"NT","Unknown","17-25","mobile_phone_use","Police issued",3,0,0
2024,"NT","Unknown","17-25","non_wearing_seatbelts","Police issued",24,1,24
2024,"NT","Unknown","17-25","speed_fines","Fixed camera",102,0,0
2024,"NT","Unknown","17-25","speed_fines","Mobile camera",348,0,0
2024,"NT","Unknown","17-25","speed_fines","Police issued",103,0,0
2024,"NT","Unknown","17-25","unlicensed_driving","Not applicable",11,16,68
2024,"NT","Unknown","26-39","mobile_phone_use","Police issued",11,0,0
2024,"NT","Unknown","26-39","non_wearing_seatbelts","Police issued",55,2,32
2024,"NT","Unknown","26-39","speed_fines","Fixed camera",207,0,0
2024,"NT","Unknown","26-39","speed_fines","Mobile camera",754,0,0
2024,"NT","Unknown","26-39","speed_fines","Police issued",210,0,0
2024,"NT","Unknown","26-39","unlicensed_driving","Not applicable",18,15,78
2024,"NT","Unknown","40-64","mobile_phone_use","Police issued",10,0,0
2024,"NT","Unknown","40-64","non_wearing_seatbelts","Police issued",33,0,10
2024,"NT","Unknown","40-64","speed_fines","Fixed camera",311,0,0
2024,"NT","Unknown","40-64","speed_fines","Mobile camera",915,0,0
2024,"NT","Unknown","40-64","speed_fines","Police issued",191,0,0
2024,"NT","Unknown","40-64","unlicensed_driving","Not applicable",15,16,67
2024,"NT","Unknown","65 and over","non_wearing_seatbelts","Police issued",6,0,0
2024,"NT","Unknown","65 and over","speed_fines","Fixed camera",62,0,0
2024,"NT","Unknown","65 and over","speed_fines","Mobile camera",212,0,0
2024,"NT","Unknown","65 and over","speed_fines","Police issued",29,0,0
2024,"NT","Unknown","65 and over","unlicensed_driving","Not applicable",2,0,1
2024,"QLD","Unknown","12-16","mobile_phone_use","Fixed camera",210,0,0
2024,"QLD","Unknown","12-16","non_wearing_seatbelts","Fixed camera",74,0,0
2024,"QLD","Unknown","12-16","non_wearing_seatbelts","Police issued",3,0,0
2024,"QLD","Unknown","12-16","speed_fines","Fixed camera",651,0,0
2024,"QLD","Unknown","12-16","speed_fines","Mobile camera",805,0,0
2024,"QLD","Unknown","12-16","speed_fines","Police issued",3,0,0
2024,"QLD","Unknown","12-16","unlicensed_driving","Not applicable",47,0,0
2024,"QLD","Unknown","17-25","mobile_phone_use","Fixed camera",901,0,0
2024,"QLD","Unknown","17-25","mobile_phone_use","Police issued",48,0,0
2024,"QLD","Unknown","17-25","non_wearing_seatbelts","Fixed camera",418,0,0
2024,"QLD","Unknown","17-25","non_wearing_seatbelts","Police issued",55,0,0
2024,"QLD","Unknown","17-25","speed_fines","Fixed camera",2728,0,0
2024,"QLD","Unknown","17-25","speed_fines","Mobile camera",5093,0,0
2024,"QLD","Unknown","17-25","speed_fines","Police issued",2028,0,0
2024,"QLD","Unknown","17-25","unlicensed_driving","Not applicable",497,0,0
2024,"QLD","Unknown","26-39","mobile_phone_use","Fixed camera",2417,0,0
2024,"QLD","Unknown","26-39","mobile_phone_use","Police issued",84,0,0
2024,"QLD","Unknown","26-39","non_wearing_seatbelts","Fixed camera",1211,0,0
2024,"QLD","Unknown","26-39","non_wearing_seatbelts","Police issued",88,0,0
2024,"QLD","Unknown","26-39","speed_fines","Fixed camera",6314,0,0
2024,"QLD","Unknown","26-39","speed_fines","Mobile camera",10140,0,0
2024,"QLD","Unknown","26-39","speed_fines","Police issued",2801,0,0
2024,"QLD","Unknown","26-39","unlicensed_driving","Not applicable",733,0,0
2024,"QLD","Unknown","40-64","mobile_phone_use","Fixed camera",2588,0,0
2024,"QLD","Unknown","40-64","mobile_phone_use","Police issued",57,0,0
2024,"QLD","Unknown","40-64","non_wearing_seatbelts","Fixed camera",1283,0,0
2024,"QLD","Unknown","40-64","non_wearing_seatbelts","Police issued",76,0,0
2024,"QLD","Unknown","40-64","speed_fines","Fixed camera",8846,0,0
2024,"QLD","Unknown","40-64","speed_fines","Mobile camera",14661,0,0
2024,"QLD","Unknown","40-64","speed_fines","Police issued",3303,0,0
2024,"QLD","Unknown","40-64","unlicensed_driving","Not applicable",472,0,0
2024,"QLD","Unknown","65 and over","mobile_phone_use","Fixed camera",308,0,0
2024,"QLD","Unknown","65 and over","mobile_phone_use","Police issued",7,0,0
2024,"QLD","Unknown","65 and over","non_wearing_seatbelts","Fixed camera",293,0,0
2024,"QLD","Unknown","65 and over","non_wearing_seatbelts","Police issued",11,0,0
2024,"QLD","Unknown","65 and over","speed_fines","Fixed camera",2452,0,0
2024,"QLD","Unknown","65 and over","speed_fines","Mobile camera",4013,0,0
2024,"QLD","Unknown","65 and over","speed_fines","Police issued",624,0,0
2024,"QLD","Unknown","65 and over","unlicensed_driving","Not applicable",35,0,0
2024,"SA","Inner Regional Australia","17-25","mobile_phone_use","Police issued",2,0,0
2024,"SA","Inner Regional Australia","17-25","non_wearing_seatbelts","Police issued",2,0,0
2024,"SA","Inner Regional Australia","17-25","speed_fines","Fixed camera",36,0,0
2024,"SA","Inner Regional Australia","17-25","speed_fines","Mobile camera",88,0,0
2024,"SA","Inner Regional Australia","17-25","speed_fines","Police issued",183,0,1
2024,"SA","Inner Regional Australia","26-39","mobile_phone_use","Police issued",5,0,0
2024,"SA","Inner Regional Australia","26-39","non_wearing_seatbelts","Police issued",2,0,0
2024,"SA","Inner Regional Australia","26-39","speed_fines","Fixed camera",100,0,0
2024,"SA","Inner Regional Australia","26-39","speed_fines","Mobile camera",306,0,0
2024,"SA","Inner Regional Australia","26-39","speed_fines","Police issued",333,0,3
2024,"SA","Inner Regional Australia","40-64","mobile_phone_use","Police issued",4,0,0
2024,"SA","Inner Regional Australia","40-64","non_wearing_seatbelts","Police issued",3,0,0
2024,"SA","Inner Regional Australia","40-64","speed_fines","Fixed camera",113,0,0
2024,"SA","Inner Regional Australia","40-64","speed_fines","Mobile camera",617,0,0
2024,"SA","Inner Regional Australia","40-64","speed_fines","Police issued",442,2,3
2024,"SA","Inner Regional Australia","65 and over","non_wearing_seatbelts","Police issued",1,0,0
2024,"SA","Inner Regional Australia","65 and over","speed_fines","Fixed camera",28,0,0
2024,"SA","Inner Regional Australia","65 and over","speed_fines","Mobile camera",423,0,0
2024,"SA","Inner Regional Australia","65 and over","speed_fines","Police issued",149,0,0
2024,"SA","Inner Regional Australia","65 and over","unlicensed_driving","Not applicable",4,0,0
2024,"SA","Major Cities of Australia","12-16","non_wearing_seatbelts","Police issued",1,0,0
2024,"SA","Major Cities of Australia","12-16","speed_fines","Mobile camera",1,0,0
2024,"SA","Major Cities of Australia","17-25","mobile_phone_use","Police issued",61,0,0
2024,"SA","Major Cities of Australia","17-25","non_wearing_seatbelts","Police issued",26,0,0
2024,"SA","Major Cities of Australia","17-25","speed_fines","Fixed camera",328,0,0
2024,"SA","Major Cities of Australia","17-25","speed_fines","Mobile camera",390,0,0
2024,"SA","Major Cities of Australia","17-25","speed_fines","Police issued",351,0,7
2024,"SA","Major Cities of Australia","26-39","mobile_phone_use","Police issued",86,0,0
2024,"SA","Major Cities of Australia","26-39","non_wearing_seatbelts","Police issued",41,0,0
2024,"SA","Major Cities of Australia","26-39","speed_fines","Fixed camera",799,0,0
2024,"SA","Major Cities of Australia","26-39","speed_fines","Mobile camera",955,0,0
2024,"SA","Major Cities of Australia","26-39","speed_fines","Police issued",621,5,12
2024,"SA","Major Cities of Australia","40-64","mobile_phone_use","Police issued",69,0,0
2024,"SA","Major Cities of Australia","40-64","non_wearing_seatbelts","Police issued",34,0,0
2024,"SA","Major Cities of Australia","40-64","speed_fines","Fixed camera",1572,0,0
2024,"SA","Major Cities of Australia","40-64","speed_fines","Mobile camera",1454,0,0
2024,"SA","Major Cities of Australia","40-64","speed_fines","Police issued",632,1,7
2024,"SA","Major Cities of Australia","65 and over","mobile_phone_use","Police issued",5,0,0
2024,"SA","Major Cities of Australia","65 and over","non_wearing_seatbelts","Police issued",17,0,0
2024,"SA","Major Cities of Australia","65 and over","speed_fines","Fixed camera",621,0,0
2024,"SA","Major Cities of Australia","65 and over","speed_fines","Mobile camera",424,0,0
2024,"SA","Major Cities of Australia","65 and over","speed_fines","Police issued",150,0,0
2024,"SA","Major Cities of Australia","65 and over","unlicensed_driving","Not applicable",9,0,0
2024,"SA","Outer Regional Australia","12-16","speed_fines","Police issued",1,0,0
2024,"SA","Outer Regional Australia","17-25","non_wearing_seatbelts","Police issued",5,0,0
2024,"SA","Outer Regional Australia","17-25","speed_fines","Fixed camera",20,0,0
2024,"SA","Outer Regional Australia","17-25","speed_fines","Mobile camera",23,0,0
2024,"SA","Outer Regional Australia","17-25","speed_fines","Police issued",156,0,0
2024,"SA","Outer Regional Australia","26-39","mobile_phone_use","Police issued",3,0,0
2024,"SA","Outer Regional Australia","26-39","non_wearing_seatbelts","Police issued",11,0,0
2024,"SA","Outer Regional Australia","26-39","speed_fines","Fixed camera",47,0,0
2024,"SA","Outer Regional Australia","26-39","speed_fines","Mobile camera",49,0,0
2024,"SA","Outer Regional Australia","26-39","speed_fines","Police issued",332,1,2
2024,"SA","Outer Regional Australia","40-64","mobile_phone_use","Police issued",3,0,0
2024,"SA","Outer Regional Australia","40-64","non_wearing_seatbelts","Police issued",8,0,0
2024,"SA","Outer Regional Australia","40-64","speed_fines","Fixed camera",44,0,0
2024,"SA","Outer Regional Australia","40-64","speed_fines","Mobile camera",88,0,0
2024,"SA","Outer Regional Australia","40-64","speed_fines","Police issued",425,1,0
2024,"SA","Outer Regional Australia","65 and over","non_wearing_seatbelts","Police issued",8,0,0
2024,"SA","Outer Regional Australia","65 and over","speed_fines","Fixed camera",13,0,0
2024,"SA","Outer Regional Australia","65 and over","speed_fines","Mobile camera",34,0,0
2024,"SA","Outer Regional Australia","65 and over","speed_fines","Police issued",147,0,0
2024,"SA","Outer Regional Australia","65 and over","unlicensed_driving","Not applicable",9,0,0
2024,"SA","Remote Australia","12-16","speed_fines","Police issued",1,0,0
2024,"SA","Remote Australia","17-25","non_wearing_seatbelts","Police issued",1,0,0
2024,"SA","Remote Australia","17-25","speed_fines","Mobile camera",2,0,0
2024,"SA","Remote Australia","17-25","speed_fines","Police issued",33,0,0
2024,"SA","Remote Australia","26-39","mobile_phone_use","Police issued",1,0,0
2024,"SA","Remote Australia","26-39","speed_fines","Mobile camera",10,0,0
2024,"SA","Remote Australia","26-39","speed_fines","Police issued",81,0,0
2024,"SA","Remote Australia","40-64","non_wearing_seatbelts","Police issued",1,0,0
2024,"SA","Remote Australia","40-64","speed_fines","Mobile camera",18,0,0
2024,"SA","Remote Australia","40-64","speed_fines","Police issued",92,0,0
2024,"SA","Remote Australia","65 and over","speed_fines","Mobile camera",3,0,0
2024,"SA","Remote Australia","65 and over","speed_fines","Police issued",18,0,0
2024,"SA","Remote Australia","65 and over","unlicensed_driving","Not applicable",0,0,0
2024,"SA","Unknown","12-16","unlicensed_driving","Not applicable",0,15,4
2024,"SA","Unknown","17-25","speed_fines","Police issued",22,0,0
2024,"SA","Unknown","17-25","unlicensed_driving","Not applicable",0,18,51
2024,"SA","Unknown","26-39","mobile_phone_use","Police issued",2,0,0
2024,"SA","Unknown","26-39","non_wearing_seatbelts","Police issued",2,0,0
2024,"SA","Unknown","26-39","speed_fines","Police issued",36,0,0
2024,"SA","Unknown","26-39","unlicensed_driving","Not applicable",0,45,140
2024,"SA","Unknown","40-64","mobile_phone_use","Police issued",1,0,0
2024,"SA","Unknown","40-64","speed_fines","Mobile camera",2,0,0
2024,"SA","Unknown","40-64","speed_fines","Police issued",51,0,0
2024,"SA","Unknown","40-64","unlicensed_driving","Not applicable",0,34,151
2024,"SA","Unknown","65 and over","mobile_phone_use","Police issued",1,0,0
2024,"SA","Unknown","65 and over","speed_fines","Police issued",13,0,0
2024,"SA","Unknown","65 and over","unlicensed_driving","Not applicable",1,1,7
2024,"SA","Very Remote Australia","17-25","mobile_phone_use","Police issued",1,0,0
2024,"SA","Very Remote Australia","17-25","speed_fines","Police issued",16,0,0
2024,"SA","Very Remote Australia","26-39","non_wearing_seatbelts","Police issued",5,0,0
2024,"SA","Very Remote Australia","26-39","speed_fines","Police issued",56,0,0
2024,"SA","Very Remote Australia","40-64","non_wearing_seatbelts","Police issued",3,0,0
2024,"SA","Very Remote Australia","40-64","speed_fines","Police issued",46,0,1
2024,"SA","Very Remote Australia","65 and over","speed_fines","Police issued",11,0,0
2024,"TAS","Unknown","12-16","speed_fines","Fixed or mobile camera",1,0,0
2024,"TAS","Unknown","12-16","unlicensed_driving","Not applicable",0,2,8
2024,"TAS","Unknown","17-25","mobile_phone_use","Fixed or mobile camera",10,0,0
2024,"TAS","Unknown","17-25","mobile_phone_use","Police issued",25,0,2
2024,"TAS","Unknown","17-25","non_wearing_seatbelts","Fixed or mobile camera",19,0,0
2024,"TAS","Unknown","17-25","non_wearing_seatbelts","Police issued",13,0,2
2024,"TAS","Unknown","17-25","speed_fines","Fixed or mobile camera",482,0,0
2024,"TAS","Unknown","17-25","speed_fines","Police issued",371,0,11
2024,"TAS","Unknown","17-25","unlicensed_driving","Not applicable",6,0,26
2024,"TAS","Unknown","26-39","mobile_phone_use","Fixed or mobile camera",35,0,0
2024,"TAS","Unknown","26-39","mobile_phone_use","Police issued",55,0,2
2024,"TAS","Unknown","26-39","non_wearing_seatbelts","Fixed or mobile camera",62,0,0
2024,"TAS","Unknown","26-39","non_wearing_seatbelts","Police issued",14,0,2
2024,"TAS","Unknown","26-39","speed_fines","Fixed or mobile camera",1208,0,0
2024,"TAS","Unknown","26-39","speed_fines","Police issued",523,0,12
2024,"TAS","Unknown","26-39","unlicensed_driving","Not applicable",9,0,67
2024,"TAS","Unknown","40-64","mobile_phone_use","Fixed or mobile camera",42,0,0
2024,"TAS","Unknown","40-64","mobile_phone_use","Police issued",31,0,0
2024,"TAS","Unknown","40-64","non_wearing_seatbelts","Fixed or mobile camera",97,0,0
2024,"TAS","Unknown","40-64","non_wearing_seatbelts","Police issued",20,0,1
2024,"TAS","Unknown","40-64","speed_fines","Fixed or mobile camera",1834,0,0
2024,"TAS","Unknown","40-64","speed_fines","Police issued",584,0,9
2024,"TAS","Unknown","40-64","unlicensed_driving","Not applicable",7,0,34
2024,"TAS","Unknown","65 and over","mobile_phone_use","Fixed or mobile camera",5,0,0
2024,"TAS","Unknown","65 and over","mobile_phone_use","Police issued",3,0,0
2024,"TAS","Unknown","65 and over","non_wearing_seatbelts","Fixed or mobile camera",54,0,0
2024,"TAS","Unknown","65 and over","non_wearing_seatbelts","Police issued",5,0,0
2024,"TAS","Unknown","65 and over","speed_fines","Fixed or mobile camera",818,0,0
2024,"TAS","Unknown","65 and over","speed_fines","Police issued",178,0,0
2024,"TAS","Unknown","65 and over","unlicensed_driving","Not applicable",0,0,5
2024,"VIC","Inner Regional Australia","12-16","mobile_phone_use","Fixed camera",0,0,0
2024,"VIC","Inner Regional Australia","12-16","mobile_phone_use","Mobile camera",0,0,0
2024,"VIC","Inner Regional Australia","12-16","non_wearing_seatbelts","Fixed camera",0,0,0
2024,"VIC","Inner Regional Australia","12-16","non_wearing_seatbelts","Mobile camera",0,0,0
2024,"VIC","Inner Regional Australia","12-16","speed_fines","Fixed camera",0,0,0
2024,"VIC","Inner Regional Australia","12-16","speed_fines","Mobile camera",2,0,0
2024,"VIC","Inner Regional Australia","17-25","mobile_phone_use","Fixed camera",0,0,0
2024,"VIC","Inner Regional Australia","17-25","mobile_phone_use","Mobile camera",14,0,0
2024,"VIC","Inner Regional Australia","17-25","non_wearing_seatbelts","Fixed camera",0,0,0
2024,"VIC","Inner Regional Australia","17-25","non_wearing_seatbelts","Mobile camera",34,0,0
2024,"VIC","Inner Regional Australia","17-25","speed_fines","Fixed camera",47,0,0
2024,"VIC","Inner Regional Australia","17-25","speed_fines","Mobile camera",361,0,0
2024,"VIC","Inner Regional Australia","26-39","mobile_phone_use","Fixed camera",0,0,0
2024,"VIC","Inner Regional Australia","26-39","mobile_phone_use","Mobile camera",34,0,0
2024,"VIC","Inner Regional Australia","26-39","non_wearing_seatbelts","Fixed camera",0,0,0
2024,"VIC","Inner Regional Australia","26-39","non_wearing_seatbelts","Mobile camera",90,0,0
2024,"VIC","Inner Regional Australia","26-39","speed_fines","Fixed camera",185,0,0
2024,"VIC","Inner Regional Australia","26-39","speed_fines","Mobile camera",1190,0,0
2024,"VIC","Inner Regional Australia","40-64","mobile_phone_use","Fixed camera",0,0,0
2024,"VIC","Inner Regional Australia","40-64","mobile_phone_use","Mobile camera",61,0,0
2024,"VIC","Inner Regional Australia","40-64","non_wearing_seatbelts","Fixed camera",0,0,0
2024,"VIC","Inner Regional Australia","40-64","non_wearing_seatbelts","Mobile camera",143,0,0
2024,"VIC","Inner Regional Australia","40-64","speed_fines","Fixed camera",382,0,0
2024,"VIC","Inner Regional Australia","40-64","speed_fines","Mobile camera",1741,0,0
2024,"VIC","Inner Regional Australia","65 and over","mobile_phone_use","Fixed camera",0,0,0
2024,"VIC","Inner Regional Australia","65 and over","mobile_phone_use","Mobile camera",12,0,0
2024,"VIC","Inner Regional Australia","65 and over","non_wearing_seatbelts","Fixed camera",0,0,0
2024,"VIC","Inner Regional Australia","65 and over","non_wearing_seatbelts","Mobile camera",62,0,0
2024,"VIC","Inner Regional Australia","65 and over","speed_fines","Fixed camera",177,0,0
2024,"VIC","Inner Regional Australia","65 and over","speed_fines","Mobile camera",898,0,0
2024,"VIC","Major Cities of Australia","12-16","mobile_phone_use","Fixed camera",0,0,0
2024,"VIC","Major Cities of Australia","12-16","mobile_phone_use","Mobile camera",0,0,0
2024,"VIC","Major Cities of Australia","12-16","non_wearing_seatbelts","Fixed camera",0,0,0
2024,"VIC","Major Cities of Australia","12-16","non_wearing_seatbelts","Mobile camera",0,0,0
2024,"VIC","Major Cities of Australia","12-16","speed_fines","Fixed camera",0,0,0
2024,"VIC","Major Cities of Australia","12-16","speed_fines","Mobile camera",0,0,0
2024,"VIC","Major Cities of Australia","17-25","mobile_phone_use","Fixed camera",0,0,0
2024,"VIC","Major Cities of Australia","17-25","mobile_phone_use","Mobile camera",134,0,0
2024,"VIC","Major Cities of Australia","17-25","non_wearing_seatbelts","Fixed camera",0,0,0
2024,"VIC","Major Cities of Australia","17-25","non_wearing_seatbelts","Mobile camera",286,0,0
2024,"VIC","Major Cities of Australia","17-25","speed_fines","Fixed camera",2223,0,0
2024,"VIC","Major Cities of Australia","17-25","speed_fines","Mobile camera",1666,0,0
2024,"VIC","Major Cities of Australia","26-39","mobile_phone_use","Fixed camera",0,0,0
2024,"VIC","Major Cities of Australia","26-39","mobile_phone_use","Mobile camera",514,0,0
2024,"VIC","Major Cities of Australia","26-39","non_wearing_seatbelts","Fixed camera",0,0,0
2024,"VIC","Major Cities of Australia","26-39","non_wearing_seatbelts","Mobile camera",1106,0,0
2024,"VIC","Major Cities of Australia","26-39","speed_fines","Fixed camera",6834,0,0
2024,"VIC","Major Cities of Australia","26-39","speed_fines","Mobile camera",5120,0,0
2024,"VIC","Major Cities of Australia","40-64","mobile_phone_use","Fixed camera",0,0,0
2024,"VIC","Major Cities of Australia","40-64","mobile_phone_use","Mobile camera",659,0,0
2024,"VIC","Major Cities of Australia","40-64","non_wearing_seatbelts","Fixed camera",0,0,0
2024,"VIC","Major Cities of Australia","40-64","non_wearing_seatbelts","Mobile camera",1535,0,0
2024,"VIC","Major Cities of Australia","40-64","speed_fines","Fixed camera",11346,0,0
2024,"VIC","Major Cities of Australia","40-64","speed_fines","Mobile camera",8239,0,0
2024,"VIC","Major Cities of Australia","65 and over","mobile_phone_use","Fixed camera",0,0,0
2024,"VIC","Major Cities of Australia","65 and over","mobile_phone_use","Mobile camera",107,0,0
2024,"VIC","Major Cities of Australia","65 and over","non_wearing_seatbelts","Fixed camera",0,0,0
2024,"VIC","Major Cities of Australia","65 and over","non_wearing_seatbelts","Mobile camera",391,0,0
2024,"VIC","Major Cities of Australia","65 and over","speed_fines","Fixed camera",3402,0,0
2024,"VIC","Major Cities of Australia","65 and over","speed_fines","Mobile camera",2407,0,0
2024,"VIC","Outer Regional Australia","12-16","mobile_phone_use","Fixed camera",0,0,0
2024,"VIC","Outer Regional Australia","12-16","mobile_phone_use","Mobile camera",0,0,0
2024,"VIC","Outer Regional Australia","12-16","non_wearing_seatbelts","Fixed camera",0,0,0
2024,"VIC","Outer Regional Australia","12-16","non_wearing_seatbelts","Mobile camera",0,0,0
2024,"VIC","Outer Regional Australia","12-16","speed_fines","Fixed camera",0,0,0
2024,"VIC","Outer Regional Australia","12-16","speed_fines","Mobile camera",0,0,0
2024,"VIC","Outer Regional Australia","17-25","mobile_phone_use","Fixed camera",0,0,0
2024,"VIC","Outer Regional Australia","17-25","mobile_phone_use","Mobile camera",0,0,0
2024,"VIC","Outer Regional Australia","17-25","non_wearing_seatbelts","Fixed camera",0,0,0
2024,"VIC","Outer Regional Australia","17-25","non_wearing_seatbelts","Mobile camera",0,0,0
2024,"VIC","Outer Regional Australia","17-25","speed_fines","Fixed camera",2,0,0
2024,"VIC","Outer Regional Australia","17-25","speed_fines","Mobile camera",65,0,0
2024,"VIC","Outer Regional Australia","26-39","mobile_phone_use","Fixed camera",0,0,0
2024,"VIC","Outer Regional Australia","26-39","mobile_phone_use","Mobile camera",0,0,0
2024,"VIC","Outer Regional Australia","26-39","non_wearing_seatbelts","Fixed camera",0,0,0
2024,"VIC","Outer Regional Australia","26-39","non_wearing_seatbelts","Mobile camera",0,0,0
2024,"VIC","Outer Regional Australia","26-39","speed_fines","Fixed camera",0,0,0
2024,"VIC","Outer Regional Australia","26-39","speed_fines","Mobile camera",221,0,0
2024,"VIC","Outer Regional Australia","40-64","mobile_phone_use","Fixed camera",0,0,0
2024,"VIC","Outer Regional Australia","40-64","mobile_phone_use","Mobile camera",0,0,0
2024,"VIC","Outer Regional Australia","40-64","non_wearing_seatbelts","Fixed camera",0,0,0
2024,"VIC","Outer Regional Australia","40-64","non_wearing_seatbelts","Mobile camera",0,0,0
2024,"VIC","Outer Regional Australia","40-64","speed_fines","Fixed camera",9,0,0
2024,"VIC","Outer Regional Australia","40-64","speed_fines","Mobile camera",413,0,0
2024,"VIC","Outer Regional Australia","65 and over","mobile_phone_use","Fixed camera",0,0,0
2024,"VIC","Outer Regional Australia","65 and over","mobile_phone_use","Mobile camera",0,0,0
2024,"VIC","Outer Regional Australia","65 and over","non_wearing_seatbelts","Fixed camera",0,0,0
2024,"VIC","Outer Regional Australia","65 and over","non_wearing_seatbelts","Mobile camera",0,0,0
2024,"VIC","Outer Regional Australia","65 and over","speed_fines","Fixed camera",3,0,0
2024,"VIC","Outer Regional Australia","65 and over","speed_fines","Mobile camera",211,0,0
2024,"VIC","Remote Australia","12-16","mobile_phone_use","Fixed camera",0,0,0
2024,"VIC","Remote Australia","12-16","mobile_phone_use","Mobile camera",0,0,0
2024,"VIC","Remote Australia","12-16","non_wearing_seatbelts","Fixed camera",0,0,0
2024,"VIC","Remote Australia","12-16","non_wearing_seatbelts","Mobile camera",0,0,0
2024,"VIC","Remote Australia","12-16","speed_fines","Fixed camera",0,0,0
2024,"VIC","Remote Australia","12-16","speed_fines","Mobile camera",0,0,0
2024,"VIC","Remote Australia","17-25","mobile_phone_use","Fixed camera",0,0,0
2024,"VIC","Remote Australia","17-25","mobile_phone_use","Mobile camera",0,0,0
2024,"VIC","Remote Australia","17-25","non_wearing_seatbelts","Fixed camera",0,0,0
2024,"VIC","Remote Australia","17-25","non_wearing_seatbelts","Mobile camera",0,0,0
2024,"VIC","Remote Australia","17-25","speed_fines","Fixed camera",0,0,0
2024,"VIC","Remote Australia","17-25","speed_fines","Mobile camera",0,0,0
2024,"VIC","Remote Australia","26-39","mobile_phone_use","Fixed camera",0,0,0
2024,"VIC","Remote Australia","26-39","mobile_phone_use","Mobile camera",0,0,0
2024,"VIC","Remote Australia","26-39","non_wearing_seatbelts","Fixed camera",0,0,0
2024,"VIC","Remote Australia","26-39","non_wearing_seatbelts","Mobile camera",0,0,0
2024,"VIC","Remote Australia","26-39","speed_fines","Fixed camera",0,0,0
2024,"VIC","Remote Australia","26-39","speed_fines","Mobile camera",1,0,0
2024,"VIC","Remote Australia","40-64","mobile_phone_use","Fixed camera",0,0,0
2024,"VIC","Remote Australia","40-64","mobile_phone_use","Mobile camera",0,0,0
2024,"VIC","Remote Australia","40-64","non_wearing_seatbelts","Fixed camera",0,0,0
2024,"VIC","Remote Australia","40-64","non_wearing_seatbelts","Mobile camera",0,0,0
2024,"VIC","Remote Australia","40-64","speed_fines","Fixed camera",0,0,0
2024,"VIC","Remote Australia","40-64","speed_fines","Mobile camera",0,0,0
2024,"VIC","Remote Australia","65 and over","mobile_phone_use","Fixed camera",0,0,0
2024,"VIC","Remote Australia","65 and over","mobile_phone_use","Mobile camera",0,0,0
2024,"VIC","Remote Australia","65 and over","non_wearing_seatbelts","Fixed camera",0,0,0
2024,"VIC","Remote Australia","65 and over","non_wearing_seatbelts","Mobile camera",0,0,0
2024,"VIC","Remote Australia","65 and over","speed_fines","Fixed camera",0,0,0
2024,"VIC","Remote Australia","65 and over","speed_fines","Mobile camera",0,0,0
2024,"VIC","Unknown","12-16","mobile_phone_use","Fixed camera",0,0,0
2024,"VIC","Unknown","12-16","mobile_phone_use","Mobile camera",0,0,0
2024,"VIC","Unknown","12-16","non_wearing_seatbelts","Fixed camera",0,0,0
2024,"VIC","Unknown","12-16","non_wearing_seatbelts","Mobile camera",0,0,0
2024,"VIC","Unknown","12-16","speed_fines","Fixed camera",1,0,0
2024,"VIC","Unknown","12-16","speed_fines","Mobile camera",0,0,0
2024,"VIC","Unknown","12-16","speed_fines","Police issued",2,0,0
2024,"VIC","Unknown","12-16","unlicensed_driving","Not applicable",6,0,0
2024,"VIC","Unknown","17-25","mobile_phone_use","Fixed camera",0,0,0
2024,"VIC","Unknown","17-25","mobile_phone_use","Mobile camera",0,0,0
2024,"VIC","Unknown","17-25","mobile_phone_use","Police issued",167,0,0
2024,"VIC","Unknown","17-25","non_wearing_seatbelts","Fixed camera",0,0,0
2024,"VIC","Unknown","17-25","non_wearing_seatbelts","Mobile camera",0,0,0
2024,"VIC","Unknown","17-25","non_wearing_seatbelts","Police issued",36,0,0
2024,"VIC","Unknown","17-25","speed_fines","Fixed camera",500,0,0
2024,"VIC","Unknown","17-25","speed_fines","Mobile camera",0,0,0
2024,"VIC","Unknown","17-25","speed_fines","Police issued",1162,0,0
2024,"VIC","Unknown","17-25","unlicensed_driving","Not applicable",110,0,0
2024,"VIC","Unknown","26-39","mobile_phone_use","Fixed camera",0,0,0
2024,"VIC","Unknown","26-39","mobile_phone_use","Mobile camera",0,0,0
2024,"VIC","Unknown","26-39","mobile_phone_use","Police issued",398,0,0
2024,"VIC","Unknown","26-39","non_wearing_seatbelts","Fixed camera",0,0,0
2024,"VIC","Unknown","26-39","non_wearing_seatbelts","Mobile camera",0,0,0
2024,"VIC","Unknown","26-39","non_wearing_seatbelts","Police issued",83,0,0
2024,"VIC","Unknown","26-39","speed_fines","Fixed camera",962,0,0
2024,"VIC","Unknown","26-39","speed_fines","Mobile camera",0,0,0
2024,"VIC","Unknown","26-39","speed_fines","Police issued",2180,0,0
2024,"VIC","Unknown","26-39","unlicensed_driving","Not applicable",202,0,0
2024,"VIC","Unknown","40-64","mobile_phone_use","Fixed camera",0,0,0
2024,"VIC","Unknown","40-64","mobile_phone_use","Mobile camera",0,0,0
2024,"VIC","Unknown","40-64","mobile_phone_use","Police issued",294,0,0
2024,"VIC","Unknown","40-64","non_wearing_seatbelts","Fixed camera",0,0,0
2024,"VIC","Unknown","40-64","non_wearing_seatbelts","Mobile camera",0,0,0
2024,"VIC","Unknown","40-64","non_wearing_seatbelts","Police issued",65,0,0
2024,"VIC","Unknown","40-64","speed_fines","Fixed camera",1116,0,0
2024,"VIC","Unknown","40-64","speed_fines","Mobile camera",0,0,0
2024,"VIC","Unknown","40-64","speed_fines","Police issued",2528,0,0
2024,"VIC","Unknown","40-64","unlicensed_driving","Not applicable",114,0,0
2024,"VIC","Unknown","65 and over","mobile_phone_use","Fixed camera",0,0,0
2024,"VIC","Unknown","65 and over","mobile_phone_use","Mobile camera",0,0,0
2024,"VIC","Unknown","65 and over","mobile_phone_use","Police issued",36,0,0
2024,"VIC","Unknown","65 and over","non_wearing_seatbelts","Fixed camera",0,0,0
2024,"VIC","Unknown","65 and over","non_wearing_seatbelts","Mobile camera",0,0,0
2024,"VIC","Unknown","65 and over","non_wearing_seatbelts","Police issued",10,0,0
2024,"VIC","Unknown","65 and over","speed_fines","Fixed camera",195,0,0
2024,"VIC","Unknown","65 and over","speed_fines","Mobile camera",0,0,0
2024,"VIC","Unknown","65 and over","speed_fines","Police issued",584,0,0
2024,"VIC","Unknown","65 and over","unlicensed_driving","Not applicable",14,0,0
2024,"WA","Unknown","12-16","mobile_phone_use","Police issued",1,0,0
2024,"WA","Unknown","12-16","speed_fines","Fixed camera",2,0,0
2024,"WA","Unknown","12-16","speed_fines","Mobile camera",14,0,0
2024,"WA","Unknown","12-16","speed_fines","Police issued",2,0,0
2024,"WA","Unknown","12-16","unlicensed_driving","Not applicable",0,6,33
2024,"WA","Unknown","17-25","mobile_phone_use","Police issued",111,0,0
2024,"WA","Unknown","17-25","non_wearing_seatbelts","Police issued",73,0,0
2024,"WA","Unknown","17-25","speed_fines","Police issued",1154,0,0
2024,"WA","Unknown","17-25","unlicensed_driving","Not applicable",54,35,347
2024,"WA","Unknown","26-39","mobile_phone_use","Police issued",193,0,0
2024,"WA","Unknown","26-39","non_wearing_seatbelts","Police issued",94,0,0
2024,"WA","Unknown","26-39","speed_fines","Fixed camera",1,0,0
2024,"WA","Unknown","26-39","speed_fines","Mobile camera",2,0,0
2024,"WA","Unknown","26-39","speed_fines","Police issued",2162,0,0
2024,"WA","Unknown","26-39","unlicensed_driving","Not applicable",84,94,615
2024,"WA","Unknown","40-64","mobile_phone_use","Police issued",149,0,0
2024,"WA","Unknown","40-64","non_wearing_seatbelts","Police issued",64,0,0
2024,"WA","Unknown","40-64","speed_fines","Fixed camera",3,0,0
2024,"WA","Unknown","40-64","speed_fines","Mobile camera",2,0,0
2024,"WA","Unknown","40-64","speed_fines","Police issued",2570,0,0
2024,"WA","Unknown","40-64","unlicensed_driving","Not applicable",74,33,387
2024,"WA","Unknown","65 and over","mobile_phone_use","Police issued",13,0,0
2024,"WA","Unknown","65 and over","non_wearing_seatbelts","Police issued",12,0,0
2024,"WA","Unknown","65 and over","speed_fines","Fixed camera",1,0,0
2024,"WA","Unknown","65 and over","speed_fines","Police issued",517,0,0
2024,"WA","Unknown","65 and over","unlicensed_driving","Not applicable",11,0,14
2024,"ACT","Major Cities of Australia","12-16","mobile_phone_use","Fixed or mobile camera",1,0,0
2024,"ACT","Major Cities of Australia","12-16","speed_fines","Fixed camera",1,0,0
2024,"ACT","Major Cities of Australia","12-16","speed_fines","Police issued",1,0,0
2024,"ACT","Major Cities of Australia","12-16","unlicensed_driving","Not applicable",0,2,3
2024,"ACT","Major Cities of Australia","17-25","mobile_phone_use","Fixed or mobile camera",308,0,0
2024,"ACT","Major Cities of Australia","17-25","mobile_phone_use","Police issued",5,0,0
2024,"ACT","Major Cities of Australia","17-25","speed_fines","Fixed camera",539,0,0
2024,"ACT","Major Cities of Australia","17-25","speed_fines","Mobile camera",158,0,0
2024,"ACT","Major Cities of Australia","17-25","speed_fines","Police issued",48,0,1
2024,"ACT","Major Cities of Australia","17-25","unlicensed_driving","Not applicable",4,2,16
2024,"ACT","Major Cities of Australia","26-39","mobile_phone_use","Fixed or mobile camera",836,0,0
2024,"ACT","Major Cities of Australia","26-39","mobile_phone_use","Police issued",5,0,2
2024,"ACT","Major Cities of Australia","26-39","non_wearing_seatbelts","Police issued",2,0,0
2024,"ACT","Major Cities of Australia","26-39","speed_fines","Fixed camera",1066,0,0
2024,"ACT","Major Cities of Australia","26-39","speed_fines","Mobile camera",396,0,0
2024,"ACT","Major Cities of Australia","26-39","speed_fines","Police issued",79,0,3
2024,"ACT","Major Cities of Australia","26-39","unlicensed_driving","Not applicable",9,17,46
2024,"ACT","Major Cities of Australia","40-64","mobile_phone_use","Fixed or mobile camera",885,0,0
2024,"ACT","Major Cities of Australia","40-64","mobile_phone_use","Police issued",8,0,0
2024,"ACT","Major Cities of Australia","40-64","non_wearing_seatbelts","Police issued",1,0,0
2024,"ACT","Major Cities of Australia","40-64","speed_fines","Fixed camera",1708,0,0
2024,"ACT","Major Cities of Australia","40-64","speed_fines","Mobile camera",513,0,0
2024,"ACT","Major Cities of Australia","40-64","speed_fines","Police issued",74,0,0
2024,"ACT","Major Cities of Australia","40-64","unlicensed_driving","Not applicable",4,4,9
2024,"ACT","Major Cities of Australia","65 and over","mobile_phone_use","Fixed or mobile camera",119,0,0
2024,"ACT","Major Cities of Australia","65 and over","non_wearing_seatbelts","Police issued",1,0,0
2024,"ACT","Major Cities of Australia","65 and over","speed_fines","Fixed camera",524,0,0
2024,"ACT","Major Cities of Australia","65 and over","speed_fines","Mobile camera",188,0,0
2024,"ACT","Major Cities of Australia","65 and over","speed_fines","Police issued",13,0,0
2024,"ACT","Major Cities of Australia","65 and over","unlicensed_driving","Not applicable",0,0,1
2024,"NSW","Inner Regional Australia","12-16","non_wearing_seatbelts","Police issued",3,0,0
2024,"NSW","Inner Regional Australia","12-16","speed_fines","Police issued",8,0,0
2024,"NSW","Inner Regional Australia","12-16","unlicensed_driving","Not applicable",1,0,14
2024,"NSW","Inner Regional Australia","17-25","mobile_phone_use","Police issued",42,0,0
2024,"NSW","Inner Regional Australia","17-25","non_wearing_seatbelts","Police issued",46,0,0
2024,"NSW","Inner Regional Australia","17-25","speed_fines","Police issued",1762,0,7
2024,"NSW","Inner Regional Australia","17-25","unlicensed_driving","Not applicable",39,0,150
2024,"NSW","Inner Regional Australia","26-39","mobile_phone_use","Police issued",44,0,0
2024,"NSW","Inner Regional Australia","26-39","non_wearing_seatbelts","Police issued",86,0,13
2024,"NSW","Inner Regional Australia","26-39","speed_fines","Police issued",2586,0,6
2024,"NSW","Inner Regional Australia","26-39","unlicensed_driving","Not applicable",80,0,302
2024,"NSW","Inner Regional Australia","40-64","mobile_phone_use","Police issued",34,0,1
2024,"NSW","Inner Regional Australia","40-64","non_wearing_seatbelts","Police issued",39,0,2
2024,"NSW","Inner Regional Australia","40-64","speed_fines","Police issued",2793,0,4
2024,"NSW","Inner Regional Australia","40-64","unlicensed_driving","Not applicable",63,0,168
2024,"NSW","Inner Regional Australia","65 and over","mobile_phone_use","Police issued",6,0,0
2024,"NSW","Inner Regional Australia","65 and over","non_wearing_seatbelts","Police issued",18,0,0
2024,"NSW","Inner Regional Australia","65 and over","speed_fines","Police issued",688,0,0
2024,"NSW","Inner Regional Australia","65 and over","unlicensed_driving","Not applicable",10,0,10
2024,"NSW","Major Cities of Australia","12-16","mobile_phone_use","Police issued",4,0,1
2024,"NSW","Major Cities of Australia","12-16","non_wearing_seatbelts","Police issued",2,0,0
2024,"NSW","Major Cities of Australia","12-16","speed_fines","Police issued",3,0,4
2024,"NSW","Major Cities of Australia","12-16","unlicensed_driving","Not applicable",3,0,15
2024,"NSW","Major Cities of Australia","17-25","mobile_phone_use","Police issued",342,0,7
2024,"NSW","Major Cities of Australia","17-25","non_wearing_seatbelts","Police issued",91,0,4
2024,"NSW","Major Cities of Australia","17-25","speed_fines","Police issued",2047,0,27
2024,"NSW","Major Cities of Australia","17-25","unlicensed_driving","Not applicable",212,0,531
2024,"NSW","Major Cities of Australia","26-39","mobile_phone_use","Police issued",321,0,4
2024,"NSW","Major Cities of Australia","26-39","non_wearing_seatbelts","Police issued",159,0,4
2024,"NSW","Major Cities of Australia","26-39","speed_fines","Police issued",2227,0,24
2024,"NSW","Major Cities of Australia","26-39","unlicensed_driving","Not applicable",226,0,705
2024,"NSW","Major Cities of Australia","40-64","mobile_phone_use","Police issued",207,0,1
2024,"NSW","Major Cities of Australia","40-64","non_wearing_seatbelts","Police issued",82,0,5
2024,"NSW","Major Cities of Australia","40-64","speed_fines","Police issued",1997,0,14
2024,"NSW","Major Cities of Australia","40-64","unlicensed_driving","Not applicable",96,0,434
2024,"NSW","Major Cities of Australia","65 and over","mobile_phone_use","Police issued",22,0,2
2024,"NSW","Major Cities of Australia","65 and over","non_wearing_seatbelts","Police issued",7,0,0
2024,"NSW","Major Cities of Australia","65 and over","speed_fines","Police issued",301,0,0
2024,"NSW","Major Cities of Australia","65 and over","unlicensed_driving","Not applicable",8,0,31
2024,"NSW","Outer Regional Australia","12-16","unlicensed_driving","Not applicable",1,0,1
2024,"NSW","Outer Regional Australia","17-25","mobile_phone_use","Police issued",9,0,0
2024,"NSW","Outer Regional Australia","17-25","non_wearing_seatbelts","Police issued",23,0,1
2024,"NSW","Outer Regional Australia","17-25","speed_fines","Police issued",400,0,5
2024,"NSW","Outer Regional Australia","17-25","unlicensed_driving","Not applicable",17,0,43
2024,"NSW","Outer Regional Australia","26-39","mobile_phone_use","Police issued",6,0,0
2024,"NSW","Outer Regional Australia","26-39","non_wearing_seatbelts","Police issued",30,0,0
2024,"NSW","Outer Regional Australia","26-39","speed_fines","Police issued",582,0,6
2024,"NSW","Outer Regional Australia","26-39","unlicensed_driving","Not applicable",27,0,86
2024,"NSW","Outer Regional Australia","40-64","mobile_phone_use","Police issued",8,0,0
2024,"NSW","Outer Regional Australia","40-64","non_wearing_seatbelts","Police issued",19,0,0
2024,"NSW","Outer Regional Australia","40-64","speed_fines","Police issued",706,0,2
2024,"NSW","Outer Regional Australia","40-64","unlicensed_driving","Not applicable",15,0,33
2024,"NSW","Outer Regional Australia","65 and over","mobile_phone_use","Police issued",1,0,0
2024,"NSW","Outer Regional Australia","65 and over","non_wearing_seatbelts","Police issued",7,0,0
2024,"NSW","Outer Regional Australia","65 and over","speed_fines","Police issued",205,0,0
2024,"NSW","Outer Regional Australia","65 and over","unlicensed_driving","Not applicable",4,0,6
2024,"NSW","Remote Australia","17-25","non_wearing_seatbelts","Police issued",2,0,0
2024,"NSW","Remote Australia","17-25","speed_fines","Police issued",22,0,0
2024,"NSW","Remote Australia","17-25","unlicensed_driving","Not applicable",1,0,7
2024,"NSW","Remote Australia","26-39","non_wearing_seatbelts","Police issued",2,0,1
2024,"NSW","Remote Australia","26-39","speed_fines","Police issued",41,0,0
2024,"NSW","Remote Australia","26-39","unlicensed_driving","Not applicable",4,0,9
2024,"NSW","Remote Australia","40-64","mobile_phone_use","Police issued",1,0,0
2024,"NSW","Remote Australia","40-64","non_wearing_seatbelts","Police issued",3,0,0
2024,"NSW","Remote Australia","40-64","speed_fines","Police issued",47,0,0
2024,"NSW","Remote Australia","40-64","unlicensed_driving","Not applicable",1,0,2
2024,"NSW","Remote Australia","65 and over","speed_fines","Police issued",20,0,0
2024,"NSW","Remote Australia","65 and over","unlicensed_driving","Not applicable",1,0,0
2024,"NSW","Unknown","17-25","mobile_phone_use","Police issued",1,0,0
2024,"NSW","Unknown","17-25","speed_fines","Police issued",35,0,0
2024,"NSW","Unknown","17-25","unlicensed_driving","Not applicable",2,0,5
2024,"NSW","Unknown","26-39","mobile_phone_use","Police issued",1,0,0
2024,"NSW","Unknown","26-39","non_wearing_seatbelts","Police issued",3,0,0
2024,"NSW","Unknown","26-39","speed_fines","Police issued",38,0,0
2024,"NSW","Unknown","26-39","unlicensed_driving","Not applicable",3,0,4
2024,"NSW","Unknown","40-64","speed_fines","Police issued",42,0,0
2024,"NSW","Unknown","40-64","unlicensed_driving","Not applicable",0,0,4
2024,"NSW","Unknown","65 and over","speed_fines","Police issued",14,0,0
2024,"NSW","Very Remote Australia","26-39","mobile_phone_use","Police issued",0,0,1
2024,"NSW","Very Remote Australia","26-39","speed_fines","Police issued",2,0,0
2024,"NSW","Very Remote Australia","26-39","unlicensed_driving","Not applicable",0,0,3
2024,"NSW","Very Remote Australia","40-64","speed_fines","Police issued",1,0,0
2024,"NSW","Very Remote Australia","40-64","unlicensed_driving","Not applicable",0,0,1
2024,"NT","Unknown","12-16","mobile_phone_use","Police issued",1,0,0
2024,"NT","Unknown","12-16","non_wearing_seatbelts","Police issued",0,0,3
2024,"NT","Unknown","12-16","speed_fines","Fixed camera",2,0,0
2024,"NT","Unknown","12-16","speed_fines","Mobile camera",2,0,0
2024,"NT","Unknown","12-16","speed_fines","Police issued",2,0,0
2024,"NT","Unknown","12-16","unlicensed_driving","Not applicable",1,9,16
2024,"NT","Unknown","17-25","mobile_phone_use","Police issued",9,0,0
2024,"NT","Unknown","17-25","non_wearing_seatbelts","Police issued",10,5,22
2024,"NT","Unknown","17-25","speed_fines","Fixed camera",79,0,0
2024,"NT","Unknown","17-25","speed_fines","Mobile camera",367,0,0
2024,"NT","Unknown","17-25","speed_fines","Police issued",101,0,0
2024,"NT","Unknown","17-25","unlicensed_driving","Not applicable",7,20,64
2024,"NT","Unknown","26-39","mobile_phone_use","Police issued",11,0,0
2024,"NT","Unknown","26-39","non_wearing_seatbelts","Police issued",31,1,32
2024,"NT","Unknown","26-39","speed_fines","Fixed camera",280,0,0
2024,"NT","Unknown","26-39","speed_fines","Mobile camera",1037,0,0
2024,"NT","Unknown","26-39","speed_fines","Police issued",188,0,0
2024,"NT","Unknown","26-39","unlicensed_driving","Not applicable",21,25,100
2024,"NT","Unknown","40-64","mobile_phone_use","Police issued",7,1,1
2024,"NT","Unknown","40-64","non_wearing_seatbelts","Police issued",19,2,15
2024,"NT","Unknown","40-64","speed_fines","Fixed camera",395,0,0
2024,"NT","Unknown","40-64","speed_fines","Mobile camera",1226,0,0
2024,"NT","Unknown","40-64","speed_fines","Police issued",181,0,0
2024,"NT","Unknown","40-64","unlicensed_driving","Not applicable",8,16,57
2024,"NT","Unknown","65 and over","non_wearing_seatbelts","Police issued",5,0,1
2024,"NT","Unknown","65 and over","speed_fines","Fixed camera",79,0,0
2024,"NT","Unknown","65 and over","speed_fines","Mobile camera",236,0,0
2024,"NT","Unknown","65 and over","speed_fines","Police issued",22,0,0
2024,"NT","Unknown","65 and over","unlicensed_driving","Not applicable",0,2,4
2024,"QLD","Unknown","12-16","mobile_phone_use","Fixed camera",206,0,0
2024,"QLD","Unknown","12-16","non_wearing_seatbelts","Fixed camera",91,0,0
2024,"QLD","Unknown","12-16","speed_fines","Fixed camera",625,0,0
2024,"QLD","Unknown","12-16","speed_fines","Mobile camera",950,0,0
2024,"QLD","Unknown","12-16","speed_fines","Police issued",7,0,0
2024,"QLD","Unknown","12-16","unlicensed_driving","Not applicable",64,0,0
2024,"QLD","Unknown","17-25","mobile_phone_use","Fixed camera",872,0,0
2024,"QLD","Unknown","17-25","mobile_phone_use","Police issued",62,0,0
2024,"QLD","Unknown","17-25","non_wearing_seatbelts","Fixed camera",506,0,0
2024,"QLD","Unknown","17-25","non_wearing_seatbelts","Police issued",76,0,0
2024,"QLD","Unknown","17-25","speed_fines","Fixed camera",2856,0,0
2024,"QLD","Unknown","17-25","speed_fines","Mobile camera",5395,0,0
2024,"QLD","Unknown","17-25","speed_fines","Police issued",2316,0,0
2024,"QLD","Unknown","17-25","unlicensed_driving","Not applicable",524,0,0
2024,"QLD","Unknown","26-39","mobile_phone_use","Fixed camera",2488,0,0
2024,"QLD","Unknown","26-39","mobile_phone_use","Police issued",115,0,0
2024,"QLD","Unknown","26-39","non_wearing_seatbelts","Fixed camera",1304,0,0
2024,"QLD","Unknown","26-39","non_wearing_seatbelts","Police issued",145,0,0
2024,"QLD","Unknown","26-39","speed_fines","Fixed camera",6188,0,0
2024,"QLD","Unknown","26-39","speed_fines","Mobile camera",10330,0,0
2024,"QLD","Unknown","26-39","speed_fines","Police issued",3200,0,0
2024,"QLD","Unknown","26-39","unlicensed_driving","Not applicable",792,0,0
2024,"QLD","Unknown","40-64","mobile_phone_use","Fixed camera",2476,0,0
2024,"QLD","Unknown","40-64","mobile_phone_use","Police issued",69,0,0
2024,"QLD","Unknown","40-64","non_wearing_seatbelts","Fixed camera",1241,0,0
2024,"QLD","Unknown","40-64","non_wearing_seatbelts","Police issued",68,0,0
2024,"QLD","Unknown","40-64","speed_fines","Fixed camera",8782,0,0
2024,"QLD","Unknown","40-64","speed_fines","Mobile camera",14944,0,0
2024,"QLD","Unknown","40-64","speed_fines","Police issued",3706,0,0
2024,"QLD","Unknown","40-64","unlicensed_driving","Not applicable",541,0,0
2024,"QLD","Unknown","65 and over","mobile_phone_use","Fixed camera",325,0,0
2024,"QLD","Unknown","65 and over","mobile_phone_use","Police issued",5,0,0
2024,"QLD","Unknown","65 and over","non_wearing_seatbelts","Fixed camera",268,0,0
2024,"QLD","Unknown","65 and over","non_wearing_seatbelts","Police issued",9,0,0
2024,"QLD","Unknown","65 and over","speed_fines","Fixed camera",2547,0,0
2024,"QLD","Unknown","65 and over","speed_fines","Mobile camera",3941,0,0
2024,"QLD","Unknown","65 and over","speed_fines","Police issued",813,0,0
2024,"QLD","Unknown","65 and over","unlicensed_driving","Not applicable",39,0,0
2024,"SA","Inner Regional Australia","12-16","speed_fines","Police issued",1,0,0
2024,"SA","Inner Regional Australia","17-25","mobile_phone_use","Police issued",3,0,0
2024,"SA","Inner Regional Australia","17-25","non_wearing_seatbelts","Police issued",2,0,0
2024,"SA","Inner Regional Australia","17-25","speed_fines","Fixed camera",40,0,0
2024,"SA","Inner Regional Australia","17-25","speed_fines","Mobile camera",138,0,0
2024,"SA","Inner Regional Australia","17-25","speed_fines","Police issued",204,1,2
2024,"SA","Inner Regional Australia","26-39","mobile_phone_use","Police issued",2,0,0
2024,"SA","Inner Regional Australia","26-39","non_wearing_seatbelts","Police issued",4,0,0
2024,"SA","Inner Regional Australia","26-39","speed_fines","Fixed camera",93,0,0
2024,"SA","Inner Regional Australia","26-39","speed_fines","Mobile camera",451,0,0
2024,"SA","Inner Regional Australia","26-39","speed_fines","Police issued",363,0,3
2024,"SA","Inner Regional Australia","40-64","non_wearing_seatbelts","Police issued",12,0,0
2024,"SA","Inner Regional Australia","40-64","speed_fines","Fixed camera",102,0,0
2024,"SA","Inner Regional Australia","40-64","speed_fines","Mobile camera",929,0,0
2024,"SA","Inner Regional Australia","40-64","speed_fines","Police issued",518,0,0
2024,"SA","Inner Regional Australia","65 and over","mobile_phone_use","Police issued",1,0,0
2024,"SA","Inner Regional Australia","65 and over","non_wearing_seatbelts","Police issued",5,0,0
2024,"SA","Inner Regional Australia","65 and over","speed_fines","Fixed camera",41,0,0
2024,"SA","Inner Regional Australia","65 and over","speed_fines","Mobile camera",458,0,0
2024,"SA","Inner Regional Australia","65 and over","speed_fines","Police issued",161,0,0
2024,"SA","Inner Regional Australia","65 and over","unlicensed_driving","Not applicable",2,0,0
2024,"SA","Major Cities of Australia","12-16","non_wearing_seatbelts","Police issued",1,0,0
2024,"SA","Major Cities of Australia","12-16","speed_fines","Fixed camera",1,0,0
2024,"SA","Major Cities of Australia","12-16","speed_fines","Mobile camera",3,0,0
2024,"SA","Major Cities of Australia","12-16","speed_fines","Police issued",0,1,0
2024,"SA","Major Cities of Australia","17-25","mobile_phone_use","Police issued",44,0,0
2024,"SA","Major Cities of Australia","17-25","non_wearing_seatbelts","Police issued",17,0,0
2024,"SA","Major Cities of Australia","17-25","speed_fines","Fixed camera",406,0,0
2024,"SA","Major Cities of Australia","17-25","speed_fines","Mobile camera",472,0,0
2024,"SA","Major Cities of Australia","17-25","speed_fines","Police issued",337,1,5
2024,"SA","Major Cities of Australia","26-39","mobile_phone_use","Police issued",59,0,0
2024,"SA","Major Cities of Australia","26-39","non_wearing_seatbelts","Police issued",34,0,0
2024,"SA","Major Cities of Australia","26-39","speed_fines","Fixed camera",892,0,0
2024,"SA","Major Cities of Australia","26-39","speed_fines","Mobile camera",1233,0,0
2024,"SA","Major Cities of Australia","26-39","speed_fines","Police issued",508,1,1
2024,"SA","Major Cities of Australia","40-64","mobile_phone_use","Police issued",57,0,0
2024,"SA","Major Cities of Australia","40-64","non_wearing_seatbelts","Police issued",36,0,0
2024,"SA","Major Cities of Australia","40-64","speed_fines","Fixed camera",1874,0,0
2024,"SA","Major Cities of Australia","40-64","speed_fines","Mobile camera",2056,0,0
2024,"SA","Major Cities of Australia","40-64","speed_fines","Police issued",529,1,3
2024,"SA","Major Cities of Australia","65 and over","mobile_phone_use","Police issued",4,0,0
2024,"SA","Major Cities of Australia","65 and over","non_wearing_seatbelts","Police issued",13,0,0
2024,"SA","Major Cities of Australia","65 and over","speed_fines","Fixed camera",826,0,0
2024,"SA","Major Cities of Australia","65 and over","speed_fines","Mobile camera",646,0,0
2024,"SA","Major Cities of Australia","65 and over","speed_fines","Police issued",129,0,0
2024,"SA","Major Cities of Australia","65 and over","unlicensed_driving","Not applicable",12,0,0
2024,"SA","Outer Regional Australia","12-16","speed_fines","Police issued",0,0,1
2024,"SA","Outer Regional Australia","17-25","mobile_phone_use","Police issued",1,0,0
2024,"SA","Outer Regional Australia","17-25","non_wearing_seatbelts","Police issued",15,0,0
2024,"SA","Outer Regional Australia","17-25","speed_fines","Fixed camera",21,0,0
2024,"SA","Outer Regional Australia","17-25","speed_fines","Mobile camera",43,0,0
2024,"SA","Outer Regional Australia","17-25","speed_fines","Police issued",193,0,1
2024,"SA","Outer Regional Australia","26-39","mobile_phone_use","Police issued",7,0,0
2024,"SA","Outer Regional Australia","26-39","non_wearing_seatbelts","Police issued",11,0,0
2024,"SA","Outer Regional Australia","26-39","speed_fines","Fixed camera",40,0,0
2024,"SA","Outer Regional Australia","26-39","speed_fines","Mobile camera",148,0,0
2024,"SA","Outer Regional Australia","26-39","speed_fines","Police issued",379,1,2
2024,"SA","Outer Regional Australia","40-64","mobile_phone_use","Police issued",7,0,0
2024,"SA","Outer Regional Australia","40-64","non_wearing_seatbelts","Police issued",15,0,0
2024,"SA","Outer Regional Australia","40-64","speed_fines","Fixed camera",47,0,0
2024,"SA","Outer Regional Australia","40-64","speed_fines","Mobile camera",296,0,0
2024,"SA","Outer Regional Australia","40-64","speed_fines","Police issued",508,0,3
2024,"SA","Outer Regional Australia","65 and over","mobile_phone_use","Police issued",2,0,0
2024,"SA","Outer Regional Australia","65 and over","non_wearing_seatbelts","Police issued",8,0,0
2024,"SA","Outer Regional Australia","65 and over","speed_fines","Fixed camera",15,0,0
2024,"SA","Outer Regional Australia","65 and over","speed_fines","Mobile camera",159,0,0
2024,"SA","Outer Regional Australia","65 and over","speed_fines","Police issued",155,0,0
2024,"SA","Outer Regional Australia","65 and over","unlicensed_driving","Not applicable",3,0,0
2024,"SA","Remote Australia","17-25","non_wearing_seatbelts","Police issued",3,0,0
2024,"SA","Remote Australia","17-25","speed_fines","Police issued",39,0,0
2024,"SA","Remote Australia","26-39","mobile_phone_use","Police issued",1,0,0
2024,"SA","Remote Australia","26-39","non_wearing_seatbelts","Police issued",1,0,0
2024,"SA","Remote Australia","26-39","speed_fines","Mobile camera",5,0,0
2024,"SA","Remote Australia","26-39","speed_fines","Police issued",66,1,0
2024,"SA","Remote Australia","40-64","mobile_phone_use","Police issued",2,0,0
2024,"SA","Remote Australia","40-64","non_wearing_seatbelts","Police issued",2,0,0
2024,"SA","Remote Australia","40-64","speed_fines","Mobile camera",11,0,0
2024,"SA","Remote Australia","40-64","speed_fines","Police issued",99,0,0
2024,"SA","Remote Australia","65 and over","speed_fines","Mobile camera",3,0,0
2024,"SA","Remote Australia","65 and over","speed_fines","Police issued",24,0,0
2024,"SA","Remote Australia","65 and over","unlicensed_driving","Not applicable",1,0,0
2024,"SA","Unknown","12-16","unlicensed_driving","Not applicable",0,6,6
2024,"SA","Unknown","17-25","mobile_phone_use","Police issued",1,0,0
2024,"SA","Unknown","17-25","non_wearing_seatbelts","Police issued",1,0,0
2024,"SA","Unknown","17-25","speed_fines","Police issued",27,0,0
2024,"SA","Unknown","17-25","unlicensed_driving","Not applicable",0,18,51
2024,"SA","Unknown","26-39","mobile_phone_use","Police issued",4,0,0
2024,"SA","Unknown","26-39","speed_fines","Police issued",42,0,0
2024,"SA","Unknown","26-39","unlicensed_driving","Not applicable",0,53,145
2024,"SA","Unknown","40-64","mobile_phone_use","Police issued",2,0,0
2024,"SA","Unknown","40-64","non_wearing_seatbelts","Police issued",1,0,0
2024,"SA","Unknown","40-64","speed_fines","Police issued",43,0,0
2024,"SA","Unknown","40-64","unlicensed_driving","Not applicable",0,29,138
2024,"SA","Unknown","65 and over","speed_fines","Police issued",6,0,0
2024,"SA","Unknown","65 and over","unlicensed_driving","Not applicable",1,0,12
2024,"SA","Very Remote Australia","17-25","non_wearing_seatbelts","Police issued",4,0,0
2024,"SA","Very Remote Australia","17-25","speed_fines","Police issued",23,0,0
2024,"SA","Very Remote Australia","26-39","non_wearing_seatbelts","Police issued",7,0,0
2024,"SA","Very Remote Australia","26-39","speed_fines","Police issued",52,0,0
2024,"SA","Very Remote Australia","40-64","non_wearing_seatbelts","Police issued",7,0,0
2024,"SA","Very Remote Australia","40-64","speed_fines","Police issued",78,0,0
2024,"SA","Very Remote Australia","65 and over","non_wearing_seatbelts","Police issued",2,0,0
2024,"SA","Very Remote Australia","65 and over","speed_fines","Police issued",20,0,0
2024,"TAS","Unknown","12-16","speed_fines","Fixed or mobile camera",1,0,0
2024,"TAS","Unknown","12-16","unlicensed_driving","Not applicable",0,3,7
2024,"TAS","Unknown","17-25","mobile_phone_use","Fixed or mobile camera",11,0,0
2024,"TAS","Unknown","17-25","mobile_phone_use","Police issued",38,0,2
2024,"TAS","Unknown","17-25","non_wearing_seatbelts","Fixed or mobile camera",20,0,0
2024,"TAS","Unknown","17-25","non_wearing_seatbelts","Police issued",8,0,1
2024,"TAS","Unknown","17-25","speed_fines","Fixed or mobile camera",466,0,0
2024,"TAS","Unknown","17-25","speed_fines","Police issued",477,0,10
2024,"TAS","Unknown","17-25","unlicensed_driving","Not applicable",2,1,18
2024,"TAS","Unknown","26-39","mobile_phone_use","Fixed or mobile camera",43,0,0
2024,"TAS","Unknown","26-39","mobile_phone_use","Police issued",57,0,1
2024,"TAS","Unknown","26-39","non_wearing_seatbelts","Fixed or mobile camera",103,0,0
2024,"TAS","Unknown","26-39","non_wearing_seatbelts","Police issued",21,0,2
2024,"TAS","Unknown","26-39","speed_fines","Fixed or mobile camera",1265,0,0
2024,"TAS","Unknown","26-39","speed_fines","Police issued",780,0,7
2024,"TAS","Unknown","26-39","unlicensed_driving","Not applicable",7,0,59
2024,"TAS","Unknown","40-64","mobile_phone_use","Fixed or mobile camera",67,0,0
2024,"TAS","Unknown","40-64","mobile_phone_use","Police issued",53,0,0
2024,"TAS","Unknown","40-64","non_wearing_seatbelts","Fixed or mobile camera",89,0,0
2024,"TAS","Unknown","40-64","non_wearing_seatbelts","Police issued",24,0,0
2024,"TAS","Unknown","40-64","speed_fines","Fixed or mobile camera",1824,0,0
2024,"TAS","Unknown","40-64","speed_fines","Police issued",794,0,13
2024,"TAS","Unknown","40-64","unlicensed_driving","Not applicable",7,0,44
2024,"TAS","Unknown","65 and over","mobile_phone_use","Fixed or mobile camera",10,0,0
2024,"TAS","Unknown","65 and over","mobile_phone_use","Police issued",13,0,0
2024,"TAS","Unknown","65 and over","non_wearing_seatbelts","Fixed or mobile camera",53,0,0
2024,"TAS","Unknown","65 and over","non_wearing_seatbelts","Police issued",12,0,1
2024,"TAS","Unknown","65 and over","speed_fines","Fixed or mobile camera",699,0,0
2024,"TAS","Unknown","65 and over","speed_fines","Police issued",262,0,0
2024,"VIC","Inner Regional Australia","12-16","mobile_phone_use","Fixed camera",0,0,0
2024,"VIC","Inner Regional Australia","12-16","mobile_phone_use","Mobile camera",0,0,0
2024,"VIC","Inner Regional Australia","12-16","non_wearing_seatbelts","Fixed camera",0,0,0
2024,"VIC","Inner Regional Australia","12-16","non_wearing_seatbelts","Mobile camera",0,0,0
2024,"VIC","Inner Regional Australia","12-16","speed_fines","Fixed camera",0,0,0
2024,"VIC","Inner Regional Australia","12-16","speed_fines","Mobile camera",0,0,0
2024,"VIC","Inner Regional Australia","17-25","mobile_phone_use","Fixed camera",0,0,0
2024,"VIC","Inner Regional Australia","17-25","mobile_phone_use","Mobile camera",0,0,0
2024,"VIC","Inner Regional Australia","17-25","non_wearing_seatbelts","Fixed camera",0,0,0
2024,"VIC","Inner Regional Australia","17-25","non_wearing_seatbelts","Mobile camera",0,0,0
2024,"VIC","Inner Regional Australia","17-25","speed_fines","Fixed camera",7,0,0
2024,"VIC","Inner Regional Australia","17-25","speed_fines","Mobile camera",17,0,0
2024,"VIC","Inner Regional Australia","26-39","mobile_phone_use","Fixed camera",0,0,0
2024,"VIC","Inner Regional Australia","26-39","mobile_phone_use","Mobile camera",0,0,0
2024,"VIC","Inner Regional Australia","26-39","non_wearing_seatbelts","Fixed camera",0,0,0
2024,"VIC","Inner Regional Australia","26-39","non_wearing_seatbelts","Mobile camera",0,0,0
2024,"VIC","Inner Regional Australia","26-39","speed_fines","Fixed camera",4,0,0
2024,"VIC","Inner Regional Australia","26-39","speed_fines","Mobile camera",23,0,0
2024,"VIC","Inner Regional Australia","40-64","mobile_phone_use","Fixed camera",0,0,0
2024,"VIC","Inner Regional Australia","40-64","mobile_phone_use","Mobile camera",0,0,0
2024,"VIC","Inner Regional Australia","40-64","non_wearing_seatbelts","Fixed camera",0,0,0
2024,"VIC","Inner Regional Australia","40-64","non_wearing_seatbelts","Mobile camera",0,0,0
2024,"VIC","Inner Regional Australia","40-64","speed_fines","Fixed camera",11,0,0
2024,"VIC","Inner Regional Australia","40-64","speed_fines","Mobile camera",21,0,0
2024,"VIC","Inner Regional Australia","65 and over","mobile_phone_use","Fixed camera",0,0,0
2024,"VIC","Inner Regional Australia","65 and over","mobile_phone_use","Mobile camera",0,0,0
2024,"VIC","Inner Regional Australia","65 and over","non_wearing_seatbelts","Fixed camera",0,0,0
2024,"VIC","Inner Regional Australia","65 and over","non_wearing_seatbelts","Mobile camera",0,0,0
2024,"VIC","Inner Regional Australia","65 and over","speed_fines","Fixed camera",0,0,0
2024,"VIC","Inner Regional Australia","65 and over","speed_fines","Mobile camera",8,0,0
2024,"VIC","Major Cities of Australia","12-16","mobile_phone_use","Fixed camera",0,0,0
2024,"VIC","Major Cities of Australia","12-16","mobile_phone_use","Mobile camera",0,0,0
2024,"VIC","Major Cities of Australia","12-16","non_wearing_seatbelts","Fixed camera",0,0,0
2024,"VIC","Major Cities of Australia","12-16","non_wearing_seatbelts","Mobile camera",0,0,0
2024,"VIC","Major Cities of Australia","12-16","speed_fines","Fixed camera",0,0,0
2024,"VIC","Major Cities of Australia","12-16","speed_fines","Mobile camera",0,0,0
2024,"VIC","Major Cities of Australia","17-25","mobile_phone_use","Fixed camera",0,0,0
2024,"VIC","Major Cities of Australia","17-25","mobile_phone_use","Mobile camera",0,0,0
2024,"VIC","Major Cities of Australia","17-25","non_wearing_seatbelts","Fixed camera",0,0,0
2024,"VIC","Major Cities of Australia","17-25","non_wearing_seatbelts","Mobile camera",1,0,0
2024,"VIC","Major Cities of Australia","17-25","speed_fines","Fixed camera",110,0,0
2024,"VIC","Major Cities of Australia","17-25","speed_fines","Mobile camera",60,0,0
2024,"VIC","Major Cities of Australia","26-39","mobile_phone_use","Fixed camera",0,0,0
2024,"VIC","Major Cities of Australia","26-39","mobile_phone_use","Mobile camera",1,0,0
2024,"VIC","Major Cities of Australia","26-39","non_wearing_seatbelts","Fixed camera",0,0,0
2024,"VIC","Major Cities of Australia","26-39","non_wearing_seatbelts","Mobile camera",6,0,0
2024,"VIC","Major Cities of Australia","26-39","speed_fines","Fixed camera",190,0,0
2024,"VIC","Major Cities of Australia","26-39","speed_fines","Mobile camera",98,0,0
2024,"VIC","Major Cities of Australia","40-64","mobile_phone_use","Fixed camera",0,0,0
2024,"VIC","Major Cities of Australia","40-64","mobile_phone_use","Mobile camera",1,0,0
2024,"VIC","Major Cities of Australia","40-64","non_wearing_seatbelts","Fixed camera",0,0,0
2024,"VIC","Major Cities of Australia","40-64","non_wearing_seatbelts","Mobile camera",7,0,0
2024,"VIC","Major Cities of Australia","40-64","speed_fines","Fixed camera",194,0,0
2024,"VIC","Major Cities of Australia","40-64","speed_fines","Mobile camera",99,0,0
2024,"VIC","Major Cities of Australia","65 and over","mobile_phone_use","Fixed camera",0,0,0
2024,"VIC","Major Cities of Australia","65 and over","mobile_phone_use","Mobile camera",1,0,0
2024,"VIC","Major Cities of Australia","65 and over","non_wearing_seatbelts","Fixed camera",0,0,0
2024,"VIC","Major Cities of Australia","65 and over","non_wearing_seatbelts","Mobile camera",5,0,0
2024,"VIC","Major Cities of Australia","65 and over","speed_fines","Fixed camera",39,0,0
2024,"VIC","Major Cities of Australia","65 and over","speed_fines","Mobile camera",30,0,0
2024,"VIC","Outer Regional Australia","12-16","mobile_phone_use","Fixed camera",0,0,0
2024,"VIC","Outer Regional Australia","12-16","mobile_phone_use","Mobile camera",0,0,0
2024,"VIC","Outer Regional Australia","12-16","non_wearing_seatbelts","Fixed camera",0,0,0
2024,"VIC","Outer Regional Australia","12-16","non_wearing_seatbelts","Mobile camera",0,0,0
2024,"VIC","Outer Regional Australia","12-16","speed_fines","Fixed camera",0,0,0
2024,"VIC","Outer Regional Australia","12-16","speed_fines","Mobile camera",0,0,0
2024,"VIC","Outer Regional Australia","17-25","mobile_phone_use","Fixed camera",0,0,0
2024,"VIC","Outer Regional Australia","17-25","mobile_phone_use","Mobile camera",0,0,0
2024,"VIC","Outer Regional Australia","17-25","non_wearing_seatbelts","Fixed camera",0,0,0
2024,"VIC","Outer Regional Australia","17-25","non_wearing_seatbelts","Mobile camera",0,0,0
2024,"VIC","Outer Regional Australia","17-25","speed_fines","Fixed camera",0,0,0
2024,"VIC","Outer Regional Australia","17-25","speed_fines","Mobile camera",1,0,0
2024,"VIC","Outer Regional Australia","26-39","mobile_phone_use","Fixed camera",0,0,0
2024,"VIC","Outer Regional Australia","26-39","mobile_phone_use","Mobile camera",0,0,0
2024,"VIC","Outer Regional Australia","26-39","non_wearing_seatbelts","Fixed camera",0,0,0
2024,"VIC","Outer Regional Australia","26-39","non_wearing_seatbelts","Mobile camera",2,0,0
2024,"VIC","Outer Regional Australia","26-39","speed_fines","Fixed camera",0,0,0
2024,"VIC","Outer Regional Australia","26-39","speed_fines","Mobile camera",6,0,0
2024,"VIC","Outer Regional Australia","40-64","mobile_phone_use","Fixed camera",0,0,0
2024,"VIC","Outer Regional Australia","40-64","mobile_phone_use","Mobile camera",0,0,0
2024,"VIC","Outer Regional Australia","40-64","non_wearing_seatbelts","Fixed camera",0,0,0
2024,"VIC","Outer Regional Australia","40-64","non_wearing_seatbelts","Mobile camera",4,0,0
2024,"VIC","Outer Regional Australia","40-64","speed_fines","Fixed camera",0,0,0
2024,"VIC","Outer Regional Australia","40-64","speed_fines","Mobile camera",4,0,0
2024,"VIC","Outer Regional Australia","65 and over","mobile_phone_use","Fixed camera",0,0,0
2024,"VIC","Outer Regional Australia","65 and over","mobile_phone_use","Mobile camera",0,0,0
2024,"VIC","Outer Regional Australia","65 and over","non_wearing_seatbelts","Fixed camera",0,0,0
2024,"VIC","Outer Regional Australia","65 and over","non_wearing_seatbelts","Mobile camera",0,0,0
2024,"VIC","Outer Regional Australia","65 and over","speed_fines","Fixed camera",0,0,0
2024,"VIC","Outer Regional Australia","65 and over","speed_fines","Mobile camera",2,0,0
2024,"VIC","Remote Australia","12-16","mobile_phone_use","Fixed camera",0,0,0
2024,"VIC","Remote Australia","12-16","mobile_phone_use","Mobile camera",0,0,0
2024,"VIC","Remote Australia","12-16","non_wearing_seatbelts","Fixed camera",0,0,0
2024,"VIC","Remote Australia","12-16","non_wearing_seatbelts","Mobile camera",0,0,0
2024,"VIC","Remote Australia","12-16","speed_fines","Fixed camera",0,0,0
2024,"VIC","Remote Australia","12-16","speed_fines","Mobile camera",0,0,0
2024,"VIC","Remote Australia","17-25","mobile_phone_use","Fixed camera",0,0,0
2024,"VIC","Remote Australia","17-25","mobile_phone_use","Mobile camera",0,0,0
2024,"VIC","Remote Australia","17-25","non_wearing_seatbelts","Fixed camera",0,0,0
2024,"VIC","Remote Australia","17-25","non_wearing_seatbelts","Mobile camera",0,0,0
2024,"VIC","Remote Australia","17-25","speed_fines","Fixed camera",0,0,0
2024,"VIC","Remote Australia","17-25","speed_fines","Mobile camera",0,0,0
2024,"VIC","Remote Australia","26-39","mobile_phone_use","Fixed camera",0,0,0
2024,"VIC","Remote Australia","26-39","mobile_phone_use","Mobile camera",0,0,0
2024,"VIC","Remote Australia","26-39","non_wearing_seatbelts","Fixed camera",0,0,0
2024,"VIC","Remote Australia","26-39","non_wearing_seatbelts","Mobile camera",0,0,0
2024,"VIC","Remote Australia","26-39","speed_fines","Fixed camera",0,0,0
2024,"VIC","Remote Australia","26-39","speed_fines","Mobile camera",0,0,0
2024,"VIC","Remote Australia","40-64","mobile_phone_use","Fixed camera",0,0,0
2024,"VIC","Remote Australia","40-64","mobile_phone_use","Mobile camera",0,0,0
2024,"VIC","Remote Australia","40-64","non_wearing_seatbelts","Fixed camera",0,0,0
2024,"VIC","Remote Australia","40-64","non_wearing_seatbelts","Mobile camera",0,0,0
2024,"VIC","Remote Australia","40-64","speed_fines","Fixed camera",0,0,0
2024,"VIC","Remote Australia","40-64","speed_fines","Mobile camera",0,0,0
2024,"VIC","Remote Australia","65 and over","mobile_phone_use","Fixed camera",0,0,0
2024,"VIC","Remote Australia","65 and over","mobile_phone_use","Mobile camera",0,0,0
2024,"VIC","Remote Australia","65 and over","non_wearing_seatbelts","Fixed camera",0,0,0
2024,"VIC","Remote Australia","65 and over","non_wearing_seatbelts","Mobile camera",0,0,0
2024,"VIC","Remote Australia","65 and over","speed_fines","Fixed camera",0,0,0
2024,"VIC","Remote Australia","65 and over","speed_fines","Mobile camera",0,0,0
2024,"VIC","Unknown","12-16","mobile_phone_use","Fixed camera",0,0,0
2024,"VIC","Unknown","12-16","mobile_phone_use","Mobile camera",0,0,0
2024,"VIC","Unknown","12-16","non_wearing_seatbelts","Fixed camera",0,0,0
2024,"VIC","Unknown","12-16","non_wearing_seatbelts","Mobile camera",0,0,0
2024,"VIC","Unknown","12-16","speed_fines","Fixed camera",0,0,0
2024,"VIC","Unknown","12-16","speed_fines","Mobile camera",0,0,0
2024,"VIC","Unknown","12-16","unlicensed_driving","Not applicable",1,0,0
2024,"VIC","Unknown","17-25","mobile_phone_use","Fixed camera",0,0,0
2024,"VIC","Unknown","17-25","mobile_phone_use","Mobile camera",0,0,0
2024,"VIC","Unknown","17-25","mobile_phone_use","Police issued",14,0,0
2024,"VIC","Unknown","17-25","non_wearing_seatbelts","Fixed camera",0,0,0
2024,"VIC","Unknown","17-25","non_wearing_seatbelts","Mobile camera",0,0,0
2024,"VIC","Unknown","17-25","non_wearing_seatbelts","Police issued",18,0,0
2024,"VIC","Unknown","17-25","speed_fines","Fixed camera",23,0,0
2024,"VIC","Unknown","17-25","speed_fines","Mobile camera",0,0,0
2024,"VIC","Unknown","17-25","speed_fines","Police issued",408,0,0
2024,"VIC","Unknown","17-25","unlicensed_driving","Not applicable",36,0,0
2024,"VIC","Unknown","26-39","mobile_phone_use","Fixed camera",0,0,0
2024,"VIC","Unknown","26-39","mobile_phone_use","Mobile camera",0,0,0
2024,"VIC","Unknown","26-39","mobile_phone_use","Police issued",39,0,0
2024,"VIC","Unknown","26-39","non_wearing_seatbelts","Fixed camera",0,0,0
2024,"VIC","Unknown","26-39","non_wearing_seatbelts","Mobile camera",0,0,0
2024,"VIC","Unknown","26-39","non_wearing_seatbelts","Police issued",11,0,0
2024,"VIC","Unknown","26-39","speed_fines","Fixed camera",26,0,0
2024,"VIC","Unknown","26-39","speed_fines","Mobile camera",0,0,0
2024,"VIC","Unknown","26-39","speed_fines","Police issued",503,0,0
2024,"VIC","Unknown","26-39","unlicensed_driving","Not applicable",67,0,0
2024,"VIC","Unknown","40-64","mobile_phone_use","Fixed camera",0,0,0
2024,"VIC","Unknown","40-64","mobile_phone_use","Mobile camera",0,0,0
2024,"VIC","Unknown","40-64","mobile_phone_use","Police issued",36,0,0
2024,"VIC","Unknown","40-64","non_wearing_seatbelts","Fixed camera",0,0,0
2024,"VIC","Unknown","40-64","non_wearing_seatbelts","Mobile camera",0,0,0
2024,"VIC","Unknown","40-64","non_wearing_seatbelts","Police issued",16,0,0
2024,"VIC","Unknown","40-64","speed_fines","Fixed camera",22,0,0
2024,"VIC","Unknown","40-64","speed_fines","Mobile camera",0,0,0
2024,"VIC","Unknown","40-64","speed_fines","Police issued",512,0,0
2024,"VIC","Unknown","40-64","unlicensed_driving","Not applicable",38,0,0
2024,"VIC","Unknown","65 and over","mobile_phone_use","Fixed camera",0,0,0
2024,"VIC","Unknown","65 and over","mobile_phone_use","Mobile camera",0,0,0
2024,"VIC","Unknown","65 and over","mobile_phone_use","Police issued",6,0,0
2024,"VIC","Unknown","65 and over","non_wearing_seatbelts","Fixed camera",0,0,0
2024,"VIC","Unknown","65 and over","non_wearing_seatbelts","Mobile camera",0,0,0
2024,"VIC","Unknown","65 and over","non_wearing_seatbelts","Police issued",2,0,0
2024,"VIC","Unknown","65 and over","speed_fines","Fixed camera",9,0,0
2024,"VIC","Unknown","65 and over","speed_fines","Mobile camera",0,0,0
2024,"VIC","Unknown","65 and over","speed_fines","Police issued",88,0,0
2024,"VIC","Unknown","65 and over","unlicensed_driving","Not applicable",8,0,0
2024,"WA","Unknown","12-16","non_wearing_seatbelts","Police issued",1,0,0
2024,"WA","Unknown","12-16","unlicensed_driving","Not applicable",0,6,32
2024,"WA","Unknown","17-25","mobile_phone_use","Police issued",55,0,0
2024,"WA","Unknown","17-25","non_wearing_seatbelts","Police issued",17,0,0
2024,"WA","Unknown","17-25","speed_fines","Police issued",495,0,0
2024,"WA","Unknown","17-25","unlicensed_driving","Not applicable",22,25,373
2024,"WA","Unknown","26-39","mobile_phone_use","Police issued",104,0,0
2024,"WA","Unknown","26-39","non_wearing_seatbelts","Police issued",34,0,0
2024,"WA","Unknown","26-39","speed_fines","Police issued",828,0,0
2024,"WA","Unknown","26-39","unlicensed_driving","Not applicable",34,88,650
2024,"WA","Unknown","40-64","mobile_phone_use","Police issued",72,0,0
2024,"WA","Unknown","40-64","non_wearing_seatbelts","Police issued",32,0,0
2024,"WA","Unknown","40-64","speed_fines","Police issued",1016,0,0
2024,"WA","Unknown","40-64","unlicensed_driving","Not applicable",19,43,415
2024,"WA","Unknown","65 and over","mobile_phone_use","Police issued",8,0,0
2024,"WA","Unknown","65 and over","non_wearing_seatbelts","Police issued",3,0,0
2024,"WA","Unknown","65 and over","speed_fines","Police issued",186,0,0
2024,"WA","Unknown","65 and over","unlicensed_driving","Not applicable",4,6,16
2024,"ACT","Major Cities of Australia","12-16","speed_fines","Fixed camera",1,0,0
2024,"ACT","Major Cities of Australia","12-16","unlicensed_driving","Not applicable",1,2,2
2024,"ACT","Major Cities of Australia","17-25","mobile_phone_use","Fixed or mobile camera",286,0,0
2024,"ACT","Major Cities of Australia","17-25","mobile_phone_use","Police issued",6,0,0
2024,"ACT","Major Cities of Australia","17-25","non_wearing_seatbelts","Police issued",3,0,0
2024,"ACT","Major Cities of Australia","17-25","speed_fines","Fixed camera",531,0,0
2024,"ACT","Major Cities of Australia","17-25","speed_fines","Mobile camera",186,0,0
2024,"ACT","Major Cities of Australia","17-25","speed_fines","Police issued",142,1,5
2024,"ACT","Major Cities of Australia","17-25","unlicensed_driving","Not applicable",10,6,20
2024,"ACT","Major Cities of Australia","26-39","mobile_phone_use","Fixed or mobile camera",797,0,0
2024,"ACT","Major Cities of Australia","26-39","mobile_phone_use","Police issued",7,0,0
2024,"ACT","Major Cities of Australia","26-39","non_wearing_seatbelts","Police issued",2,0,0
2024,"ACT","Major Cities of Australia","26-39","speed_fines","Fixed camera",1066,0,0
2024,"ACT","Major Cities of Australia","26-39","speed_fines","Mobile camera",458,0,0
2024,"ACT","Major Cities of Australia","26-39","speed_fines","Police issued",226,0,5
2024,"ACT","Major Cities of Australia","26-39","unlicensed_driving","Not applicable",5,6,12
2024,"ACT","Major Cities of Australia","40-64","mobile_phone_use","Fixed or mobile camera",942,0,0
2024,"ACT","Major Cities of Australia","40-64","mobile_phone_use","Police issued",0,1,1
2024,"ACT","Major Cities of Australia","40-64","non_wearing_seatbelts","Police issued",1,0,0
2024,"ACT","Major Cities of Australia","40-64","speed_fines","Fixed camera",1727,0,0
2024,"ACT","Major Cities of Australia","40-64","speed_fines","Mobile camera",664,0,0
2024,"ACT","Major Cities of Australia","40-64","speed_fines","Police issued",168,1,6
2024,"ACT","Major Cities of Australia","40-64","unlicensed_driving","Not applicable",6,7,21
2024,"ACT","Major Cities of Australia","65 and over","mobile_phone_use","Fixed or mobile camera",128,0,0
2024,"ACT","Major Cities of Australia","65 and over","speed_fines","Fixed camera",488,0,0
2024,"ACT","Major Cities of Australia","65 and over","speed_fines","Mobile camera",224,0,0
2024,"ACT","Major Cities of Australia","65 and over","speed_fines","Police issued",14,0,0
2024,"NSW","Inner Regional Australia","12-16","non_wearing_seatbelts","Police issued",3,0,2
2024,"NSW","Inner Regional Australia","12-16","speed_fines","Police issued",3,0,0
2024,"NSW","Inner Regional Australia","12-16","unlicensed_driving","Not applicable",3,0,11
2024,"NSW","Inner Regional Australia","17-25","mobile_phone_use","Police issued",57,0,0
2024,"NSW","Inner Regional Australia","17-25","non_wearing_seatbelts","Police issued",58,0,3
2024,"NSW","Inner Regional Australia","17-25","speed_fines","Police issued",1405,0,9
2024,"NSW","Inner Regional Australia","17-25","unlicensed_driving","Not applicable",39,0,150
2024,"NSW","Inner Regional Australia","26-39","mobile_phone_use","Police issued",50,0,2
2024,"NSW","Inner Regional Australia","26-39","non_wearing_seatbelts","Police issued",86,0,4
2024,"NSW","Inner Regional Australia","26-39","speed_fines","Police issued",1992,0,15
2024,"NSW","Inner Regional Australia","26-39","unlicensed_driving","Not applicable",99,0,290
2024,"NSW","Inner Regional Australia","40-64","mobile_phone_use","Police issued",32,0,0
2024,"NSW","Inner Regional Australia","40-64","non_wearing_seatbelts","Police issued",62,0,1
2024,"NSW","Inner Regional Australia","40-64","speed_fines","Police issued",2136,0,2
2024,"NSW","Inner Regional Australia","40-64","unlicensed_driving","Not applicable",63,0,183
2024,"NSW","Inner Regional Australia","65 and over","mobile_phone_use","Police issued",6,0,0
2024,"NSW","Inner Regional Australia","65 and over","non_wearing_seatbelts","Police issued",14,0,0
2024,"NSW","Inner Regional Australia","65 and over","speed_fines","Police issued",520,0,1
2024,"NSW","Inner Regional Australia","65 and over","unlicensed_driving","Not applicable",9,0,11
2024,"NSW","Major Cities of Australia","12-16","mobile_phone_use","Police issued",2,0,0
2024,"NSW","Major Cities of Australia","12-16","non_wearing_seatbelts","Police issued",1,0,1
2024,"NSW","Major Cities of Australia","12-16","speed_fines","Police issued",2,0,3
2024,"NSW","Major Cities of Australia","12-16","unlicensed_driving","Not applicable",3,0,23
2024,"NSW","Major Cities of Australia","17-25","mobile_phone_use","Police issued",402,0,6
2024,"NSW","Major Cities of Australia","17-25","non_wearing_seatbelts","Police issued",72,0,1
2024,"NSW","Major Cities of Australia","17-25","speed_fines","Police issued",1683,0,33
2024,"NSW","Major Cities of Australia","17-25","unlicensed_driving","Not applicable",237,0,450
2024,"NSW","Major Cities of Australia","26-39","mobile_phone_use","Police issued",306,0,4
2024,"NSW","Major Cities of Australia","26-39","non_wearing_seatbelts","Police issued",129,0,5
2024,"NSW","Major Cities of Australia","26-39","speed_fines","Police issued",1851,0,16
2024,"NSW","Major Cities of Australia","26-39","unlicensed_driving","Not applicable",210,0,657
2024,"NSW","Major Cities of Australia","40-64","mobile_phone_use","Police issued",230,0,4
2024,"NSW","Major Cities of Australia","40-64","non_wearing_seatbelts","Police issued",91,0,3
2024,"NSW","Major Cities of Australia","40-64","speed_fines","Police issued",1602,0,13
2024,"NSW","Major Cities of Australia","40-64","unlicensed_driving","Not applicable",86,0,408
2024,"NSW","Major Cities of Australia","65 and over","mobile_phone_use","Police issued",20,0,0
2024,"NSW","Major Cities of Australia","65 and over","non_wearing_seatbelts","Police issued",22,0,1
2024,"NSW","Major Cities of Australia","65 and over","speed_fines","Police issued",237,0,0
2024,"NSW","Major Cities of Australia","65 and over","unlicensed_driving","Not applicable",5,0,17
2024,"NSW","Outer Regional Australia","12-16","speed_fines","Police issued",2,0,0
2024,"NSW","Outer Regional Australia","12-16","unlicensed_driving","Not applicable",1,0,0
2024,"NSW","Outer Regional Australia","17-25","mobile_phone_use","Police issued",12,0,0
2024,"NSW","Outer Regional Australia","17-25","non_wearing_seatbelts","Police issued",11,0,0
2024,"NSW","Outer Regional Australia","17-25","speed_fines","Police issued",338,0,2
2024,"NSW","Outer Regional Australia","17-25","unlicensed_driving","Not applicable",9,0,40
2024,"NSW","Outer Regional Australia","26-39","mobile_phone_use","Police issued",9,0,0
2024,"NSW","Outer Regional Australia","26-39","non_wearing_seatbelts","Police issued",28,0,1
2024,"NSW","Outer Regional Australia","26-39","speed_fines","Police issued",545,0,3
2024,"NSW","Outer Regional Australia","26-39","unlicensed_driving","Not applicable",13,0,75
2024,"NSW","Outer Regional Australia","40-64","mobile_phone_use","Police issued",9,0,0
2024,"NSW","Outer Regional Australia","40-64","non_wearing_seatbelts","Police issued",22,0,0
2024,"NSW","Outer Regional Australia","40-64","speed_fines","Police issued",633,0,0
2024,"NSW","Outer Regional Australia","40-64","unlicensed_driving","Not applicable",20,0,25
2024,"NSW","Outer Regional Australia","65 and over","non_wearing_seatbelts","Police issued",5,0,0
2024,"NSW","Outer Regional Australia","65 and over","speed_fines","Police issued",163,0,0
2024,"NSW","Outer Regional Australia","65 and over","unlicensed_driving","Not applicable",1,0,6
2024,"NSW","Remote Australia","17-25","non_wearing_seatbelts","Police issued",6,0,0
2024,"NSW","Remote Australia","17-25","speed_fines","Police issued",28,0,0
2024,"NSW","Remote Australia","17-25","unlicensed_driving","Not applicable",0,0,6
2024,"NSW","Remote Australia","26-39","mobile_phone_use","Police issued",1,0,1
2024,"NSW","Remote Australia","26-39","non_wearing_seatbelts","Police issued",1,0,0
2024,"NSW","Remote Australia","26-39","speed_fines","Police issued",32,0,0
2024,"NSW","Remote Australia","26-39","unlicensed_driving","Not applicable",0,0,13
2024,"NSW","Remote Australia","40-64","non_wearing_seatbelts","Police issued",1,0,0
2024,"NSW","Remote Australia","40-64","speed_fines","Police issued",47,0,0
2024,"NSW","Remote Australia","40-64","unlicensed_driving","Not applicable",1,0,1
2024,"NSW","Remote Australia","65 and over","speed_fines","Police issued",8,0,0
2024,"NSW","Unknown","12-16","unlicensed_driving","Not applicable",1,0,4
2024,"NSW","Unknown","17-25","mobile_phone_use","Police issued",19,0,1
2024,"NSW","Unknown","17-25","non_wearing_seatbelts","Police issued",4,0,0
2024,"NSW","Unknown","17-25","speed_fines","Police issued",120,0,1
2024,"NSW","Unknown","17-25","unlicensed_driving","Not applicable",15,0,52
2024,"NSW","Unknown","26-39","mobile_phone_use","Police issued",22,0,2
2024,"NSW","Unknown","26-39","non_wearing_seatbelts","Police issued",12,0,0
2024,"NSW","Unknown","26-39","speed_fines","Police issued",142,0,3
2024,"NSW","Unknown","26-39","unlicensed_driving","Not applicable",17,0,89
2024,"NSW","Unknown","40-64","mobile_phone_use","Police issued",10,0,0
2024,"NSW","Unknown","40-64","non_wearing_seatbelts","Police issued",7,0,0
2024,"NSW","Unknown","40-64","speed_fines","Police issued",155,0,1
2024,"NSW","Unknown","40-64","unlicensed_driving","Not applicable",7,0,55
2024,"NSW","Unknown","65 and over","non_wearing_seatbelts","Police issued",1,0,0
2024,"NSW","Unknown","65 and over","speed_fines","Police issued",24,0,0
2024,"NSW","Unknown","65 and over","unlicensed_driving","Not applicable",0,0,1
2024,"NSW","Very Remote Australia","17-25","speed_fines","Police issued",3,0,0
2024,"NSW","Very Remote Australia","26-39","speed_fines","Police issued",5,0,0
2024,"NSW","Very Remote Australia","26-39","unlicensed_driving","Not applicable",1,0,1
2024,"NSW","Very Remote Australia","40-64","speed_fines","Police issued",5,0,0
2024,"NSW","Very Remote Australia","40-64","unlicensed_driving","Not applicable",0,0,2
2024,"NSW","Very Remote Australia","65 and over","speed_fines","Police issued",4,0,0
2024,"NT","Unknown","12-16","non_wearing_seatbelts","Police issued",0,1,3
2024,"NT","Unknown","12-16","speed_fines","Mobile camera",1,0,0
2024,"NT","Unknown","12-16","unlicensed_driving","Not applicable",0,7,14
2024,"NT","Unknown","17-25","mobile_phone_use","Police issued",1,0,0
2024,"NT","Unknown","17-25","non_wearing_seatbelts","Police issued",8,1,19
2024,"NT","Unknown","17-25","speed_fines","Fixed camera",83,0,0
2024,"NT","Unknown","17-25","speed_fines","Mobile camera",271,0,0
2024,"NT","Unknown","17-25","speed_fines","Police issued",66,0,0
2024,"NT","Unknown","17-25","unlicensed_driving","Not applicable",5,9,64
2024,"NT","Unknown","26-39","mobile_phone_use","Police issued",6,0,0
2024,"NT","Unknown","26-39","non_wearing_seatbelts","Police issued",25,1,36
2024,"NT","Unknown","26-39","speed_fines","Fixed camera",186,0,0
2024,"NT","Unknown","26-39","speed_fines","Mobile camera",847,0,0
2024,"NT","Unknown","26-39","speed_fines","Police issued",136,0,0
2024,"NT","Unknown","26-39","unlicensed_driving","Not applicable",17,18,76
2024,"NT","Unknown","40-64","mobile_phone_use","Police issued",7,0,0
2024,"NT","Unknown","40-64","non_wearing_seatbelts","Police issued",24,3,15
2024,"NT","Unknown","40-64","speed_fines","Fixed camera",337,0,0
2024,"NT","Unknown","40-64","speed_fines","Mobile camera",906,0,0
2024,"NT","Unknown","40-64","speed_fines","Police issued",153,0,0
2024,"NT","Unknown","40-64","unlicensed_driving","Not applicable",10,16,51
2024,"NT","Unknown","65 and over","non_wearing_seatbelts","Police issued",5,0,0
2024,"NT","Unknown","65 and over","speed_fines","Fixed camera",66,0,0
2024,"NT","Unknown","65 and over","speed_fines","Mobile camera",165,0,0
2024,"NT","Unknown","65 and over","speed_fines","Police issued",20,0,0
2024,"NT","Unknown","65 and over","unlicensed_driving","Not applicable",0,1,2
2024,"QLD","Unknown","12-16","mobile_phone_use","Fixed camera",176,0,0
2024,"QLD","Unknown","12-16","non_wearing_seatbelts","Fixed camera",86,0,0
2024,"QLD","Unknown","12-16","speed_fines","Fixed camera",840,0,0
2024,"QLD","Unknown","12-16","speed_fines","Mobile camera",930,0,0
2024,"QLD","Unknown","12-16","speed_fines","Police issued",7,0,0
2024,"QLD","Unknown","12-16","unlicensed_driving","Not applicable",28,0,0
2024,"QLD","Unknown","17-25","mobile_phone_use","Fixed camera",679,0,0
2024,"QLD","Unknown","17-25","mobile_phone_use","Police issued",76,0,0
2024,"QLD","Unknown","17-25","non_wearing_seatbelts","Fixed camera",403,0,0
2024,"QLD","Unknown","17-25","non_wearing_seatbelts","Police issued",74,0,0
2024,"QLD","Unknown","17-25","speed_fines","Fixed camera",3092,0,0
2024,"QLD","Unknown","17-25","speed_fines","Mobile camera",5066,0,0
2024,"QLD","Unknown","17-25","speed_fines","Police issued",2385,0,0
2024,"QLD","Unknown","17-25","unlicensed_driving","Not applicable",534,0,0
2024,"QLD","Unknown","26-39","mobile_phone_use","Fixed camera",1826,0,0
2024,"QLD","Unknown","26-39","mobile_phone_use","Police issued",130,0,0
2024,"QLD","Unknown","26-39","non_wearing_seatbelts","Fixed camera",1140,0,0
2024,"QLD","Unknown","26-39","non_wearing_seatbelts","Police issued",119,0,0
2024,"QLD","Unknown","26-39","speed_fines","Fixed camera",6329,0,0
2024,"QLD","Unknown","26-39","speed_fines","Mobile camera",9612,0,0
2024,"QLD","Unknown","26-39","speed_fines","Police issued",3339,0,0
2024,"QLD","Unknown","26-39","unlicensed_driving","Not applicable",774,0,0
2024,"QLD","Unknown","40-64","mobile_phone_use","Fixed camera",1907,0,0
2024,"QLD","Unknown","40-64","mobile_phone_use","Police issued",76,0,0
2024,"QLD","Unknown","40-64","non_wearing_seatbelts","Fixed camera",1125,0,0
2024,"QLD","Unknown","40-64","non_wearing_seatbelts","Police issued",88,0,0
2024,"QLD","Unknown","40-64","speed_fines","Fixed camera",8775,0,0
2024,"QLD","Unknown","40-64","speed_fines","Mobile camera",13949,0,0
2024,"QLD","Unknown","40-64","speed_fines","Police issued",3752,0,0
2024,"QLD","Unknown","40-64","unlicensed_driving","Not applicable",508,0,0
2024,"QLD","Unknown","65 and over","mobile_phone_use","Fixed camera",253,0,0
2024,"QLD","Unknown","65 and over","mobile_phone_use","Police issued",8,0,0
2024,"QLD","Unknown","65 and over","non_wearing_seatbelts","Fixed camera",261,0,0
2024,"QLD","Unknown","65 and over","non_wearing_seatbelts","Police issued",16,0,0
2024,"QLD","Unknown","65 and over","speed_fines","Fixed camera",2336,0,0
2024,"QLD","Unknown","65 and over","speed_fines","Mobile camera",3666,0,0
2024,"QLD","Unknown","65 and over","speed_fines","Police issued",776,0,0
2024,"QLD","Unknown","65 and over","unlicensed_driving","Not applicable",40,0,0
2024,"SA","Inner Regional Australia","12-16","speed_fines","Police issued",1,0,0
2024,"SA","Inner Regional Australia","17-25","mobile_phone_use","Police issued",1,0,0
2024,"SA","Inner Regional Australia","17-25","non_wearing_seatbelts","Police issued",10,0,0
2024,"SA","Inner Regional Australia","17-25","speed_fines","Fixed camera",44,0,0
2024,"SA","Inner Regional Australia","17-25","speed_fines","Mobile camera",158,0,0
2024,"SA","Inner Regional Australia","17-25","speed_fines","Police issued",217,0,0
2024,"SA","Inner Regional Australia","26-39","mobile_phone_use","Police issued",6,0,0
2024,"SA","Inner Regional Australia","26-39","non_wearing_seatbelts","Police issued",7,0,0
2024,"SA","Inner Regional Australia","26-39","speed_fines","Fixed camera",111,0,0
2024,"SA","Inner Regional Australia","26-39","speed_fines","Mobile camera",414,0,0
2024,"SA","Inner Regional Australia","26-39","speed_fines","Police issued",374,1,1
2024,"SA","Inner Regional Australia","40-64","mobile_phone_use","Police issued",5,0,0
2024,"SA","Inner Regional Australia","40-64","non_wearing_seatbelts","Police issued",7,0,0
2024,"SA","Inner Regional Australia","40-64","speed_fines","Fixed camera",101,0,0
2024,"SA","Inner Regional Australia","40-64","speed_fines","Mobile camera",825,0,0
2024,"SA","Inner Regional Australia","40-64","speed_fines","Police issued",496,0,2
2024,"SA","Inner Regional Australia","65 and over","mobile_phone_use","Police issued",1,0,0
2024,"SA","Inner Regional Australia","65 and over","non_wearing_seatbelts","Police issued",11,0,0
2024,"SA","Inner Regional Australia","65 and over","speed_fines","Fixed camera",35,0,0
2024,"SA","Inner Regional Australia","65 and over","speed_fines","Mobile camera",374,0,0
2024,"SA","Inner Regional Australia","65 and over","speed_fines","Police issued",179,0,0
2024,"SA","Inner Regional Australia","65 and over","unlicensed_driving","Not applicable",2,0,0
2024,"SA","Major Cities of Australia","12-16","speed_fines","Fixed camera",1,0,0
2024,"SA","Major Cities of Australia","12-16","speed_fines","Mobile camera",2,0,0
2024,"SA","Major Cities of Australia","17-25","mobile_phone_use","Police issued",45,0,0
2024,"SA","Major Cities of Australia","17-25","non_wearing_seatbelts","Police issued",19,0,0
2024,"SA","Major Cities of Australia","17-25","speed_fines","Fixed camera",377,0,0
2024,"SA","Major Cities of Australia","17-25","speed_fines","Mobile camera",524,0,0
2024,"SA","Major Cities of Australia","17-25","speed_fines","Police issued",262,1,4
2024,"SA","Major Cities of Australia","26-39","mobile_phone_use","Police issued",61,0,0
2024,"SA","Major Cities of Australia","26-39","non_wearing_seatbelts","Police issued",28,0,0
2024,"SA","Major Cities of Australia","26-39","speed_fines","Fixed camera",843,0,0
2024,"SA","Major Cities of Australia","26-39","speed_fines","Mobile camera",1371,0,0
2024,"SA","Major Cities of Australia","26-39","speed_fines","Police issued",398,5,5
2024,"SA","Major Cities of Australia","40-64","mobile_phone_use","Police issued",51,0,0
2024,"SA","Major Cities of Australia","40-64","non_wearing_seatbelts","Police issued",47,0,0
2024,"SA","Major Cities of Australia","40-64","speed_fines","Fixed camera",1700,0,0
2024,"SA","Major Cities of Australia","40-64","speed_fines","Mobile camera",2330,0,0
2024,"SA","Major Cities of Australia","40-64","speed_fines","Police issued",386,0,4
2024,"SA","Major Cities of Australia","65 and over","mobile_phone_use","Police issued",5,0,0
2024,"SA","Major Cities of Australia","65 and over","non_wearing_seatbelts","Police issued",12,0,0
2024,"SA","Major Cities of Australia","65 and over","speed_fines","Fixed camera",703,0,0
2024,"SA","Major Cities of Australia","65 and over","speed_fines","Mobile camera",756,0,0
2024,"SA","Major Cities of Australia","65 and over","speed_fines","Police issued",110,0,0
2024,"SA","Major Cities of Australia","65 and over","unlicensed_driving","Not applicable",13,0,0
2024,"SA","Outer Regional Australia","12-16","speed_fines","Police issued",2,0,0
2024,"SA","Outer Regional Australia","17-25","mobile_phone_use","Police issued",7,0,0
2024,"SA","Outer Regional Australia","17-25","non_wearing_seatbelts","Police issued",13,0,0
2024,"SA","Outer Regional Australia","17-25","speed_fines","Fixed camera",29,0,0
2024,"SA","Outer Regional Australia","17-25","speed_fines","Mobile camera",33,0,0
2024,"SA","Outer Regional Australia","17-25","speed_fines","Police issued",189,0,0
2024,"SA","Outer Regional Australia","26-39","mobile_phone_use","Police issued",3,0,0
2024,"SA","Outer Regional Australia","26-39","non_wearing_seatbelts","Police issued",14,0,0
2024,"SA","Outer Regional Australia","26-39","speed_fines","Fixed camera",33,0,0
2024,"SA","Outer Regional Australia","26-39","speed_fines","Mobile camera",103,0,0
2024,"SA","Outer Regional Australia","26-39","speed_fines","Police issued",358,1,2
2024,"SA","Outer Regional Australia","40-64","mobile_phone_use","Police issued",4,0,0
2024,"SA","Outer Regional Australia","40-64","non_wearing_seatbelts","Police issued",13,0,0
2024,"SA","Outer Regional Australia","40-64","speed_fines","Fixed camera",56,0,0
2024,"SA","Outer Regional Australia","40-64","speed_fines","Mobile camera",184,0,0
2024,"SA","Outer Regional Australia","40-64","speed_fines","Police issued",463,0,1
2024,"SA","Outer Regional Australia","65 and over","non_wearing_seatbelts","Police issued",5,0,0
2024,"SA","Outer Regional Australia","65 and over","speed_fines","Fixed camera",15,0,0
2024,"SA","Outer Regional Australia","65 and over","speed_fines","Mobile camera",74,0,0
2024,"SA","Outer Regional Australia","65 and over","speed_fines","Police issued",127,0,0
2024,"SA","Outer Regional Australia","65 and over","unlicensed_driving","Not applicable",6,0,0
2024,"SA","Remote Australia","17-25","speed_fines","Police issued",32,0,0
2024,"SA","Remote Australia","26-39","non_wearing_seatbelts","Police issued",3,0,0
2024,"SA","Remote Australia","26-39","speed_fines","Mobile camera",7,0,0
2024,"SA","Remote Australia","26-39","speed_fines","Police issued",58,0,0
2024,"SA","Remote Australia","40-64","non_wearing_seatbelts","Police issued",3,0,0
2024,"SA","Remote Australia","40-64","speed_fines","Mobile camera",21,0,0
2024,"SA","Remote Australia","40-64","speed_fines","Police issued",75,0,1
2024,"SA","Remote Australia","65 and over","non_wearing_seatbelts","Police issued",2,0,0
2024,"SA","Remote Australia","65 and over","speed_fines","Mobile camera",7,0,0
2024,"SA","Remote Australia","65 and over","speed_fines","Police issued",21,0,0
2024,"SA","Remote Australia","65 and over","unlicensed_driving","Not applicable",2,0,0
2024,"SA","Unknown","12-16","unlicensed_driving","Not applicable",0,12,11
2024,"SA","Unknown","17-25","speed_fines","Police issued",14,0,0
2024,"SA","Unknown","17-25","unlicensed_driving","Not applicable",0,16,64
2024,"SA","Unknown","26-39","mobile_phone_use","Police issued",2,0,0
2024,"SA","Unknown","26-39","non_wearing_seatbelts","Police issued",3,0,0
2024,"SA","Unknown","26-39","speed_fines","Police issued",29,0,0
2024,"SA","Unknown","26-39","unlicensed_driving","Not applicable",0,52,129
2024,"SA","Unknown","40-64","mobile_phone_use","Police issued",1,0,0
2024,"SA","Unknown","40-64","non_wearing_seatbelts","Police issued",2,0,0
2024,"SA","Unknown","40-64","speed_fines","Police issued",36,0,1
2024,"SA","Unknown","40-64","unlicensed_driving","Not applicable",0,24,145
2024,"SA","Unknown","65 and over","speed_fines","Police issued",11,0,0
2024,"SA","Unknown","65 and over","unlicensed_driving","Not applicable",2,2,8
2024,"SA","Very Remote Australia","12-16","speed_fines","Police issued",0,0,1
2024,"SA","Very Remote Australia","17-25","speed_fines","Police issued",15,0,0
2024,"SA","Very Remote Australia","26-39","non_wearing_seatbelts","Police issued",8,0,0
2024,"SA","Very Remote Australia","26-39","speed_fines","Police issued",41,0,0
2024,"SA","Very Remote Australia","40-64","mobile_phone_use","Police issued",1,0,0
2024,"SA","Very Remote Australia","40-64","non_wearing_seatbelts","Police issued",2,0,0
2024,"SA","Very Remote Australia","40-64","speed_fines","Police issued",42,0,0
2024,"SA","Very Remote Australia","65 and over","non_wearing_seatbelts","Police issued",2,0,0
2024,"SA","Very Remote Australia","65 and over","speed_fines","Police issued",9,0,0
2024,"SA","Very Remote Australia","65 and over","unlicensed_driving","Not applicable",2,0,0
2024,"TAS","Unknown","12-16","speed_fines","Police issued",0,0,1
2024,"TAS","Unknown","12-16","unlicensed_driving","Not applicable",0,1,3
2024,"TAS","Unknown","17-25","mobile_phone_use","Fixed or mobile camera",9,0,0
2024,"TAS","Unknown","17-25","mobile_phone_use","Police issued",49,0,0
2024,"TAS","Unknown","17-25","non_wearing_seatbelts","Fixed or mobile camera",33,0,0
2024,"TAS","Unknown","17-25","non_wearing_seatbelts","Police issued",9,0,0
2024,"TAS","Unknown","17-25","speed_fines","Fixed or mobile camera",619,0,0
2024,"TAS","Unknown","17-25","speed_fines","Police issued",401,0,9
2024,"TAS","Unknown","17-25","unlicensed_driving","Not applicable",1,0,31
2024,"TAS","Unknown","26-39","mobile_phone_use","Fixed or mobile camera",53,0,0
2024,"TAS","Unknown","26-39","mobile_phone_use","Police issued",64,0,3
2024,"TAS","Unknown","26-39","non_wearing_seatbelts","Fixed or mobile camera",81,0,0
2024,"TAS","Unknown","26-39","non_wearing_seatbelts","Police issued",15,0,1
2024,"TAS","Unknown","26-39","speed_fines","Fixed or mobile camera",1611,0,0
2024,"TAS","Unknown","26-39","speed_fines","Police issued",607,0,16
2024,"TAS","Unknown","26-39","unlicensed_driving","Not applicable",11,0,48
2024,"TAS","Unknown","40-64","mobile_phone_use","Fixed or mobile camera",74,0,0
2024,"TAS","Unknown","40-64","mobile_phone_use","Police issued",46,0,0
2024,"TAS","Unknown","40-64","non_wearing_seatbelts","Fixed or mobile camera",110,0,0
2024,"TAS","Unknown","40-64","non_wearing_seatbelts","Police issued",18,0,2
2024,"TAS","Unknown","40-64","speed_fines","Fixed or mobile camera",2311,0,0
2024,"TAS","Unknown","40-64","speed_fines","Police issued",668,0,8
2024,"TAS","Unknown","40-64","unlicensed_driving","Not applicable",7,0,34
2024,"TAS","Unknown","65 and over","mobile_phone_use","Fixed or mobile camera",9,0,0
2024,"TAS","Unknown","65 and over","mobile_phone_use","Police issued",6,0,0
2024,"TAS","Unknown","65 and over","non_wearing_seatbelts","Fixed or mobile camera",45,0,0
2024,"TAS","Unknown","65 and over","non_wearing_seatbelts","Police issued",9,0,2
2024,"TAS","Unknown","65 and over","speed_fines","Fixed or mobile camera",975,0,0
2024,"TAS","Unknown","65 and over","speed_fines","Police issued",220,0,1
2024,"VIC","Inner Regional Australia","12-16","mobile_phone_use","Fixed camera",0,0,0
2024,"VIC","Inner Regional Australia","12-16","mobile_phone_use","Mobile camera",0,0,0
2024,"VIC","Inner Regional Australia","12-16","non_wearing_seatbelts","Fixed camera",0,0,0
2024,"VIC","Inner Regional Australia","12-16","non_wearing_seatbelts","Mobile camera",0,0,0
2024,"VIC","Inner Regional Australia","12-16","speed_fines","Fixed camera",0,0,0
2024,"VIC","Inner Regional Australia","12-16","speed_fines","Mobile camera",0,0,0
2024,"VIC","Inner Regional Australia","17-25","mobile_phone_use","Fixed camera",0,0,0
2024,"VIC","Inner Regional Australia","17-25","mobile_phone_use","Mobile camera",0,0,0
2024,"VIC","Inner Regional Australia","17-25","non_wearing_seatbelts","Fixed camera",0,0,0
2024,"VIC","Inner Regional Australia","17-25","non_wearing_seatbelts","Mobile camera",0,0,0
2024,"VIC","Inner Regional Australia","17-25","speed_fines","Fixed camera",8,0,0
2024,"VIC","Inner Regional Australia","17-25","speed_fines","Mobile camera",10,0,0
2024,"VIC","Inner Regional Australia","26-39","mobile_phone_use","Fixed camera",0,0,0
2024,"VIC","Inner Regional Australia","26-39","mobile_phone_use","Mobile camera",0,0,0
2024,"VIC","Inner Regional Australia","26-39","non_wearing_seatbelts","Fixed camera",0,0,0
2024,"VIC","Inner Regional Australia","26-39","non_wearing_seatbelts","Mobile camera",0,0,0
2024,"VIC","Inner Regional Australia","26-39","speed_fines","Fixed camera",4,0,0
2024,"VIC","Inner Regional Australia","26-39","speed_fines","Mobile camera",21,0,0
2024,"VIC","Inner Regional Australia","40-64","mobile_phone_use","Fixed camera",0,0,0
2024,"VIC","Inner Regional Australia","40-64","mobile_phone_use","Mobile camera",0,0,0
2024,"VIC","Inner Regional Australia","40-64","non_wearing_seatbelts","Fixed camera",0,0,0
2024,"VIC","Inner Regional Australia","40-64","non_wearing_seatbelts","Mobile camera",0,0,0
2024,"VIC","Inner Regional Australia","40-64","speed_fines","Fixed camera",9,0,0
2024,"VIC","Inner Regional Australia","40-64","speed_fines","Mobile camera",21,0,0
2024,"VIC","Inner Regional Australia","65 and over","mobile_phone_use","Fixed camera",0,0,0
2024,"VIC","Inner Regional Australia","65 and over","mobile_phone_use","Mobile camera",0,0,0
2024,"VIC","Inner Regional Australia","65 and over","non_wearing_seatbelts","Fixed camera",0,0,0
2024,"VIC","Inner Regional Australia","65 and over","non_wearing_seatbelts","Mobile camera",2,0,0
2024,"VIC","Inner Regional Australia","65 and over","speed_fines","Fixed camera",5,0,0
2024,"VIC","Inner Regional Australia","65 and over","speed_fines","Mobile camera",8,0,0
2024,"VIC","Major Cities of Australia","12-16","mobile_phone_use","Fixed camera",0,0,0
2024,"VIC","Major Cities of Australia","12-16","mobile_phone_use","Mobile camera",0,0,0
2024,"VIC","Major Cities of Australia","12-16","non_wearing_seatbelts","Fixed camera",0,0,0
2024,"VIC","Major Cities of Australia","12-16","non_wearing_seatbelts","Mobile camera",0,0,0
2024,"VIC","Major Cities of Australia","12-16","speed_fines","Fixed camera",0,0,0
2024,"VIC","Major Cities of Australia","12-16","speed_fines","Mobile camera",0,0,0
2024,"VIC","Major Cities of Australia","17-25","mobile_phone_use","Fixed camera",0,0,0
2024,"VIC","Major Cities of Australia","17-25","mobile_phone_use","Mobile camera",0,0,0
2024,"VIC","Major Cities of Australia","17-25","non_wearing_seatbelts","Fixed camera",0,0,0
2024,"VIC","Major Cities of Australia","17-25","non_wearing_seatbelts","Mobile camera",1,0,0
2024,"VIC","Major Cities of Australia","17-25","speed_fines","Fixed camera",98,0,0
2024,"VIC","Major Cities of Australia","17-25","speed_fines","Mobile camera",43,0,0
2024,"VIC","Major Cities of Australia","26-39","mobile_phone_use","Fixed camera",0,0,0
2024,"VIC","Major Cities of Australia","26-39","mobile_phone_use","Mobile camera",3,0,0
2024,"VIC","Major Cities of Australia","26-39","non_wearing_seatbelts","Fixed camera",0,0,0
2024,"VIC","Major Cities of Australia","26-39","non_wearing_seatbelts","Mobile camera",13,0,0
2024,"VIC","Major Cities of Australia","26-39","speed_fines","Fixed camera",120,0,0
2024,"VIC","Major Cities of Australia","26-39","speed_fines","Mobile camera",58,0,0
2024,"VIC","Major Cities of Australia","40-64","mobile_phone_use","Fixed camera",0,0,0
2024,"VIC","Major Cities of Australia","40-64","mobile_phone_use","Mobile camera",0,0,0
2024,"VIC","Major Cities of Australia","40-64","non_wearing_seatbelts","Fixed camera",0,0,0
2024,"VIC","Major Cities of Australia","40-64","non_wearing_seatbelts","Mobile camera",10,0,0
2024,"VIC","Major Cities of Australia","40-64","speed_fines","Fixed camera",174,0,0
2024,"VIC","Major Cities of Australia","40-64","speed_fines","Mobile camera",93,0,0
2024,"VIC","Major Cities of Australia","65 and over","mobile_phone_use","Fixed camera",0,0,0
2024,"VIC","Major Cities of Australia","65 and over","mobile_phone_use","Mobile camera",0,0,0
2024,"VIC","Major Cities of Australia","65 and over","non_wearing_seatbelts","Fixed camera",0,0,0
2024,"VIC","Major Cities of Australia","65 and over","non_wearing_seatbelts","Mobile camera",3,0,0
2024,"VIC","Major Cities of Australia","65 and over","speed_fines","Fixed camera",28,0,0
2024,"VIC","Major Cities of Australia","65 and over","speed_fines","Mobile camera",14,0,0
2024,"VIC","Outer Regional Australia","12-16","mobile_phone_use","Fixed camera",0,0,0
2024,"VIC","Outer Regional Australia","12-16","mobile_phone_use","Mobile camera",0,0,0
2024,"VIC","Outer Regional Australia","12-16","non_wearing_seatbelts","Fixed camera",0,0,0
2024,"VIC","Outer Regional Australia","12-16","non_wearing_seatbelts","Mobile camera",0,0,0
2024,"VIC","Outer Regional Australia","12-16","speed_fines","Fixed camera",0,0,0
2024,"VIC","Outer Regional Australia","12-16","speed_fines","Mobile camera",0,0,0
2024,"VIC","Outer Regional Australia","17-25","mobile_phone_use","Fixed camera",0,0,0
2024,"VIC","Outer Regional Australia","17-25","mobile_phone_use","Mobile camera",0,0,0
2024,"VIC","Outer Regional Australia","17-25","non_wearing_seatbelts","Fixed camera",0,0,0
2024,"VIC","Outer Regional Australia","17-25","non_wearing_seatbelts","Mobile camera",0,0,0
2024,"VIC","Outer Regional Australia","17-25","speed_fines","Fixed camera",0,0,0
2024,"VIC","Outer Regional Australia","17-25","speed_fines","Mobile camera",0,0,0
2024,"VIC","Outer Regional Australia","26-39","mobile_phone_use","Fixed camera",0,0,0
2024,"VIC","Outer Regional Australia","26-39","mobile_phone_use","Mobile camera",0,0,0
2024,"VIC","Outer Regional Australia","26-39","non_wearing_seatbelts","Fixed camera",0,0,0
2024,"VIC","Outer Regional Australia","26-39","non_wearing_seatbelts","Mobile camera",0,0,0
2024,"VIC","Outer Regional Australia","26-39","speed_fines","Fixed camera",0,0,0
2024,"VIC","Outer Regional Australia","26-39","speed_fines","Mobile camera",5,0,0
2024,"VIC","Outer Regional Australia","40-64","mobile_phone_use","Fixed camera",0,0,0
2024,"VIC","Outer Regional Australia","40-64","mobile_phone_use","Mobile camera",0,0,0
2024,"VIC","Outer Regional Australia","40-64","non_wearing_seatbelts","Fixed camera",0,0,0
2024,"VIC","Outer Regional Australia","40-64","non_wearing_seatbelts","Mobile camera",0,0,0
2024,"VIC","Outer Regional Australia","40-64","speed_fines","Fixed camera",1,0,0
2024,"VIC","Outer Regional Australia","40-64","speed_fines","Mobile camera",10,0,0
2024,"VIC","Outer Regional Australia","65 and over","mobile_phone_use","Fixed camera",0,0,0
2024,"VIC","Outer Regional Australia","65 and over","mobile_phone_use","Mobile camera",0,0,0
2024,"VIC","Outer Regional Australia","65 and over","non_wearing_seatbelts","Fixed camera",0,0,0
2024,"VIC","Outer Regional Australia","65 and over","non_wearing_seatbelts","Mobile camera",0,0,0
2024,"VIC","Outer Regional Australia","65 and over","speed_fines","Fixed camera",0,0,0
2024,"VIC","Outer Regional Australia","65 and over","speed_fines","Mobile camera",2,0,0
2024,"VIC","Remote Australia","12-16","mobile_phone_use","Fixed camera",0,0,0
2024,"VIC","Remote Australia","12-16","mobile_phone_use","Mobile camera",0,0,0
2024,"VIC","Remote Australia","12-16","non_wearing_seatbelts","Fixed camera",0,0,0
2024,"VIC","Remote Australia","12-16","non_wearing_seatbelts","Mobile camera",0,0,0
2024,"VIC","Remote Australia","12-16","speed_fines","Fixed camera",0,0,0
2024,"VIC","Remote Australia","12-16","speed_fines","Mobile camera",0,0,0
2024,"VIC","Remote Australia","17-25","mobile_phone_use","Fixed camera",0,0,0
2024,"VIC","Remote Australia","17-25","mobile_phone_use","Mobile camera",0,0,0
2024,"VIC","Remote Australia","17-25","non_wearing_seatbelts","Fixed camera",0,0,0
2024,"VIC","Remote Australia","17-25","non_wearing_seatbelts","Mobile camera",0,0,0
2024,"VIC","Remote Australia","17-25","speed_fines","Fixed camera",0,0,0
2024,"VIC","Remote Australia","17-25","speed_fines","Mobile camera",0,0,0
2024,"VIC","Remote Australia","26-39","mobile_phone_use","Fixed camera",0,0,0
2024,"VIC","Remote Australia","26-39","mobile_phone_use","Mobile camera",0,0,0
2024,"VIC","Remote Australia","26-39","non_wearing_seatbelts","Fixed camera",0,0,0
2024,"VIC","Remote Australia","26-39","non_wearing_seatbelts","Mobile camera",0,0,0
2024,"VIC","Remote Australia","26-39","speed_fines","Fixed camera",0,0,0
2024,"VIC","Remote Australia","26-39","speed_fines","Mobile camera",0,0,0
2024,"VIC","Remote Australia","40-64","mobile_phone_use","Fixed camera",0,0,0
2024,"VIC","Remote Australia","40-64","mobile_phone_use","Mobile camera",0,0,0
2024,"VIC","Remote Australia","40-64","non_wearing_seatbelts","Fixed camera",0,0,0
2024,"VIC","Remote Australia","40-64","non_wearing_seatbelts","Mobile camera",0,0,0
2024,"VIC","Remote Australia","40-64","speed_fines","Fixed camera",0,0,0
2024,"VIC","Remote Australia","40-64","speed_fines","Mobile camera",0,0,0
2024,"VIC","Remote Australia","65 and over","mobile_phone_use","Fixed camera",0,0,0
2024,"VIC","Remote Australia","65 and over","mobile_phone_use","Mobile camera",0,0,0
2024,"VIC","Remote Australia","65 and over","non_wearing_seatbelts","Fixed camera",0,0,0
2024,"VIC","Remote Australia","65 and over","non_wearing_seatbelts","Mobile camera",0,0,0
2024,"VIC","Remote Australia","65 and over","speed_fines","Fixed camera",0,0,0
2024,"VIC","Remote Australia","65 and over","speed_fines","Mobile camera",0,0,0
2024,"VIC","Unknown","12-16","mobile_phone_use","Fixed camera",0,0,0
2024,"VIC","Unknown","12-16","mobile_phone_use","Mobile camera",0,0,0
2024,"VIC","Unknown","12-16","mobile_phone_use","Police issued",1,0,0
2024,"VIC","Unknown","12-16","non_wearing_seatbelts","Fixed camera",0,0,0
2024,"VIC","Unknown","12-16","non_wearing_seatbelts","Mobile camera",0,0,0
2024,"VIC","Unknown","12-16","speed_fines","Fixed camera",0,0,0
2024,"VIC","Unknown","12-16","speed_fines","Mobile camera",0,0,0
2024,"VIC","Unknown","12-16","speed_fines","Police issued",1,0,0
2024,"VIC","Unknown","12-16","unlicensed_driving","Not applicable",3,0,0
2024,"VIC","Unknown","17-25","mobile_phone_use","Fixed camera",0,0,0
2024,"VIC","Unknown","17-25","mobile_phone_use","Mobile camera",0,0,0
2024,"VIC","Unknown","17-25","mobile_phone_use","Police issued",22,0,0
2024,"VIC","Unknown","17-25","non_wearing_seatbelts","Fixed camera",0,0,0
2024,"VIC","Unknown","17-25","non_wearing_seatbelts","Mobile camera",0,0,0
2024,"VIC","Unknown","17-25","non_wearing_seatbelts","Police issued",16,0,0
2024,"VIC","Unknown","17-25","speed_fines","Fixed camera",21,0,0
2024,"VIC","Unknown","17-25","speed_fines","Mobile camera",0,0,0
2024,"VIC","Unknown","17-25","speed_fines","Police issued",513,0,0
2024,"VIC","Unknown","17-25","unlicensed_driving","Not applicable",43,0,0
2024,"VIC","Unknown","26-39","mobile_phone_use","Fixed camera",0,0,0
2024,"VIC","Unknown","26-39","mobile_phone_use","Mobile camera",0,0,0
2024,"VIC","Unknown","26-39","mobile_phone_use","Police issued",34,0,0
2024,"VIC","Unknown","26-39","non_wearing_seatbelts","Fixed camera",0,0,0
2024,"VIC","Unknown","26-39","non_wearing_seatbelts","Mobile camera",0,0,0
2024,"VIC","Unknown","26-39","non_wearing_seatbelts","Police issued",23,0,0
2024,"VIC","Unknown","26-39","speed_fines","Fixed camera",17,0,0
2024,"VIC","Unknown","26-39","speed_fines","Mobile camera",0,0,0
2024,"VIC","Unknown","26-39","speed_fines","Police issued",636,0,0
2024,"VIC","Unknown","26-39","unlicensed_driving","Not applicable",76,0,0
2024,"VIC","Unknown","40-64","mobile_phone_use","Fixed camera",0,0,0
2024,"VIC","Unknown","40-64","mobile_phone_use","Mobile camera",0,0,0
2024,"VIC","Unknown","40-64","mobile_phone_use","Police issued",33,0,0
2024,"VIC","Unknown","40-64","non_wearing_seatbelts","Fixed camera",0,0,0
2024,"VIC","Unknown","40-64","non_wearing_seatbelts","Mobile camera",0,0,0
2024,"VIC","Unknown","40-64","non_wearing_seatbelts","Police issued",17,0,0
2024,"VIC","Unknown","40-64","speed_fines","Fixed camera",22,0,0
2024,"VIC","Unknown","40-64","speed_fines","Mobile camera",0,0,0
2024,"VIC","Unknown","40-64","speed_fines","Police issued",569,0,0
2024,"VIC","Unknown","40-64","unlicensed_driving","Not applicable",44,0,0
2024,"VIC","Unknown","65 and over","mobile_phone_use","Fixed camera",0,0,0
2024,"VIC","Unknown","65 and over","mobile_phone_use","Mobile camera",0,0,0
2024,"VIC","Unknown","65 and over","mobile_phone_use","Police issued",4,0,0
2024,"VIC","Unknown","65 and over","non_wearing_seatbelts","Fixed camera",0,0,0
2024,"VIC","Unknown","65 and over","non_wearing_seatbelts","Mobile camera",0,0,0
2024,"VIC","Unknown","65 and over","non_wearing_seatbelts","Police issued",1,0,0
2024,"VIC","Unknown","65 and over","speed_fines","Fixed camera",3,0,0
2024,"VIC","Unknown","65 and over","speed_fines","Mobile camera",0,0,0
2024,"VIC","Unknown","65 and over","speed_fines","Police issued",104,0,0
2024,"VIC","Unknown","65 and over","unlicensed_driving","Not applicable",3,0,0
2024,"WA","Unknown","12-16","unlicensed_driving","Not applicable",0,8,34
2024,"WA","Unknown","17-25","mobile_phone_use","Police issued",1,0,0
2024,"WA","Unknown","17-25","non_wearing_seatbelts","Police issued",1,0,0
2024,"WA","Unknown","17-25","speed_fines","Police issued",8,0,0
2024,"WA","Unknown","17-25","unlicensed_driving","Not applicable",1,32,384
2024,"WA","Unknown","26-39","mobile_phone_use","Police issued",8,0,0
2024,"WA","Unknown","26-39","non_wearing_seatbelts","Police issued",5,0,0
2024,"WA","Unknown","26-39","speed_fines","Police issued",23,0,0
2024,"WA","Unknown","26-39","unlicensed_driving","Not applicable",1,78,608
2024,"WA","Unknown","40-64","mobile_phone_use","Police issued",3,0,0
2024,"WA","Unknown","40-64","non_wearing_seatbelts","Police issued",2,0,0
2024,"WA","Unknown","40-64","speed_fines","Police issued",28,0,0
2024,"WA","Unknown","40-64","unlicensed_driving","Not applicable",0,46,351
2024,"WA","Unknown","65 and over","speed_fines","Police issued",2,0,0
2024,"WA","Unknown","65 and over","unlicensed_driving","Not applicable",1,0,13
2024,"ACT","Major Cities of Australia","12-16","mobile_phone_use","Police issued",1,0,0
2024,"ACT","Major Cities of Australia","12-16","speed_fines","Fixed camera",1,0,0
2024,"ACT","Major Cities of Australia","12-16","speed_fines","Police issued",1,0,0
2024,"ACT","Major Cities of Australia","12-16","unlicensed_driving","Not applicable",1,0,0
2024,"ACT","Major Cities of Australia","17-25","mobile_phone_use","Fixed or mobile camera",210,0,0
2024,"ACT","Major Cities of Australia","17-25","mobile_phone_use","Police issued",6,0,1
2024,"ACT","Major Cities of Australia","17-25","non_wearing_seatbelts","Police issued",3,0,1
2024,"ACT","Major Cities of Australia","17-25","speed_fines","Fixed camera",468,0,0
2024,"ACT","Major Cities of Australia","17-25","speed_fines","Mobile camera",159,0,0
2024,"ACT","Major Cities of Australia","17-25","speed_fines","Police issued",80,0,2
2024,"ACT","Major Cities of Australia","17-25","unlicensed_driving","Not applicable",10,2,12
2024,"ACT","Major Cities of Australia","26-39","mobile_phone_use","Fixed or mobile camera",685,0,0
2024,"ACT","Major Cities of Australia","26-39","mobile_phone_use","Police issued",13,0,2
2024,"ACT","Major Cities of Australia","26-39","non_wearing_seatbelts","Police issued",3,0,0
2024,"ACT","Major Cities of Australia","26-39","speed_fines","Fixed camera",1233,0,0
2024,"ACT","Major Cities of Australia","26-39","speed_fines","Mobile camera",370,0,0
2024,"ACT","Major Cities of Australia","26-39","speed_fines","Police issued",108,1,1
2024,"ACT","Major Cities of Australia","26-39","unlicensed_driving","Not applicable",12,16,36
2024,"ACT","Major Cities of Australia","40-64","mobile_phone_use","Fixed or mobile camera",723,0,0
2024,"ACT","Major Cities of Australia","40-64","mobile_phone_use","Police issued",3,0,0
2024,"ACT","Major Cities of Australia","40-64","non_wearing_seatbelts","Police issued",4,0,1
2024,"ACT","Major Cities of Australia","40-64","speed_fines","Fixed camera",1971,0,0
2024,"ACT","Major Cities of Australia","40-64","speed_fines","Mobile camera",522,0,0
2024,"ACT","Major Cities of Australia","40-64","speed_fines","Police issued",103,0,2
2024,"ACT","Major Cities of Australia","40-64","unlicensed_driving","Not applicable",14,5,13
2024,"ACT","Major Cities of Australia","65 and over","mobile_phone_use","Fixed or mobile camera",97,0,0
2024,"ACT","Major Cities of Australia","65 and over","mobile_phone_use","Police issued",1,0,0
2024,"ACT","Major Cities of Australia","65 and over","speed_fines","Fixed camera",606,0,0
2024,"ACT","Major Cities of Australia","65 and over","speed_fines","Mobile camera",172,0,0
2024,"ACT","Major Cities of Australia","65 and over","speed_fines","Police issued",12,0,0
2024,"NSW","Inner Regional Australia","12-16","mobile_phone_use","Police issued",1,0,1
2024,"NSW","Inner Regional Australia","12-16","non_wearing_seatbelts","Police issued",2,0,0
2024,"NSW","Inner Regional Australia","12-16","speed_fines","Police issued",9,0,1
2024,"NSW","Inner Regional Australia","12-16","unlicensed_driving","Not applicable",1,0,15
2024,"NSW","Inner Regional Australia","17-25","mobile_phone_use","Police issued",79,0,0
2024,"NSW","Inner Regional Australia","17-25","non_wearing_seatbelts","Police issued",71,0,3
2024,"NSW","Inner Regional Australia","17-25","speed_fines","Police issued",1815,0,18
2024,"NSW","Inner Regional Australia","17-25","unlicensed_driving","Not applicable",41,0,153
2024,"NSW","Inner Regional Australia","26-39","mobile_phone_use","Police issued",97,0,1
2024,"NSW","Inner Regional Australia","26-39","non_wearing_seatbelts","Police issued",120,0,3
2024,"NSW","Inner Regional Australia","26-39","speed_fines","Police issued",3010,0,14
2024,"NSW","Inner Regional Australia","26-39","unlicensed_driving","Not applicable",93,0,311
2024,"NSW","Inner Regional Australia","40-64","mobile_phone_use","Police issued",56,0,2
2024,"NSW","Inner Regional Australia","40-64","non_wearing_seatbelts","Police issued",80,0,0
2024,"NSW","Inner Regional Australia","40-64","speed_fines","Police issued",2986,0,5
2024,"NSW","Inner Regional Australia","40-64","unlicensed_driving","Not applicable",56,0,199
2024,"NSW","Inner Regional Australia","65 and over","mobile_phone_use","Police issued",7,0,0
2024,"NSW","Inner Regional Australia","65 and over","non_wearing_seatbelts","Police issued",18,0,0
2024,"NSW","Inner Regional Australia","65 and over","speed_fines","Police issued",725,0,1
2024,"NSW","Inner Regional Australia","65 and over","unlicensed_driving","Not applicable",9,0,11
2024,"NSW","Major Cities of Australia","12-16","mobile_phone_use","Police issued",1,0,0
2024,"NSW","Major Cities of Australia","12-16","non_wearing_seatbelts","Police issued",2,0,0
2024,"NSW","Major Cities of Australia","12-16","speed_fines","Police issued",11,0,2
2024,"NSW","Major Cities of Australia","12-16","unlicensed_driving","Not applicable",3,0,21
2024,"NSW","Major Cities of Australia","17-25","mobile_phone_use","Police issued",456,0,6
2024,"NSW","Major Cities of Australia","17-25","non_wearing_seatbelts","Police issued",107,0,1
2024,"NSW","Major Cities of Australia","17-25","speed_fines","Police issued",2424,0,51
2024,"NSW","Major Cities of Australia","17-25","unlicensed_driving","Not applicable",357,0,627
2024,"NSW","Major Cities of Australia","26-39","mobile_phone_use","Police issued",441,0,3
2024,"NSW","Major Cities of Australia","26-39","non_wearing_seatbelts","Police issued",221,0,8
2024,"NSW","Major Cities of Australia","26-39","speed_fines","Police issued",2584,0,26
2024,"NSW","Major Cities of Australia","26-39","unlicensed_driving","Not applicable",342,0,813
2024,"NSW","Major Cities of Australia","40-64","mobile_phone_use","Police issued",293,0,2
2024,"NSW","Major Cities of Australia","40-64","non_wearing_seatbelts","Police issued",123,0,3
2024,"NSW","Major Cities of Australia","40-64","speed_fines","Police issued",2291,0,11
2024,"NSW","Major Cities of Australia","40-64","unlicensed_driving","Not applicable",130,0,565
2024,"NSW","Major Cities of Australia","65 and over","mobile_phone_use","Police issued",36,0,1
2024,"NSW","Major Cities of Australia","65 and over","non_wearing_seatbelts","Police issued",25,0,0
2024,"NSW","Major Cities of Australia","65 and over","speed_fines","Police issued",372,0,1
2024,"NSW","Major Cities of Australia","65 and over","unlicensed_driving","Not applicable",14,0,24
2024,"NSW","Outer Regional Australia","12-16","non_wearing_seatbelts","Police issued",1,0,0
2024,"NSW","Outer Regional Australia","12-16","unlicensed_driving","Not applicable",2,0,2
2024,"NSW","Outer Regional Australia","17-25","mobile_phone_use","Police issued",9,0,1
2024,"NSW","Outer Regional Australia","17-25","non_wearing_seatbelts","Police issued",14,0,0
2024,"NSW","Outer Regional Australia","17-25","speed_fines","Police issued",468,0,2
2024,"NSW","Outer Regional Australia","17-25","unlicensed_driving","Not applicable",6,0,46
2024,"NSW","Outer Regional Australia","26-39","mobile_phone_use","Police issued",10,0,0
2024,"NSW","Outer Regional Australia","26-39","non_wearing_seatbelts","Police issued",27,0,1
2024,"NSW","Outer Regional Australia","26-39","speed_fines","Police issued",705,0,9
2024,"NSW","Outer Regional Australia","26-39","unlicensed_driving","Not applicable",43,0,79
2024,"NSW","Outer Regional Australia","40-64","mobile_phone_use","Police issued",10,0,1
2024,"NSW","Outer Regional Australia","40-64","non_wearing_seatbelts","Police issued",27,0,0
2024,"NSW","Outer Regional Australia","40-64","speed_fines","Police issued",825,0,1
2024,"NSW","Outer Regional Australia","40-64","unlicensed_driving","Not applicable",28,0,44
2024,"NSW","Outer Regional Australia","65 and over","mobile_phone_use","Police issued",3,0,0
2024,"NSW","Outer Regional Australia","65 and over","non_wearing_seatbelts","Police issued",7,0,0
2024,"NSW","Outer Regional Australia","65 and over","speed_fines","Police issued",229,0,0
2024,"NSW","Outer Regional Australia","65 and over","unlicensed_driving","Not applicable",4,0,1
2024,"NSW","Remote Australia","12-16","speed_fines","Police issued",1,0,0
2024,"NSW","Remote Australia","17-25","mobile_phone_use","Police issued",1,0,0
2024,"NSW","Remote Australia","17-25","non_wearing_seatbelts","Police issued",3,0,1
2024,"NSW","Remote Australia","17-25","speed_fines","Police issued",59,0,0
2024,"NSW","Remote Australia","17-25","unlicensed_driving","Not applicable",3,0,5
2024,"NSW","Remote Australia","26-39","mobile_phone_use","Police issued",0,0,1
2024,"NSW","Remote Australia","26-39","non_wearing_seatbelts","Police issued",3,0,0
2024,"NSW","Remote Australia","26-39","speed_fines","Police issued",68,0,0
2024,"NSW","Remote Australia","26-39","unlicensed_driving","Not applicable",3,0,14
2024,"NSW","Remote Australia","40-64","non_wearing_seatbelts","Police issued",8,0,1
2024,"NSW","Remote Australia","40-64","speed_fines","Police issued",88,0,0
2024,"NSW","Remote Australia","40-64","unlicensed_driving","Not applicable",2,0,7
2024,"NSW","Remote Australia","65 and over","non_wearing_seatbelts","Police issued",1,0,0
2024,"NSW","Remote Australia","65 and over","speed_fines","Police issued",13,0,0
2024,"NSW","Unknown","12-16","unlicensed_driving","Not applicable",1,0,0
2024,"NSW","Unknown","17-25","mobile_phone_use","Police issued",12,0,0
2024,"NSW","Unknown","17-25","non_wearing_seatbelts","Police issued",8,0,1
2024,"NSW","Unknown","17-25","speed_fines","Police issued",88,0,3
2024,"NSW","Unknown","17-25","unlicensed_driving","Not applicable",16,0,21
2024,"NSW","Unknown","26-39","mobile_phone_use","Police issued",6,0,0
2024,"NSW","Unknown","26-39","non_wearing_seatbelts","Police issued",11,0,0
2024,"NSW","Unknown","26-39","speed_fines","Police issued",102,0,1
2024,"NSW","Unknown","26-39","unlicensed_driving","Not applicable",10,0,37
2024,"NSW","Unknown","40-64","mobile_phone_use","Police issued",7,0,0
2024,"NSW","Unknown","40-64","non_wearing_seatbelts","Police issued",9,0,0
2024,"NSW","Unknown","40-64","speed_fines","Police issued",109,0,0
2024,"NSW","Unknown","40-64","unlicensed_driving","Not applicable",4,0,20
2024,"NSW","Unknown","65 and over","mobile_phone_use","Police issued",1,0,0
2024,"NSW","Unknown","65 and over","non_wearing_seatbelts","Police issued",3,0,0
2024,"NSW","Unknown","65 and over","speed_fines","Police issued",16,0,0
2024,"NSW","Unknown","65 and over","unlicensed_driving","Not applicable",1,0,1
2024,"NSW","Very Remote Australia","17-25","speed_fines","Police issued",6,0,0
2024,"NSW","Very Remote Australia","17-25","unlicensed_driving","Not applicable",0,0,1
2024,"NSW","Very Remote Australia","26-39","mobile_phone_use","Police issued",1,0,0
2024,"NSW","Very Remote Australia","26-39","non_wearing_seatbelts","Police issued",2,0,0
2024,"NSW","Very Remote Australia","26-39","speed_fines","Police issued",7,0,0
2024,"NSW","Very Remote Australia","26-39","unlicensed_driving","Not applicable",2,0,4
2024,"NSW","Very Remote Australia","40-64","speed_fines","Police issued",11,0,0
2024,"NSW","Very Remote Australia","40-64","unlicensed_driving","Not applicable",0,0,4
2024,"NSW","Very Remote Australia","65 and over","speed_fines","Police issued",3,0,0
2024,"NT","Unknown","12-16","non_wearing_seatbelts","Police issued",1,0,1
2024,"NT","Unknown","12-16","speed_fines","Fixed camera",1,0,0
2024,"NT","Unknown","12-16","speed_fines","Mobile camera",1,0,0
2024,"NT","Unknown","12-16","unlicensed_driving","Not applicable",0,9,18
2024,"NT","Unknown","17-25","mobile_phone_use","Police issued",8,0,1
2024,"NT","Unknown","17-25","non_wearing_seatbelts","Police issued",18,0,13
2024,"NT","Unknown","17-25","speed_fines","Fixed camera",53,0,0
2024,"NT","Unknown","17-25","speed_fines","Mobile camera",338,0,0
2024,"NT","Unknown","17-25","speed_fines","Police issued",101,0,0
2024,"NT","Unknown","17-25","unlicensed_driving","Not applicable",12,20,56
2024,"NT","Unknown","26-39","mobile_phone_use","Police issued",15,0,0
2024,"NT","Unknown","26-39","non_wearing_seatbelts","Police issued",36,3,20
2024,"NT","Unknown","26-39","speed_fines","Fixed camera",196,0,0
2024,"NT","Unknown","26-39","speed_fines","Mobile camera",848,0,0
2024,"NT","Unknown","26-39","speed_fines","Police issued",185,0,0
2024,"NT","Unknown","26-39","unlicensed_driving","Not applicable",31,41,108
2024,"NT","Unknown","40-64","mobile_phone_use","Police issued",4,0,0
2024,"NT","Unknown","40-64","non_wearing_seatbelts","Police issued",21,2,32
2024,"NT","Unknown","40-64","speed_fines","Fixed camera",245,0,0
2024,"NT","Unknown","40-64","speed_fines","Mobile camera",1033,0,0
2024,"NT","Unknown","40-64","speed_fines","Police issued",159,0,0
2024,"NT","Unknown","40-64","unlicensed_driving","Not applicable",7,26,87
2024,"NT","Unknown","65 and over","non_wearing_seatbelts","Police issued",4,0,4
2024,"NT","Unknown","65 and over","speed_fines","Fixed camera",63,0,0
2024,"NT","Unknown","65 and over","speed_fines","Mobile camera",246,0,0
2024,"NT","Unknown","65 and over","speed_fines","Police issued",21,0,0
2024,"NT","Unknown","65 and over","unlicensed_driving","Not applicable",1,0,4
2024,"QLD","Unknown","12-16","mobile_phone_use","Fixed camera",193,0,0
2024,"QLD","Unknown","12-16","non_wearing_seatbelts","Fixed camera",100,0,0
2024,"QLD","Unknown","12-16","non_wearing_seatbelts","Police issued",2,0,0
2024,"QLD","Unknown","12-16","speed_fines","Fixed camera",893,0,0
2024,"QLD","Unknown","12-16","speed_fines","Mobile camera",1024,0,0
2024,"QLD","Unknown","12-16","speed_fines","Police issued",5,0,0
2024,"QLD","Unknown","12-16","unlicensed_driving","Not applicable",36,0,0
2024,"QLD","Unknown","17-25","mobile_phone_use","Fixed camera",690,0,0
2024,"QLD","Unknown","17-25","mobile_phone_use","Police issued",72,0,0
2024,"QLD","Unknown","17-25","non_wearing_seatbelts","Fixed camera",484,0,0
2024,"QLD","Unknown","17-25","non_wearing_seatbelts","Police issued",96,0,0
2024,"QLD","Unknown","17-25","speed_fines","Fixed camera",3404,0,0
2024,"QLD","Unknown","17-25","speed_fines","Mobile camera",5492,0,0
2024,"QLD","Unknown","17-25","speed_fines","Police issued",2611,0,0
2024,"QLD","Unknown","17-25","unlicensed_driving","Not applicable",495,0,0
2024,"QLD","Unknown","26-39","mobile_phone_use","Fixed camera",1954,0,0
2024,"QLD","Unknown","26-39","mobile_phone_use","Police issued",105,0,0
2024,"QLD","Unknown","26-39","non_wearing_seatbelts","Fixed camera",1344,0,0
2024,"QLD","Unknown","26-39","non_wearing_seatbelts","Police issued",124,0,0
2024,"QLD","Unknown","26-39","speed_fines","Fixed camera",7497,0,0
2024,"QLD","Unknown","26-39","speed_fines","Mobile camera",11027,0,0
2024,"QLD","Unknown","26-39","speed_fines","Police issued",3390,0,0
2024,"QLD","Unknown","26-39","unlicensed_driving","Not applicable",697,0,0
2024,"QLD","Unknown","40-64","mobile_phone_use","Fixed camera",1967,0,0
2024,"QLD","Unknown","40-64","mobile_phone_use","Police issued",82,0,0
2024,"QLD","Unknown","40-64","non_wearing_seatbelts","Fixed camera",1321,0,0
2024,"QLD","Unknown","40-64","non_wearing_seatbelts","Police issued",64,0,0
2024,"QLD","Unknown","40-64","speed_fines","Fixed camera",10171,0,0
2024,"QLD","Unknown","40-64","speed_fines","Mobile camera",15374,0,0
2024,"QLD","Unknown","40-64","speed_fines","Police issued",3627,0,0
2024,"QLD","Unknown","40-64","unlicensed_driving","Not applicable",448,0,0
2024,"QLD","Unknown","65 and over","mobile_phone_use","Fixed camera",287,0,0
2024,"QLD","Unknown","65 and over","mobile_phone_use","Police issued",7,0,0
2024,"QLD","Unknown","65 and over","non_wearing_seatbelts","Fixed camera",244,0,0
2024,"QLD","Unknown","65 and over","non_wearing_seatbelts","Police issued",21,0,0
2024,"QLD","Unknown","65 and over","speed_fines","Fixed camera",2705,0,0
2024,"QLD","Unknown","65 and over","speed_fines","Mobile camera",4072,0,0
2024,"QLD","Unknown","65 and over","speed_fines","Police issued",698,0,0
2024,"QLD","Unknown","65 and over","unlicensed_driving","Not applicable",31,0,0
2024,"SA","Inner Regional Australia","12-16","mobile_phone_use","Police issued",1,0,0
2024,"SA","Inner Regional Australia","12-16","speed_fines","Police issued",2,0,0
2024,"SA","Inner Regional Australia","17-25","non_wearing_seatbelts","Police issued",4,0,0
2024,"SA","Inner Regional Australia","17-25","speed_fines","Fixed camera",50,0,0
2024,"SA","Inner Regional Australia","17-25","speed_fines","Mobile camera",114,0,0
2024,"SA","Inner Regional Australia","17-25","speed_fines","Police issued",253,0,1
2024,"SA","Inner Regional Australia","26-39","mobile_phone_use","Police issued",4,0,0
2024,"SA","Inner Regional Australia","26-39","non_wearing_seatbelts","Police issued",8,0,0
2024,"SA","Inner Regional Australia","26-39","speed_fines","Fixed camera",113,0,0
2024,"SA","Inner Regional Australia","26-39","speed_fines","Mobile camera",350,0,0
2024,"SA","Inner Regional Australia","26-39","speed_fines","Police issued",532,2,4
2024,"SA","Inner Regional Australia","40-64","mobile_phone_use","Police issued",4,0,0
2024,"SA","Inner Regional Australia","40-64","non_wearing_seatbelts","Police issued",15,0,0
2024,"SA","Inner Regional Australia","40-64","speed_fines","Fixed camera",132,0,0
2024,"SA","Inner Regional Australia","40-64","speed_fines","Mobile camera",620,0,0
2024,"SA","Inner Regional Australia","40-64","speed_fines","Police issued",694,0,3
2024,"SA","Inner Regional Australia","65 and over","mobile_phone_use","Police issued",2,0,0
2024,"SA","Inner Regional Australia","65 and over","non_wearing_seatbelts","Police issued",5,0,0
2024,"SA","Inner Regional Australia","65 and over","speed_fines","Fixed camera",33,0,0
2024,"SA","Inner Regional Australia","65 and over","speed_fines","Mobile camera",313,0,0
2024,"SA","Inner Regional Australia","65 and over","speed_fines","Police issued",191,0,1
2024,"SA","Inner Regional Australia","65 and over","unlicensed_driving","Not applicable",1,0,0
2024,"SA","Major Cities of Australia","12-16","speed_fines","Fixed camera",1,0,0
2024,"SA","Major Cities of Australia","17-25","mobile_phone_use","Police issued",42,0,0
2024,"SA","Major Cities of Australia","17-25","non_wearing_seatbelts","Police issued",22,0,0
2024,"SA","Major Cities of Australia","17-25","speed_fines","Fixed camera",410,0,0
2024,"SA","Major Cities of Australia","17-25","speed_fines","Mobile camera",530,0,0
2024,"SA","Major Cities of Australia","17-25","speed_fines","Police issued",325,1,4
2024,"SA","Major Cities of Australia","26-39","mobile_phone_use","Police issued",64,0,0
2024,"SA","Major Cities of Australia","26-39","non_wearing_seatbelts","Police issued",25,0,0
2024,"SA","Major Cities of Australia","26-39","speed_fines","Fixed camera",1035,0,0
2024,"SA","Major Cities of Australia","26-39","speed_fines","Mobile camera",1284,0,0
2024,"SA","Major Cities of Australia","26-39","speed_fines","Police issued",474,3,2
2024,"SA","Major Cities of Australia","40-64","mobile_phone_use","Police issued",45,0,0
2024,"SA","Major Cities of Australia","40-64","non_wearing_seatbelts","Police issued",39,0,0
2024,"SA","Major Cities of Australia","40-64","speed_fines","Fixed camera",1982,0,0
2024,"SA","Major Cities of Australia","40-64","speed_fines","Mobile camera",2306,0,0
2024,"SA","Major Cities of Australia","40-64","speed_fines","Police issued",563,2,3
2024,"SA","Major Cities of Australia","65 and over","mobile_phone_use","Police issued",5,0,0
2024,"SA","Major Cities of Australia","65 and over","non_wearing_seatbelts","Police issued",7,0,0
2024,"SA","Major Cities of Australia","65 and over","speed_fines","Fixed camera",832,0,0
2024,"SA","Major Cities of Australia","65 and over","speed_fines","Mobile camera",715,0,0
2024,"SA","Major Cities of Australia","65 and over","speed_fines","Police issued",133,0,0
2024,"SA","Major Cities of Australia","65 and over","unlicensed_driving","Not applicable",12,0,0
2024,"SA","Outer Regional Australia","12-16","speed_fines","Police issued",1,0,0
2024,"SA","Outer Regional Australia","17-25","mobile_phone_use","Police issued",5,0,0
2024,"SA","Outer Regional Australia","17-25","non_wearing_seatbelts","Police issued",7,0,0
2024,"SA","Outer Regional Australia","17-25","speed_fines","Fixed camera",17,0,0
2024,"SA","Outer Regional Australia","17-25","speed_fines","Mobile camera",24,0,0
2024,"SA","Outer Regional Australia","17-25","speed_fines","Police issued",251,0,4
2024,"SA","Outer Regional Australia","26-39","mobile_phone_use","Police issued",9,0,0
2024,"SA","Outer Regional Australia","26-39","non_wearing_seatbelts","Police issued",15,0,0
2024,"SA","Outer Regional Australia","26-39","speed_fines","Fixed camera",39,0,0
2024,"SA","Outer Regional Australia","26-39","speed_fines","Mobile camera",88,0,0
2024,"SA","Outer Regional Australia","26-39","speed_fines","Police issued",500,0,1
2024,"SA","Outer Regional Australia","40-64","mobile_phone_use","Police issued",4,0,0
2024,"SA","Outer Regional Australia","40-64","non_wearing_seatbelts","Police issued",12,0,0
2024,"SA","Outer Regional Australia","40-64","speed_fines","Fixed camera",55,0,0
2024,"SA","Outer Regional Australia","40-64","speed_fines","Mobile camera",182,0,0
2024,"SA","Outer Regional Australia","40-64","speed_fines","Police issued",634,0,4
2024,"SA","Outer Regional Australia","65 and over","non_wearing_seatbelts","Police issued",15,0,0
2024,"SA","Outer Regional Australia","65 and over","speed_fines","Fixed camera",16,0,0
2024,"SA","Outer Regional Australia","65 and over","speed_fines","Mobile camera",93,0,0
2024,"SA","Outer Regional Australia","65 and over","speed_fines","Police issued",160,0,1
2024,"SA","Outer Regional Australia","65 and over","unlicensed_driving","Not applicable",5,0,0
2024,"SA","Remote Australia","17-25","mobile_phone_use","Police issued",1,0,0
2024,"SA","Remote Australia","17-25","non_wearing_seatbelts","Police issued",1,0,0
2024,"SA","Remote Australia","17-25","speed_fines","Police issued",48,0,0
2024,"SA","Remote Australia","26-39","non_wearing_seatbelts","Police issued",3,0,0
2024,"SA","Remote Australia","26-39","speed_fines","Mobile camera",10,0,0
2024,"SA","Remote Australia","26-39","speed_fines","Police issued",104,0,0
2024,"SA","Remote Australia","40-64","mobile_phone_use","Police issued",2,0,0
2024,"SA","Remote Australia","40-64","non_wearing_seatbelts","Police issued",2,0,0
2024,"SA","Remote Australia","40-64","speed_fines","Mobile camera",2,0,0
2024,"SA","Remote Australia","40-64","speed_fines","Police issued",126,0,1
2024,"SA","Remote Australia","65 and over","non_wearing_seatbelts","Police issued",1,0,0
2024,"SA","Remote Australia","65 and over","speed_fines","Mobile camera",1,0,0
2024,"SA","Remote Australia","65 and over","speed_fines","Police issued",23,0,0
2024,"SA","Unknown","12-16","unlicensed_driving","Not applicable",0,6,9
2024,"SA","Unknown","17-25","non_wearing_seatbelts","Police issued",1,0,0
2024,"SA","Unknown","17-25","speed_fines","Police issued",21,0,0
2024,"SA","Unknown","17-25","unlicensed_driving","Not applicable",0,35,55
2024,"SA","Unknown","26-39","mobile_phone_use","Police issued",1,0,0
2024,"SA","Unknown","26-39","speed_fines","Police issued",50,0,0
2024,"SA","Unknown","26-39","unlicensed_driving","Not applicable",0,54,132
2024,"SA","Unknown","40-64","mobile_phone_use","Police issued",2,0,0
2024,"SA","Unknown","40-64","non_wearing_seatbelts","Police issued",3,0,0
2024,"SA","Unknown","40-64","speed_fines","Police issued",58,0,0
2024,"SA","Unknown","40-64","unlicensed_driving","Not applicable",0,31,154
2024,"SA","Unknown","65 and over","non_wearing_seatbelts","Police issued",1,0,0
2024,"SA","Unknown","65 and over","speed_fines","Police issued",21,0,0
2024,"SA","Unknown","65 and over","unlicensed_driving","Not applicable",0,0,6
2024,"SA","Very Remote Australia","17-25","non_wearing_seatbelts","Police issued",2,0,0
2024,"SA","Very Remote Australia","17-25","speed_fines","Police issued",22,0,0
2024,"SA","Very Remote Australia","26-39","non_wearing_seatbelts","Police issued",5,0,0
2024,"SA","Very Remote Australia","26-39","speed_fines","Police issued",69,0,1
2024,"SA","Very Remote Australia","40-64","non_wearing_seatbelts","Police issued",3,0,0
2024,"SA","Very Remote Australia","40-64","speed_fines","Police issued",56,0,0
2024,"SA","Very Remote Australia","65 and over","speed_fines","Police issued",9,0,0
2024,"SA","Very Remote Australia","65 and over","unlicensed_driving","Not applicable",1,0,0
2024,"TAS","Unknown","12-16","speed_fines","Police issued",0,0,1
2024,"TAS","Unknown","12-16","unlicensed_driving","Not applicable",0,0,4
2024,"TAS","Unknown","17-25","mobile_phone_use","Fixed or mobile camera",7,0,0
2024,"TAS","Unknown","17-25","mobile_phone_use","Police issued",44,0,1
2024,"TAS","Unknown","17-25","non_wearing_seatbelts","Fixed or mobile camera",28,0,0
2024,"TAS","Unknown","17-25","non_wearing_seatbelts","Police issued",14,0,0
2024,"TAS","Unknown","17-25","speed_fines","Fixed or mobile camera",621,0,0
2024,"TAS","Unknown","17-25","speed_fines","Police issued",470,0,10
2024,"TAS","Unknown","17-25","unlicensed_driving","Not applicable",8,0,12
2024,"TAS","Unknown","26-39","mobile_phone_use","Fixed or mobile camera",47,0,0
2024,"TAS","Unknown","26-39","mobile_phone_use","Police issued",87,0,2
2024,"TAS","Unknown","26-39","non_wearing_seatbelts","Fixed or mobile camera",72,0,0
2024,"TAS","Unknown","26-39","non_wearing_seatbelts","Police issued",25,0,3
2024,"TAS","Unknown","26-39","speed_fines","Fixed or mobile camera",1570,0,0
2024,"TAS","Unknown","26-39","speed_fines","Police issued",812,0,9
2024,"TAS","Unknown","26-39","unlicensed_driving","Not applicable",9,0,80
2024,"TAS","Unknown","40-64","mobile_phone_use","Fixed or mobile camera",42,0,0
2024,"TAS","Unknown","40-64","mobile_phone_use","Police issued",57,0,0
2024,"TAS","Unknown","40-64","non_wearing_seatbelts","Fixed or mobile camera",101,0,0
2024,"TAS","Unknown","40-64","non_wearing_seatbelts","Police issued",28,0,0
2024,"TAS","Unknown","40-64","speed_fines","Fixed or mobile camera",2323,0,0
2024,"TAS","Unknown","40-64","speed_fines","Police issued",817,0,6
2024,"TAS","Unknown","40-64","unlicensed_driving","Not applicable",13,0,49
2024,"TAS","Unknown","65 and over","mobile_phone_use","Fixed or mobile camera",10,0,0
2024,"TAS","Unknown","65 and over","mobile_phone_use","Police issued",13,0,0
2024,"TAS","Unknown","65 and over","non_wearing_seatbelts","Fixed or mobile camera",44,0,0
2024,"TAS","Unknown","65 and over","non_wearing_seatbelts","Police issued",13,0,2
2024,"TAS","Unknown","65 and over","speed_fines","Fixed or mobile camera",1041,0,0
2024,"TAS","Unknown","65 and over","speed_fines","Police issued",289,0,0
2024,"TAS","Unknown","65 and over","unlicensed_driving","Not applicable",0,0,1
2024,"VIC","Inner Regional Australia","12-16","mobile_phone_use","Fixed camera",0,0,0
2024,"VIC","Inner Regional Australia","12-16","mobile_phone_use","Mobile camera",0,0,0
2024,"VIC","Inner Regional Australia","12-16","non_wearing_seatbelts","Fixed camera",0,0,0
2024,"VIC","Inner Regional Australia","12-16","non_wearing_seatbelts","Mobile camera",0,0,0
2024,"VIC","Inner Regional Australia","12-16","speed_fines","Fixed camera",0,0,0
2024,"VIC","Inner Regional Australia","12-16","speed_fines","Mobile camera",0,0,0
2024,"VIC","Inner Regional Australia","17-25","mobile_phone_use","Fixed camera",0,0,0
2024,"VIC","Inner Regional Australia","17-25","mobile_phone_use","Mobile camera",0,0,0
2024,"VIC","Inner Regional Australia","17-25","non_wearing_seatbelts","Fixed camera",0,0,0
2024,"VIC","Inner Regional Australia","17-25","non_wearing_seatbelts","Mobile camera",0,0,0
2024,"VIC","Inner Regional Australia","17-25","speed_fines","Fixed camera",9,0,0
2024,"VIC","Inner Regional Australia","17-25","speed_fines","Mobile camera",24,0,0
2024,"VIC","Inner Regional Australia","26-39","mobile_phone_use","Fixed camera",0,0,0
2024,"VIC","Inner Regional Australia","26-39","mobile_phone_use","Mobile camera",0,0,0
2024,"VIC","Inner Regional Australia","26-39","non_wearing_seatbelts","Fixed camera",0,0,0
2024,"VIC","Inner Regional Australia","26-39","non_wearing_seatbelts","Mobile camera",2,0,0
2024,"VIC","Inner Regional Australia","26-39","speed_fines","Fixed camera",15,0,0
2024,"VIC","Inner Regional Australia","26-39","speed_fines","Mobile camera",21,0,0
2024,"VIC","Inner Regional Australia","40-64","mobile_phone_use","Fixed camera",0,0,0
2024,"VIC","Inner Regional Australia","40-64","mobile_phone_use","Mobile camera",0,0,0
2024,"VIC","Inner Regional Australia","40-64","non_wearing_seatbelts","Fixed camera",0,0,0
2024,"VIC","Inner Regional Australia","40-64","non_wearing_seatbelts","Mobile camera",2,0,0
2024,"VIC","Inner Regional Australia","40-64","speed_fines","Fixed camera",4,0,0
2024,"VIC","Inner Regional Australia","40-64","speed_fines","Mobile camera",45,0,0
2024,"VIC","Inner Regional Australia","65 and over","mobile_phone_use","Fixed camera",0,0,0
2024,"VIC","Inner Regional Australia","65 and over","mobile_phone_use","Mobile camera",0,0,0
2024,"VIC","Inner Regional Australia","65 and over","non_wearing_seatbelts","Fixed camera",0,0,0
2024,"VIC","Inner Regional Australia","65 and over","non_wearing_seatbelts","Mobile camera",0,0,0
2024,"VIC","Inner Regional Australia","65 and over","speed_fines","Fixed camera",5,0,0
2024,"VIC","Inner Regional Australia","65 and over","speed_fines","Mobile camera",8,0,0
2024,"VIC","Major Cities of Australia","12-16","mobile_phone_use","Fixed camera",0,0,0
2024,"VIC","Major Cities of Australia","12-16","mobile_phone_use","Mobile camera",0,0,0
2024,"VIC","Major Cities of Australia","12-16","non_wearing_seatbelts","Fixed camera",0,0,0
2024,"VIC","Major Cities of Australia","12-16","non_wearing_seatbelts","Mobile camera",0,0,0
2024,"VIC","Major Cities of Australia","12-16","speed_fines","Fixed camera",0,0,0
2024,"VIC","Major Cities of Australia","12-16","speed_fines","Mobile camera",0,0,0
2024,"VIC","Major Cities of Australia","17-25","mobile_phone_use","Fixed camera",0,0,0
2024,"VIC","Major Cities of Australia","17-25","mobile_phone_use","Mobile camera",1,0,0
2024,"VIC","Major Cities of Australia","17-25","non_wearing_seatbelts","Fixed camera",0,0,0
2024,"VIC","Major Cities of Australia","17-25","non_wearing_seatbelts","Mobile camera",2,0,0
2024,"VIC","Major Cities of Australia","17-25","speed_fines","Fixed camera",59,0,0
2024,"VIC","Major Cities of Australia","17-25","speed_fines","Mobile camera",85,0,0
2024,"VIC","Major Cities of Australia","26-39","mobile_phone_use","Fixed camera",0,0,0
2024,"VIC","Major Cities of Australia","26-39","mobile_phone_use","Mobile camera",2,0,0
2024,"VIC","Major Cities of Australia","26-39","non_wearing_seatbelts","Fixed camera",0,0,0
2024,"VIC","Major Cities of Australia","26-39","non_wearing_seatbelts","Mobile camera",13,0,0
2024,"VIC","Major Cities of Australia","26-39","speed_fines","Fixed camera",89,0,0
2024,"VIC","Major Cities of Australia","26-39","speed_fines","Mobile camera",91,0,0
2024,"VIC","Major Cities of Australia","40-64","mobile_phone_use","Fixed camera",0,0,0
2024,"VIC","Major Cities of Australia","40-64","mobile_phone_use","Mobile camera",0,0,0
2024,"VIC","Major Cities of Australia","40-64","non_wearing_seatbelts","Fixed camera",0,0,0
2024,"VIC","Major Cities of Australia","40-64","non_wearing_seatbelts","Mobile camera",10,0,0
2024,"VIC","Major Cities of Australia","40-64","speed_fines","Fixed camera",90,0,0
2024,"VIC","Major Cities of Australia","40-64","speed_fines","Mobile camera",158,0,0
2024,"VIC","Major Cities of Australia","65 and over","mobile_phone_use","Fixed camera",0,0,0
2024,"VIC","Major Cities of Australia","65 and over","mobile_phone_use","Mobile camera",1,0,0
2024,"VIC","Major Cities of Australia","65 and over","non_wearing_seatbelts","Fixed camera",0,0,0
2024,"VIC","Major Cities of Australia","65 and over","non_wearing_seatbelts","Mobile camera",3,0,0
2024,"VIC","Major Cities of Australia","65 and over","speed_fines","Fixed camera",28,0,0
2024,"VIC","Major Cities of Australia","65 and over","speed_fines","Mobile camera",20,0,0
2024,"VIC","Outer Regional Australia","12-16","mobile_phone_use","Fixed camera",0,0,0
2024,"VIC","Outer Regional Australia","12-16","mobile_phone_use","Mobile camera",0,0,0
2024,"VIC","Outer Regional Australia","12-16","non_wearing_seatbelts","Fixed camera",0,0,0
2024,"VIC","Outer Regional Australia","12-16","non_wearing_seatbelts","Mobile camera",0,0,0
2024,"VIC","Outer Regional Australia","12-16","speed_fines","Fixed camera",0,0,0
2024,"VIC","Outer Regional Australia","12-16","speed_fines","Mobile camera",0,0,0
2024,"VIC","Outer Regional Australia","17-25","mobile_phone_use","Fixed camera",0,0,0
2024,"VIC","Outer Regional Australia","17-25","mobile_phone_use","Mobile camera",0,0,0
2024,"VIC","Outer Regional Australia","17-25","non_wearing_seatbelts","Fixed camera",0,0,0
2024,"VIC","Outer Regional Australia","17-25","non_wearing_seatbelts","Mobile camera",0,0,0
2024,"VIC","Outer Regional Australia","17-25","speed_fines","Fixed camera",0,0,0
2024,"VIC","Outer Regional Australia","17-25","speed_fines","Mobile camera",6,0,0
2024,"VIC","Outer Regional Australia","26-39","mobile_phone_use","Fixed camera",0,0,0
2024,"VIC","Outer Regional Australia","26-39","mobile_phone_use","Mobile camera",0,0,0
2024,"VIC","Outer Regional Australia","26-39","non_wearing_seatbelts","Fixed camera",0,0,0
2024,"VIC","Outer Regional Australia","26-39","non_wearing_seatbelts","Mobile camera",1,0,0
2024,"VIC","Outer Regional Australia","26-39","speed_fines","Fixed camera",1,0,0
2024,"VIC","Outer Regional Australia","26-39","speed_fines","Mobile camera",3,0,0
2024,"VIC","Outer Regional Australia","40-64","mobile_phone_use","Fixed camera",0,0,0
2024,"VIC","Outer Regional Australia","40-64","mobile_phone_use","Mobile camera",0,0,0
2024,"VIC","Outer Regional Australia","40-64","non_wearing_seatbelts","Fixed camera",0,0,0
2024,"VIC","Outer Regional Australia","40-64","non_wearing_seatbelts","Mobile camera",0,0,0
2024,"VIC","Outer Regional Australia","40-64","speed_fines","Fixed camera",0,0,0
2024,"VIC","Outer Regional Australia","40-64","speed_fines","Mobile camera",2,0,0
2024,"VIC","Outer Regional Australia","65 and over","mobile_phone_use","Fixed camera",0,0,0
2024,"VIC","Outer Regional Australia","65 and over","mobile_phone_use","Mobile camera",0,0,0
2024,"VIC","Outer Regional Australia","65 and over","non_wearing_seatbelts","Fixed camera",0,0,0
2024,"VIC","Outer Regional Australia","65 and over","non_wearing_seatbelts","Mobile camera",0,0,0
2024,"VIC","Outer Regional Australia","65 and over","speed_fines","Fixed camera",0,0,0
2024,"VIC","Outer Regional Australia","65 and over","speed_fines","Mobile camera",1,0,0
2024,"VIC","Remote Australia","12-16","mobile_phone_use","Fixed camera",0,0,0
2024,"VIC","Remote Australia","12-16","mobile_phone_use","Mobile camera",0,0,0
2024,"VIC","Remote Australia","12-16","non_wearing_seatbelts","Fixed camera",0,0,0
2024,"VIC","Remote Australia","12-16","non_wearing_seatbelts","Mobile camera",0,0,0
2024,"VIC","Remote Australia","12-16","speed_fines","Fixed camera",0,0,0
2024,"VIC","Remote Australia","12-16","speed_fines","Mobile camera",0,0,0
2024,"VIC","Remote Australia","17-25","mobile_phone_use","Fixed camera",0,0,0
2024,"VIC","Remote Australia","17-25","mobile_phone_use","Mobile camera",0,0,0
2024,"VIC","Remote Australia","17-25","non_wearing_seatbelts","Fixed camera",0,0,0
2024,"VIC","Remote Australia","17-25","non_wearing_seatbelts","Mobile camera",0,0,0
2024,"VIC","Remote Australia","17-25","speed_fines","Fixed camera",0,0,0
2024,"VIC","Remote Australia","17-25","speed_fines","Mobile camera",0,0,0
2024,"VIC","Remote Australia","26-39","mobile_phone_use","Fixed camera",0,0,0
2024,"VIC","Remote Australia","26-39","mobile_phone_use","Mobile camera",0,0,0
2024,"VIC","Remote Australia","26-39","non_wearing_seatbelts","Fixed camera",0,0,0
2024,"VIC","Remote Australia","26-39","non_wearing_seatbelts","Mobile camera",0,0,0
2024,"VIC","Remote Australia","26-39","speed_fines","Fixed camera",0,0,0
2024,"VIC","Remote Australia","26-39","speed_fines","Mobile camera",0,0,0
2024,"VIC","Remote Australia","40-64","mobile_phone_use","Fixed camera",0,0,0
2024,"VIC","Remote Australia","40-64","mobile_phone_use","Mobile camera",0,0,0
2024,"VIC","Remote Australia","40-64","non_wearing_seatbelts","Fixed camera",0,0,0
2024,"VIC","Remote Australia","40-64","non_wearing_seatbelts","Mobile camera",0,0,0
2024,"VIC","Remote Australia","40-64","speed_fines","Fixed camera",0,0,0
2024,"VIC","Remote Australia","40-64","speed_fines","Mobile camera",0,0,0
2024,"VIC","Remote Australia","65 and over","mobile_phone_use","Fixed camera",0,0,0
2024,"VIC","Remote Australia","65 and over","mobile_phone_use","Mobile camera",0,0,0
2024,"VIC","Remote Australia","65 and over","non_wearing_seatbelts","Fixed camera",0,0,0
2024,"VIC","Remote Australia","65 and over","non_wearing_seatbelts","Mobile camera",0,0,0
2024,"VIC","Remote Australia","65 and over","speed_fines","Fixed camera",0,0,0
2024,"VIC","Remote Australia","65 and over","speed_fines","Mobile camera",0,0,0
2024,"VIC","Unknown","12-16","mobile_phone_use","Fixed camera",0,0,0
2024,"VIC","Unknown","12-16","mobile_phone_use","Mobile camera",0,0,0
2024,"VIC","Unknown","12-16","mobile_phone_use","Police issued",1,0,0
2024,"VIC","Unknown","12-16","non_wearing_seatbelts","Fixed camera",0,0,0
2024,"VIC","Unknown","12-16","non_wearing_seatbelts","Mobile camera",0,0,0
2024,"VIC","Unknown","12-16","speed_fines","Fixed camera",0,0,0
2024,"VIC","Unknown","12-16","speed_fines","Mobile camera",0,0,0
2024,"VIC","Unknown","12-16","speed_fines","Police issued",5,0,0
2024,"VIC","Unknown","12-16","unlicensed_driving","Not applicable",3,0,0
2024,"VIC","Unknown","17-25","mobile_phone_use","Fixed camera",0,0,0
2024,"VIC","Unknown","17-25","mobile_phone_use","Mobile camera",0,0,0
2024,"VIC","Unknown","17-25","mobile_phone_use","Police issued",22,0,0
2024,"VIC","Unknown","17-25","non_wearing_seatbelts","Fixed camera",0,0,0
2024,"VIC","Unknown","17-25","non_wearing_seatbelts","Mobile camera",0,0,0
2024,"VIC","Unknown","17-25","non_wearing_seatbelts","Police issued",12,0,0
2024,"VIC","Unknown","17-25","speed_fines","Fixed camera",17,0,0
2024,"VIC","Unknown","17-25","speed_fines","Mobile camera",0,0,0
2024,"VIC","Unknown","17-25","speed_fines","Police issued",608,0,0
2024,"VIC","Unknown","17-25","unlicensed_driving","Not applicable",44,0,0
2024,"VIC","Unknown","26-39","mobile_phone_use","Fixed camera",0,0,0
2024,"VIC","Unknown","26-39","mobile_phone_use","Mobile camera",0,0,0
2024,"VIC","Unknown","26-39","mobile_phone_use","Police issued",55,0,0
2024,"VIC","Unknown","26-39","non_wearing_seatbelts","Fixed camera",0,0,0
2024,"VIC","Unknown","26-39","non_wearing_seatbelts","Mobile camera",0,0,0
2024,"VIC","Unknown","26-39","non_wearing_seatbelts","Police issued",20,0,0
2024,"VIC","Unknown","26-39","speed_fines","Fixed camera",11,0,0
2024,"VIC","Unknown","26-39","speed_fines","Mobile camera",0,0,0
2024,"VIC","Unknown","26-39","speed_fines","Police issued",750,0,0
2024,"VIC","Unknown","26-39","unlicensed_driving","Not applicable",71,0,0
2024,"VIC","Unknown","40-64","mobile_phone_use","Fixed camera",0,0,0
2024,"VIC","Unknown","40-64","mobile_phone_use","Mobile camera",0,0,0
2024,"VIC","Unknown","40-64","mobile_phone_use","Police issued",40,0,0
2024,"VIC","Unknown","40-64","non_wearing_seatbelts","Fixed camera",0,0,0
2024,"VIC","Unknown","40-64","non_wearing_seatbelts","Mobile camera",0,0,0
2024,"VIC","Unknown","40-64","non_wearing_seatbelts","Police issued",22,0,0
2024,"VIC","Unknown","40-64","speed_fines","Fixed camera",26,0,0
2024,"VIC","Unknown","40-64","speed_fines","Mobile camera",0,0,0
2024,"VIC","Unknown","40-64","speed_fines","Police issued",661,0,0
2024,"VIC","Unknown","40-64","unlicensed_driving","Not applicable",33,0,0
2024,"VIC","Unknown","65 and over","mobile_phone_use","Fixed camera",0,0,0
2024,"VIC","Unknown","65 and over","mobile_phone_use","Mobile camera",0,0,0
2024,"VIC","Unknown","65 and over","mobile_phone_use","Police issued",9,0,0
2024,"VIC","Unknown","65 and over","non_wearing_seatbelts","Fixed camera",0,0,0
2024,"VIC","Unknown","65 and over","non_wearing_seatbelts","Mobile camera",0,0,0
2024,"VIC","Unknown","65 and over","non_wearing_seatbelts","Police issued",5,0,0
2024,"VIC","Unknown","65 and over","speed_fines","Fixed camera",3,0,0
2024,"VIC","Unknown","65 and over","speed_fines","Mobile camera",0,0,0
2024,"VIC","Unknown","65 and over","speed_fines","Police issued",115,0,0
2024,"VIC","Unknown","65 and over","unlicensed_driving","Not applicable",2,0,0
2024,"WA","Unknown","12-16","unlicensed_driving","Not applicable",0,19,47
2024,"WA","Unknown","17-25","mobile_phone_use","Police issued",1,0,0
2024,"WA","Unknown","17-25","speed_fines","Police issued",1,0,0
2024,"WA","Unknown","17-25","unlicensed_driving","Not applicable",0,50,369
2024,"WA","Unknown","26-39","speed_fines","Police issued",2,0,0
2024,"WA","Unknown","26-39","unlicensed_driving","Not applicable",0,102,607
2024,"WA","Unknown","40-64","speed_fines","Police issued",2,0,0
2024,"WA","Unknown","40-64","unlicensed_driving","Not applicable",0,43,377
2024,"WA","Unknown","65 and over","unlicensed_driving","Not applicable",0,0,22
2024,"ACT","Major Cities of Australia","12-16","speed_fines","Fixed camera",2,0,0
2024,"ACT","Major Cities of Australia","12-16","speed_fines","Mobile camera",3,0,0
2024,"ACT","Major Cities of Australia","12-16","speed_fines","Police issued",3,0,0
2024,"ACT","Major Cities of Australia","12-16","unlicensed_driving","Not applicable",0,1,3
2024,"ACT","Major Cities of Australia","17-25","mobile_phone_use","Police issued",8,0,0
2024,"ACT","Major Cities of Australia","17-25","non_wearing_seatbelts","Police issued",2,0,0
2024,"ACT","Major Cities of Australia","17-25","speed_fines","Fixed camera",516,0,0
2024,"ACT","Major Cities of Australia","17-25","speed_fines","Mobile camera",146,0,0
2024,"ACT","Major Cities of Australia","17-25","speed_fines","Police issued",50,0,2
2024,"ACT","Major Cities of Australia","17-25","unlicensed_driving","Not applicable",10,3,7
2024,"ACT","Major Cities of Australia","26-39","mobile_phone_use","Police issued",6,0,0
2024,"ACT","Major Cities of Australia","26-39","non_wearing_seatbelts","Police issued",3,0,0
2024,"ACT","Major Cities of Australia","26-39","speed_fines","Fixed camera",1269,0,0
2024,"ACT","Major Cities of Australia","26-39","speed_fines","Mobile camera",385,0,0
2024,"ACT","Major Cities of Australia","26-39","speed_fines","Police issued",89,0,1
2024,"ACT","Major Cities of Australia","26-39","unlicensed_driving","Not applicable",8,13,68
2024,"ACT","Major Cities of Australia","40-64","mobile_phone_use","Police issued",7,0,0
2024,"ACT","Major Cities of Australia","40-64","non_wearing_seatbelts","Police issued",11,0,0
2024,"ACT","Major Cities of Australia","40-64","speed_fines","Fixed camera",2317,0,0
2024,"ACT","Major Cities of Australia","40-64","speed_fines","Mobile camera",445,0,0
2024,"ACT","Major Cities of Australia","40-64","speed_fines","Police issued",54,0,0
2024,"ACT","Major Cities of Australia","40-64","unlicensed_driving","Not applicable",4,6,21
2024,"ACT","Major Cities of Australia","65 and over","speed_fines","Fixed camera",634,0,0
2024,"ACT","Major Cities of Australia","65 and over","speed_fines","Mobile camera",151,0,0
2024,"ACT","Major Cities of Australia","65 and over","speed_fines","Police issued",3,0,0
2024,"NSW","Inner Regional Australia","12-16","speed_fines","Police issued",5,0,0
2024,"NSW","Inner Regional Australia","12-16","unlicensed_driving","Not applicable",1,0,12
2024,"NSW","Inner Regional Australia","17-25","mobile_phone_use","Police issued",40,0,0
2024,"NSW","Inner Regional Australia","17-25","non_wearing_seatbelts","Police issued",80,0,3
2024,"NSW","Inner Regional Australia","17-25","speed_fines","Police issued",1373,0,16
2024,"NSW","Inner Regional Australia","17-25","unlicensed_driving","Not applicable",39,0,134
2024,"NSW","Inner Regional Australia","26-39","mobile_phone_use","Police issued",47,0,0
2024,"NSW","Inner Regional Australia","26-39","non_wearing_seatbelts","Police issued",127,0,0
2024,"NSW","Inner Regional Australia","26-39","speed_fines","Police issued",2195,0,10
2024,"NSW","Inner Regional Australia","26-39","unlicensed_driving","Not applicable",97,0,288
2024,"NSW","Inner Regional Australia","40-64","mobile_phone_use","Police issued",39,0,0
2024,"NSW","Inner Regional Australia","40-64","non_wearing_seatbelts","Police issued",70,0,1
2024,"NSW","Inner Regional Australia","40-64","speed_fines","Police issued",2280,0,13
2024,"NSW","Inner Regional Australia","40-64","unlicensed_driving","Not applicable",60,0,170
2024,"NSW","Inner Regional Australia","65 and over","mobile_phone_use","Police issued",8,0,0
2024,"NSW","Inner Regional Australia","65 and over","non_wearing_seatbelts","Police issued",10,0,0
2024,"NSW","Inner Regional Australia","65 and over","speed_fines","Police issued",512,0,0
2024,"NSW","Inner Regional Australia","65 and over","unlicensed_driving","Not applicable",7,0,8
2024,"NSW","Major Cities of Australia","12-16","non_wearing_seatbelts","Police issued",4,0,3
2024,"NSW","Major Cities of Australia","12-16","speed_fines","Police issued",7,0,1
2024,"NSW","Major Cities of Australia","12-16","unlicensed_driving","Not applicable",1,0,17
2024,"NSW","Major Cities of Australia","17-25","mobile_phone_use","Police issued",326,0,7
2024,"NSW","Major Cities of Australia","17-25","non_wearing_seatbelts","Police issued",171,0,2
2024,"NSW","Major Cities of Australia","17-25","speed_fines","Police issued",2010,0,33
2024,"NSW","Major Cities of Australia","17-25","unlicensed_driving","Not applicable",143,0,431
2024,"NSW","Major Cities of Australia","26-39","mobile_phone_use","Police issued",313,0,4
2024,"NSW","Major Cities of Australia","26-39","non_wearing_seatbelts","Police issued",212,0,3
2024,"NSW","Major Cities of Australia","26-39","speed_fines","Police issued",2266,0,30
2024,"NSW","Major Cities of Australia","26-39","unlicensed_driving","Not applicable",169,0,643
2024,"NSW","Major Cities of Australia","40-64","mobile_phone_use","Police issued",192,0,3
