"vehicle_type","state_abb","year_of_manufacture","no_vehicles"
"Passenger vehicles","NSW","1913",3
"Passenger vehicles","NSW","1917",3
"Passenger vehicles","NSW","1922",3
"Passenger vehicles","NSW","1923",46
"Passenger vehicles","NSW","1924",12
"Passenger vehicles","NSW","1925",20
"Passenger vehicles","NSW","1926",26
"Passenger vehicles","NSW","1927",49
"Passenger vehicles","NSW","1928",207
"Passenger vehicles","NSW","1929",98
"Passenger vehicles","NSW","1930",82
"Passenger vehicles","NSW","1931",39
"Passenger vehicles","NSW","1932",241
"Passenger vehicles","NSW","1933",54
"Passenger vehicles","NSW","1934",234
"Passenger vehicles","NSW","1935",67
"Passenger vehicles","NSW","1936",71
"Passenger vehicles","NSW","1937",83
"Passenger vehicles","NSW","1938",54
"Passenger vehicles","NSW","1939",75
"Passenger vehicles","NSW","1940",47
"Passenger vehicles","NSW","1941",12
"Passenger vehicles","NSW","1942",12
"Passenger vehicles","NSW","1943",7
"Passenger vehicles","NSW","1944",12
"Passenger vehicles","NSW","1946",36
"Passenger vehicles","NSW","1947",51
"Passenger vehicles","NSW","1948",103
"Passenger vehicles","NSW","1949",93
"Passenger vehicles","NSW","1950",106
"Passenger vehicles","NSW","1951",121
"Passenger vehicles","NSW","1952",83
"Passenger vehicles","NSW","1953",129
"Passenger vehicles","NSW","1954",201
"Passenger vehicles","NSW","1955",290
"Passenger vehicles","NSW","1956",301
"Passenger vehicles","NSW","1957",451
"Passenger vehicles","NSW","1958",296
"Passenger vehicles","NSW","1959",393
"Passenger vehicles","NSW","1960",377
"Passenger vehicles","NSW","1961",313
"Passenger vehicles","NSW","1962",512
"Passenger vehicles","NSW","1963",705
"Passenger vehicles","NSW","1964",1244
"Passenger vehicles","NSW","1965",1132
"Passenger vehicles","NSW","1966",1299
"Passenger vehicles","NSW","1967",1340
"Passenger vehicles","NSW","1968",1357
"Passenger vehicles","NSW","1969",1565
"Passenger vehicles","NSW","1970",1994
"Passenger vehicles","NSW","1971",2145
"Passenger vehicles","NSW","1972",1472
"Passenger vehicles","NSW","1973",1444
"Passenger vehicles","NSW","1974",1665
"Passenger vehicles","NSW","1975",1299
"Passenger vehicles","NSW","1976",1380
"Passenger vehicles","NSW","1977",1326
"Passenger vehicles","NSW","1978",1240
"Passenger vehicles","NSW","1979",1032
"Passenger vehicles","NSW","1980",732
"Passenger vehicles","NSW","1981",869
"Passenger vehicles","NSW","1982",1087
"Passenger vehicles","NSW","1983",1045
"Passenger vehicles","NSW","1984",1666
"Passenger vehicles","NSW","1985",2330
"Passenger vehicles","NSW","1986",1754
"Passenger vehicles","NSW","1987",1546
"Passenger vehicles","NSW","1988",2335
"Passenger vehicles","NSW","1989",3594
"Passenger vehicles","NSW","1990",4769
"Passenger vehicles","NSW","1991",4986
"Passenger vehicles","NSW","1992",5898
"Passenger vehicles","NSW","1993",6970
"Passenger vehicles","NSW","1994",9394
"Passenger vehicles","NSW","1995",10993
"Passenger vehicles","NSW","1996",13086
"Passenger vehicles","NSW","1997",18923
"Passenger vehicles","NSW","1998",27294
"Passenger vehicles","NSW","1999",33342
"Passenger vehicles","NSW","2000",44549
"Passenger vehicles","NSW","2001",49978
"Passenger vehicles","NSW","2002",64386
"Passenger vehicles","NSW","2003",87598
"Passenger vehicles","NSW","2004",100921
"Passenger vehicles","NSW","2005",117848
"Passenger vehicles","NSW","2006",128635
"Passenger vehicles","NSW","2007",153241
"Passenger vehicles","NSW","2008",157781
"Passenger vehicles","NSW","2009",157622
"Passenger vehicles","NSW","2010",189648
"Passenger vehicles","NSW","2011",192045
"Passenger vehicles","NSW","2012",222887
"Passenger vehicles","NSW","2013",240573
"Passenger vehicles","NSW","2014",239142
"Passenger vehicles","NSW","2015",272257
"Passenger vehicles","NSW","2016",281893
"Passenger vehicles","NSW","2017",281613
"Passenger vehicles","NSW","2018",258764
"Passenger vehicles","NSW","2019",241042
"Passenger vehicles","NSW","2020",214258
"Passenger vehicles","NSW","2021",259657
"Passenger vehicles","NSW","2022",270377
"Passenger vehicles","NSW","2023",219223
"Passenger vehicles","NSW","2024",37
"Passenger vehicles","NSW","Not stated",64
"Passenger vehicles","Vic","1908",3
"Passenger vehicles","Vic","1916",3
"Passenger vehicles","Vic","1919",3
"Passenger vehicles","Vic","1922",5
"Passenger vehicles","Vic","1923",30
"Passenger vehicles","Vic","1924",26
"Passenger vehicles","Vic","1925",22
"Passenger vehicles","Vic","1926",32
"Passenger vehicles","Vic","1927",63
"Passenger vehicles","Vic","1928",217
"Passenger vehicles","Vic","1929",132
"Passenger vehicles","Vic","1930",96
"Passenger vehicles","Vic","1931",45
"Passenger vehicles","Vic","1932",264
"Passenger vehicles","Vic","1933",77
"Passenger vehicles","Vic","1934",297
"Passenger vehicles","Vic","1935",102
"Passenger vehicles","Vic","1936",108
"Passenger vehicles","Vic","1937",105
"Passenger vehicles","Vic","1938",90
"Passenger vehicles","Vic","1939",98
"Passenger vehicles","Vic","1940",54
"Passenger vehicles","Vic","1941",20
"Passenger vehicles","Vic","1942",21
"Passenger vehicles","Vic","1943",9
"Passenger vehicles","Vic","1944",5
"Passenger vehicles","Vic","1945",3
"Passenger vehicles","Vic","1946",47
"Passenger vehicles","Vic","1947",79
"Passenger vehicles","Vic","1948",125
"Passenger vehicles","Vic","1949",117
"Passenger vehicles","Vic","1950",144
"Passenger vehicles","Vic","1951",164
"Passenger vehicles","Vic","1952",137
"Passenger vehicles","Vic","1953",144
"Passenger vehicles","Vic","1954",275
"Passenger vehicles","Vic","1955",449
"Passenger vehicles","Vic","1956",393
"Passenger vehicles","Vic","1957",504
"Passenger vehicles","Vic","1958",318
"Passenger vehicles","Vic","1959",402
"Passenger vehicles","Vic","1960",349
"Passenger vehicles","Vic","1961",337
"Passenger vehicles","Vic","1962",581
"Passenger vehicles","Vic","1963",802
"Passenger vehicles","Vic","1964",1182
"Passenger vehicles","Vic","1965",1263
"Passenger vehicles","Vic","1966",1532
"Passenger vehicles","Vic","1967",1522
"Passenger vehicles","Vic","1968",1491
"Passenger vehicles","Vic","1969",1651
"Passenger vehicles","Vic","1970",2109
"Passenger vehicles","Vic","1971",2155
"Passenger vehicles","Vic","1972",1358
"Passenger vehicles","Vic","1973",1473
"Passenger vehicles","Vic","1974",1579
"Passenger vehicles","Vic","1975",1431
"Passenger vehicles","Vic","1976",1384
"Passenger vehicles","Vic","1977",1322
"Passenger vehicles","Vic","1978",1393
"Passenger vehicles","Vic","1979",1098
"Passenger vehicles","Vic","1980",836
"Passenger vehicles","Vic","1981",1057
"Passenger vehicles","Vic","1982",1131
"Passenger vehicles","Vic","1983",1234
"Passenger vehicles","Vic","1984",1811
"Passenger vehicles","Vic","1985",2388
"Passenger vehicles","Vic","1986",2066
"Passenger vehicles","Vic","1987",1870
"Passenger vehicles","Vic","1988",2910
"Passenger vehicles","Vic","1989",4269
"Passenger vehicles","Vic","1990",5639
"Passenger vehicles","Vic","1991",5341
"Passenger vehicles","Vic","1992",6454
"Passenger vehicles","Vic","1993",7556
"Passenger vehicles","Vic","1994",9294
"Passenger vehicles","Vic","1995",11092
"Passenger vehicles","Vic","1996",13425
"Passenger vehicles","Vic","1997",18765
"Passenger vehicles","Vic","1998",27621
"Passenger vehicles","Vic","1999",33930
"Passenger vehicles","Vic","2000",43628
"Passenger vehicles","Vic","2001",55862
"Passenger vehicles","Vic","2002",64775
"Passenger vehicles","Vic","2003",86405
"Passenger vehicles","Vic","2004",96854
"Passenger vehicles","Vic","2005",112692
"Passenger vehicles","Vic","2006",122275
"Passenger vehicles","Vic","2007",143592
"Passenger vehicles","Vic","2008",153027
"Passenger vehicles","Vic","2009",149160
"Passenger vehicles","Vic","2010",186288
"Passenger vehicles","Vic","2011",177173
"Passenger vehicles","Vic","2012",205274
"Passenger vehicles","Vic","2013",224394
"Passenger vehicles","Vic","2014",216947
"Passenger vehicles","Vic","2015",233851
"Passenger vehicles","Vic","2016",243145
"Passenger vehicles","Vic","2017",245596
"Passenger vehicles","Vic","2018",232537
"Passenger vehicles","Vic","2019",206120
"Passenger vehicles","Vic","2020",149726
"Passenger vehicles","Vic","2021",211557
"Passenger vehicles","Vic","2022",224974
"Passenger vehicles","Vic","2023",186432
"Passenger vehicles","Vic","2024",16
"Passenger vehicles","Vic","Not stated",93
"Passenger vehicles","Qld","1901",3
"Passenger vehicles","Qld","1903",3
"Passenger vehicles","Qld","1904",5
"Passenger vehicles","Qld","1905",4
"Passenger vehicles","Qld","1906",7
"Passenger vehicles","Qld","1907",4
"Passenger vehicles","Qld","1908",9
"Passenger vehicles","Qld","1909",11
"Passenger vehicles","Qld","1910",22
"Passenger vehicles","Qld","1911",21
"Passenger vehicles","Qld","1912",23
"Passenger vehicles","Qld","1913",17
"Passenger vehicles","Qld","1914",13
"Passenger vehicles","Qld","1915",26
"Passenger vehicles","Qld","1916",11
"Passenger vehicles","Qld","1917",19
"Passenger vehicles","Qld","1918",11
"Passenger vehicles","Qld","1919",8
"Passenger vehicles","Qld","1920",10
"Passenger vehicles","Qld","1921",10
"Passenger vehicles","Qld","1922",24
"Passenger vehicles","Qld","1923",166
"Passenger vehicles","Qld","1924",51
"Passenger vehicles","Qld","1925",87
"Passenger vehicles","Qld","1926",143
"Passenger vehicles","Qld","1927",204
"Passenger vehicles","Qld","1928",431
"Passenger vehicles","Qld","1929",316
"Passenger vehicles","Qld","1930",216
"Passenger vehicles","Qld","1931",79
"Passenger vehicles","Qld","1932",326
"Passenger vehicles","Qld","1933",73
"Passenger vehicles","Qld","1934",328
"Passenger vehicles","Qld","1935",119
"Passenger vehicles","Qld","1936",157
"Passenger vehicles","Qld","1937",136
"Passenger vehicles","Qld","1938",142
"Passenger vehicles","Qld","1939",151
"Passenger vehicles","Qld","1940",77
"Passenger vehicles","Qld","1941",49
"Passenger vehicles","Qld","1942",127
"Passenger vehicles","Qld","1943",66
"Passenger vehicles","Qld","1944",79
"Passenger vehicles","Qld","1945",12
"Passenger vehicles","Qld","1946",116
"Passenger vehicles","Qld","1947",135
"Passenger vehicles","Qld","1948",252
"Passenger vehicles","Qld","1949",237
"Passenger vehicles","Qld","1950",250
"Passenger vehicles","Qld","1951",302
"Passenger vehicles","Qld","1952",176
"Passenger vehicles","Qld","1953",325
"Passenger vehicles","Qld","1954",529
"Passenger vehicles","Qld","1955",678
"Passenger vehicles","Qld","1956",575
"Passenger vehicles","Qld","1957",868
"Passenger vehicles","Qld","1958",630
"Passenger vehicles","Qld","1959",650
"Passenger vehicles","Qld","1960",819
"Passenger vehicles","Qld","1961",655
"Passenger vehicles","Qld","1962",1125
"Passenger vehicles","Qld","1963",1312
"Passenger vehicles","Qld","1964",2343
"Passenger vehicles","Qld","1965",2164
"Passenger vehicles","Qld","1966",2444
"Passenger vehicles","Qld","1967",2486
"Passenger vehicles","Qld","1968",2595
"Passenger vehicles","Qld","1969",2746
"Passenger vehicles","Qld","1970",3409
"Passenger vehicles","Qld","1971",3741
"Passenger vehicles","Qld","1972",2334
"Passenger vehicles","Qld","1973",2418
"Passenger vehicles","Qld","1974",2581
"Passenger vehicles","Qld","1975",1987
"Passenger vehicles","Qld","1976",2327
"Passenger vehicles","Qld","1977",2145
"Passenger vehicles","Qld","1978",2116
"Passenger vehicles","Qld","1979",1730
"Passenger vehicles","Qld","1980",1400
"Passenger vehicles","Qld","1981",1448
"Passenger vehicles","Qld","1982",1585
"Passenger vehicles","Qld","1983",1383
"Passenger vehicles","Qld","1984",2074
"Passenger vehicles","Qld","1985",2460
"Passenger vehicles","Qld","1986",1995
"Passenger vehicles","Qld","1987",1689
"Passenger vehicles","Qld","1988",2837
"Passenger vehicles","Qld","1989",4213
"Passenger vehicles","Qld","1990",5119
"Passenger vehicles","Qld","1991",5141
"Passenger vehicles","Qld","1992",6056
"Passenger vehicles","Qld","1993",7017
"Passenger vehicles","Qld","1994",8091
"Passenger vehicles","Qld","1995",9032
"Passenger vehicles","Qld","1996",10280
"Passenger vehicles","Qld","1997",14956
"Passenger vehicles","Qld","1998",19964
"Passenger vehicles","Qld","1999",23976
"Passenger vehicles","Qld","2000",31090
"Passenger vehicles","Qld","2001",33930
"Passenger vehicles","Qld","2002",44940
"Passenger vehicles","Qld","2003",62821
"Passenger vehicles","Qld","2004",75853
"Passenger vehicles","Qld","2005",89942
"Passenger vehicles","Qld","2006",98198
"Passenger vehicles","Qld","2007",117494
"Passenger vehicles","Qld","2008",114721
"Passenger vehicles","Qld","2009",110193
"Passenger vehicles","Qld","2010",136260
"Passenger vehicles","Qld","2011",138497
"Passenger vehicles","Qld","2012",159675
"Passenger vehicles","Qld","2013",169041
"Passenger vehicles","Qld","2014",158395
"Passenger vehicles","Qld","2015",178898
"Passenger vehicles","Qld","2016",172877
"Passenger vehicles","Qld","2017",177197
"Passenger vehicles","Qld","2018",168472
"Passenger vehicles","Qld","2019",152737
"Passenger vehicles","Qld","2020",137503
"Passenger vehicles","Qld","2021",167029
"Passenger vehicles","Qld","2022",182823
"Passenger vehicles","Qld","2023",151969
"Passenger vehicles","Qld","2024",25
"Passenger vehicles","Qld","Not stated",467
"Passenger vehicles","SA","1904",4
"Passenger vehicles","SA","1905",3
"Passenger vehicles","SA","1906",3
"Passenger vehicles","SA","1907",6
"Passenger vehicles","SA","1908",6
"Passenger vehicles","SA","1909",6
"Passenger vehicles","SA","1910",9
"Passenger vehicles","SA","1911",8
"Passenger vehicles","SA","1912",15
"Passenger vehicles","SA","1913",21
"Passenger vehicles","SA","1914",13
"Passenger vehicles","SA","1915",11
"Passenger vehicles","SA","1916",10
"Passenger vehicles","SA","1917",7
"Passenger vehicles","SA","1918",10
"Passenger vehicles","SA","1919",6
"Passenger vehicles","SA","1920",6
"Passenger vehicles","SA","1921",5
"Passenger vehicles","SA","1922",19
"Passenger vehicles","SA","1923",58
"Passenger vehicles","SA","1924",64
"Passenger vehicles","SA","1925",80
"Passenger vehicles","SA","1926",88
"Passenger vehicles","SA","1927",113
"Passenger vehicles","SA","1928",186
"Passenger vehicles","SA","1929",180
"Passenger vehicles","SA","1930",65
"Passenger vehicles","SA","1931",16
"Passenger vehicles","SA","1932",73
"Passenger vehicles","SA","1933",44
"Passenger vehicles","SA","1934",99
"Passenger vehicles","SA","1935",73
"Passenger vehicles","SA","1936",64
"Passenger vehicles","SA","1937",99
"Passenger vehicles","SA","1938",90
"Passenger vehicles","SA","1939",71
"Passenger vehicles","SA","1940",30
"Passenger vehicles","SA","1941",8
"Passenger vehicles","SA","1942",24
"Passenger vehicles","SA","1943",12
"Passenger vehicles","SA","1944",11
"Passenger vehicles","SA","1945",8
"Passenger vehicles","SA","1946",44
"Passenger vehicles","SA","1947",85
"Passenger vehicles","SA","1948",163
"Passenger vehicles","SA","1949",164
"Passenger vehicles","SA","1950",146
"Passenger vehicles","SA","1951",154
"Passenger vehicles","SA","1952",134
"Passenger vehicles","SA","1953",147
"Passenger vehicles","SA","1954",285
"Passenger vehicles","SA","1955",370
"Passenger vehicles","SA","1956",254
"Passenger vehicles","SA","1957",386
"Passenger vehicles","SA","1958",284
"Passenger vehicles","SA","1959",374
"Passenger vehicles","SA","1960",399
"Passenger vehicles","SA","1961",293
"Passenger vehicles","SA","1962",593
"Passenger vehicles","SA","1963",674
"Passenger vehicles","SA","1964",959
"Passenger vehicles","SA","1965",1123
"Passenger vehicles","SA","1966",1307
"Passenger vehicles","SA","1967",1297
"Passenger vehicles","SA","1968",1500
"Passenger vehicles","SA","1969",1552
"Passenger vehicles","SA","1970",1914
"Passenger vehicles","SA","1971",1854
"Passenger vehicles","SA","1972",1316
"Passenger vehicles","SA","1973",1249
"Passenger vehicles","SA","1974",1376
"Passenger vehicles","SA","1975",1158
"Passenger vehicles","SA","1976",1292
"Passenger vehicles","SA","1977",1183
"Passenger vehicles","SA","1978",1188
"Passenger vehicles","SA","1979",908
"Passenger vehicles","SA","1980",646
"Passenger vehicles","SA","1981",638
"Passenger vehicles","SA","1982",803
"Passenger vehicles","SA","1983",755
"Passenger vehicles","SA","1984",1181
"Passenger vehicles","SA","1985",1328
"Passenger vehicles","SA","1986",1183
"Passenger vehicles","SA","1987",1006
"Passenger vehicles","SA","1988",1500
"Passenger vehicles","SA","1989",1990
"Passenger vehicles","SA","1990",2771
"Passenger vehicles","SA","1991",2670
"Passenger vehicles","SA","1992",3217
"Passenger vehicles","SA","1993",3595
"Passenger vehicles","SA","1994",4374
"Passenger vehicles","SA","1995",5371
"Passenger vehicles","SA","1996",6027
"Passenger vehicles","SA","1997",8415
"Passenger vehicles","SA","1998",11531
"Passenger vehicles","SA","1999",12770
"Passenger vehicles","SA","2000",16641
"Passenger vehicles","SA","2001",18833
"Passenger vehicles","SA","2002",23877
"Passenger vehicles","SA","2003",31360
"Passenger vehicles","SA","2004",33890
"Passenger vehicles","SA","2005",38727
"Passenger vehicles","SA","2006",40629
"Passenger vehicles","SA","2007",44729
"Passenger vehicles","SA","2008",46093
"Passenger vehicles","SA","2009",42689
"Passenger vehicles","SA","2010",53034
"Passenger vehicles","SA","2011",50076
"Passenger vehicles","SA","2012",56740
"Passenger vehicles","SA","2013",59363
"Passenger vehicles","SA","2014",55033
"Passenger vehicles","SA","2015",57720
"Passenger vehicles","SA","2016",59104
"Passenger vehicles","SA","2017",61910
"Passenger vehicles","SA","2018",57696
"Passenger vehicles","SA","2019",49530
"Passenger vehicles","SA","2020",43714
"Passenger vehicles","SA","2021",51727
"Passenger vehicles","SA","2022",55076
"Passenger vehicles","SA","2023",45810
"Passenger vehicles","SA","Not stated",11
"Passenger vehicles","WA","1901",3
"Passenger vehicles","WA","1903",3
"Passenger vehicles","WA","1904",5
"Passenger vehicles","WA","1906",3
"Passenger vehicles","WA","1908",4
"Passenger vehicles","WA","1909",6
"Passenger vehicles","WA","1910",8
"Passenger vehicles","WA","1911",12
"Passenger vehicles","WA","1912",15
"Passenger vehicles","WA","1913",13
"Passenger vehicles","WA","1914",23
"Passenger vehicles","WA","1915",24
"Passenger vehicles","WA","1916",7
"Passenger vehicles","WA","1917",6
"Passenger vehicles","WA","1918",7
"Passenger vehicles","WA","1919",3
"Passenger vehicles","WA","1920",4
"Passenger vehicles","WA","1921",5
"Passenger vehicles","WA","1922",8
"Passenger vehicles","WA","1923",89
"Passenger vehicles","WA","1924",38
"Passenger vehicles","WA","1925",54
"Passenger vehicles","WA","1926",95
"Passenger vehicles","WA","1927",134
"Passenger vehicles","WA","1928",217
"Passenger vehicles","WA","1929",205
"Passenger vehicles","WA","1930",103
"Passenger vehicles","WA","1931",39
"Passenger vehicles","WA","1932",127
"Passenger vehicles","WA","1933",55
"Passenger vehicles","WA","1934",152
"Passenger vehicles","WA","1935",80
"Passenger vehicles","WA","1936",91
"Passenger vehicles","WA","1937",102
"Passenger vehicles","WA","1938",92
"Passenger vehicles","WA","1939",75
"Passenger vehicles","WA","1940",46
"Passenger vehicles","WA","1941",13
"Passenger vehicles","WA","1942",42
"Passenger vehicles","WA","1943",14
"Passenger vehicles","WA","1944",27
"Passenger vehicles","WA","1945",17
"Passenger vehicles","WA","1946",91
"Passenger vehicles","WA","1947",91
"Passenger vehicles","WA","1948",193
"Passenger vehicles","WA","1949",167
"Passenger vehicles","WA","1950",160
"Passenger vehicles","WA","1951",162
"Passenger vehicles","WA","1952",149
"Passenger vehicles","WA","1953",196
"Passenger vehicles","WA","1954",279
"Passenger vehicles","WA","1955",334
"Passenger vehicles","WA","1956",271
"Passenger vehicles","WA","1957",465
"Passenger vehicles","WA","1958",351
"Passenger vehicles","WA","1959",382
"Passenger vehicles","WA","1960",433
"Passenger vehicles","WA","1961",343
"Passenger vehicles","WA","1962",688
"Passenger vehicles","WA","1963",731
"Passenger vehicles","WA","1964",1079
"Passenger vehicles","WA","1965",1015
"Passenger vehicles","WA","1966",1306
"Passenger vehicles","WA","1967",1261
"Passenger vehicles","WA","1968",1494
"Passenger vehicles","WA","1969",1752
"Passenger vehicles","WA","1970",1938
"Passenger vehicles","WA","1971",2191
"Passenger vehicles","WA","1972",1364
"Passenger vehicles","WA","1973",1389
"Passenger vehicles","WA","1974",1576
"Passenger vehicles","WA","1975",1136
"Passenger vehicles","WA","1976",1421
"Passenger vehicles","WA","1977",1590
"Passenger vehicles","WA","1978",1357
"Passenger vehicles","WA","1979",998
"Passenger vehicles","WA","1980",671
"Passenger vehicles","WA","1981",777
"Passenger vehicles","WA","1982",826
"Passenger vehicles","WA","1983",839
"Passenger vehicles","WA","1984",1121
"Passenger vehicles","WA","1985",1393
"Passenger vehicles","WA","1986",1175
"Passenger vehicles","WA","1987",1181
"Passenger vehicles","WA","1988",1971
"Passenger vehicles","WA","1989",2587
"Passenger vehicles","WA","1990",2824
"Passenger vehicles","WA","1991",2648
"Passenger vehicles","WA","1992",3298
"Passenger vehicles","WA","1993",4180
"Passenger vehicles","WA","1994",4888
"Passenger vehicles","WA","1995",5347
"Passenger vehicles","WA","1996",6465
"Passenger vehicles","WA","1997",8621
"Passenger vehicles","WA","1998",11907
"Passenger vehicles","WA","1999",13331
"Passenger vehicles","WA","2000",17353
"Passenger vehicles","WA","2001",19026
"Passenger vehicles","WA","2002",25088
"Passenger vehicles","WA","2003",35584
"Passenger vehicles","WA","2004",43116
"Passenger vehicles","WA","2005",53396
"Passenger vehicles","WA","2006",63332
"Passenger vehicles","WA","2007",71829
"Passenger vehicles","WA","2008",74256
"Passenger vehicles","WA","2009",66771
"Passenger vehicles","WA","2010",85683
"Passenger vehicles","WA","2011",77926
"Passenger vehicles","WA","2012",96042
"Passenger vehicles","WA","2013",98030
"Passenger vehicles","WA","2014",90883
"Passenger vehicles","WA","2015",88915
"Passenger vehicles","WA","2016",88724
"Passenger vehicles","WA","2017",86119
"Passenger vehicles","WA","2018",84427
"Passenger vehicles","WA","2019",80209
"Passenger vehicles","WA","2020",69651
"Passenger vehicles","WA","2021",88349
"Passenger vehicles","WA","2022",82789
"Passenger vehicles","WA","2023",73636
"Passenger vehicles","WA","2024",19
"Passenger vehicles","WA","Not stated",3
"Passenger vehicles","Tas","1906",3
"Passenger vehicles","Tas","1907",4
"Passenger vehicles","Tas","1908",3
"Passenger vehicles","Tas","1909",3
"Passenger vehicles","Tas","1910",4
"Passenger vehicles","Tas","1911",3
"Passenger vehicles","Tas","1912",3
"Passenger vehicles","Tas","1913",9
"Passenger vehicles","Tas","1915",7
"Passenger vehicles","Tas","1916",3
"Passenger vehicles","Tas","1917",4
"Passenger vehicles","Tas","1921",3
"Passenger vehicles","Tas","1922",3
"Passenger vehicles","Tas","1923",10
"Passenger vehicles","Tas","1925",12
"Passenger vehicles","Tas","1926",12
"Passenger vehicles","Tas","1927",7
"Passenger vehicles","Tas","1928",31
"Passenger vehicles","Tas","1929",22
"Passenger vehicles","Tas","1930",20
"Passenger vehicles","Tas","1931",3
"Passenger vehicles","Tas","1932",15
"Passenger vehicles","Tas","1933",7
"Passenger vehicles","Tas","1934",26
"Passenger vehicles","Tas","1935",15
"Passenger vehicles","Tas","1936",11
"Passenger vehicles","Tas","1937",10
"Passenger vehicles","Tas","1938",15
"Passenger vehicles","Tas","1939",8
"Passenger vehicles","Tas","1940",6
"Passenger vehicles","Tas","1941",3
"Passenger vehicles","Tas","1943",4
"Passenger vehicles","Tas","1944",4
"Passenger vehicles","Tas","1946",7
"Passenger vehicles","Tas","1947",11
"Passenger vehicles","Tas","1948",25
"Passenger vehicles","Tas","1949",14
"Passenger vehicles","Tas","1950",16
"Passenger vehicles","Tas","1951",19
"Passenger vehicles","Tas","1952",17
"Passenger vehicles","Tas","1953",28
"Passenger vehicles","Tas","1954",41
"Passenger vehicles","Tas","1955",36
"Passenger vehicles","Tas","1956",44
"Passenger vehicles","Tas","1957",37
"Passenger vehicles","Tas","1958",41
"Passenger vehicles","Tas","1959",40
"Passenger vehicles","Tas","1960",45
"Passenger vehicles","Tas","1961",43
"Passenger vehicles","Tas","1962",80
"Passenger vehicles","Tas","1963",90
"Passenger vehicles","Tas","1964",132
"Passenger vehicles","Tas","1965",76
"Passenger vehicles","Tas","1966",126
"Passenger vehicles","Tas","1967",130
"Passenger vehicles","Tas","1968",125
"Passenger vehicles","Tas","1969",122
"Passenger vehicles","Tas","1970",155
"Passenger vehicles","Tas","1971",218
"Passenger vehicles","Tas","1972",148
"Passenger vehicles","Tas","1973",154
"Passenger vehicles","Tas","1974",203
"Passenger vehicles","Tas","1975",202
"Passenger vehicles","Tas","1976",227
"Passenger vehicles","Tas","1977",261
"Passenger vehicles","Tas","1978",234
"Passenger vehicles","Tas","1979",206
"Passenger vehicles","Tas","1980",192
"Passenger vehicles","Tas","1981",175
"Passenger vehicles","Tas","1982",197
"Passenger vehicles","Tas","1983",251
"Passenger vehicles","Tas","1984",390
"Passenger vehicles","Tas","1985",492
"Passenger vehicles","Tas","1986",379
"Passenger vehicles","Tas","1987",338
"Passenger vehicles","Tas","1988",514
"Passenger vehicles","Tas","1989",940
"Passenger vehicles","Tas","1990",1083
"Passenger vehicles","Tas","1991",1061
"Passenger vehicles","Tas","1992",1314
"Passenger vehicles","Tas","1993",1637
"Passenger vehicles","Tas","1994",1901
"Passenger vehicles","Tas","1995",2076
"Passenger vehicles","Tas","1996",2357
"Passenger vehicles","Tas","1997",3281
"Passenger vehicles","Tas","1998",4396
"Passenger vehicles","Tas","1999",4795
"Passenger vehicles","Tas","2000",6308
"Passenger vehicles","Tas","2001",6926
"Passenger vehicles","Tas","2002",8202
"Passenger vehicles","Tas","2003",10092
"Passenger vehicles","Tas","2004",11512
"Passenger vehicles","Tas","2005",12678
"Passenger vehicles","Tas","2006",13678
"Passenger vehicles","Tas","2007",14453
"Passenger vehicles","Tas","2008",14407
"Passenger vehicles","Tas","2009",13332
"Passenger vehicles","Tas","2010",15736
"Passenger vehicles","Tas","2011",14133
"Passenger vehicles","Tas","2012",15607
"Passenger vehicles","Tas","2013",17430
"Passenger vehicles","Tas","2014",16056
"Passenger vehicles","Tas","2015",16782
"Passenger vehicles","Tas","2016",16501
"Passenger vehicles","Tas","2017",15752
"Passenger vehicles","Tas","2018",16194
"Passenger vehicles","Tas","2019",15084
"Passenger vehicles","Tas","2020",11114
"Passenger vehicles","Tas","2021",15453
"Passenger vehicles","Tas","2022",15925
"Passenger vehicles","Tas","2023",11693
"Passenger vehicles","Tas","2024",3
"Passenger vehicles","NT","1904",3
"Passenger vehicles","NT","1923",5
"Passenger vehicles","NT","1925",4
"Passenger vehicles","NT","1927",4
"Passenger vehicles","NT","1928",8
"Passenger vehicles","NT","1932",6
"Passenger vehicles","NT","1934",7
"Passenger vehicles","NT","1936",3
"Passenger vehicles","NT","1938",4
"Passenger vehicles","NT","1941",3
"Passenger vehicles","NT","1942",8
"Passenger vehicles","NT","1943",4
"Passenger vehicles","NT","1948",6
"Passenger vehicles","NT","1949",4
"Passenger vehicles","NT","1951",3
"Passenger vehicles","NT","1952",4
"Passenger vehicles","NT","1953",5
"Passenger vehicles","NT","1954",8
"Passenger vehicles","NT","1955",7
"Passenger vehicles","NT","1956",5
"Passenger vehicles","NT","1957",10
"Passenger vehicles","NT","1958",7
"Passenger vehicles","NT","1959",8
"Passenger vehicles","NT","1960",16
"Passenger vehicles","NT","1961",5
"Passenger vehicles","NT","1962",15
"Passenger vehicles","NT","1963",17
"Passenger vehicles","NT","1964",24
"Passenger vehicles","NT","1965",29
"Passenger vehicles","NT","1966",37
"Passenger vehicles","NT","1967",41
"Passenger vehicles","NT","1968",38
"Passenger vehicles","NT","1969",48
"Passenger vehicles","NT","1970",48
"Passenger vehicles","NT","1971",44
"Passenger vehicles","NT","1972",18
"Passenger vehicles","NT","1973",36
"Passenger vehicles","NT","1974",35
"Passenger vehicles","NT","1975",38
"Passenger vehicles","NT","1976",34
"Passenger vehicles","NT","1977",37
"Passenger vehicles","NT","1978",44
"Passenger vehicles","NT","1979",25
"Passenger vehicles","NT","1980",23
"Passenger vehicles","NT","1981",31
"Passenger vehicles","NT","1982",29
"Passenger vehicles","NT","1983",32
"Passenger vehicles","NT","1984",51
"Passenger vehicles","NT","1985",55
"Passenger vehicles","NT","1986",48
"Passenger vehicles","NT","1987",23
"Passenger vehicles","NT","1988",49
"Passenger vehicles","NT","1989",89
"Passenger vehicles","NT","1990",105
"Passenger vehicles","NT","1991",98
"Passenger vehicles","NT","1992",176
"Passenger vehicles","NT","1993",155
"Passenger vehicles","NT","1994",207
"Passenger vehicles","NT","1995",232
"Passenger vehicles","NT","1996",277
"Passenger vehicles","NT","1997",418
"Passenger vehicles","NT","1998",637
"Passenger vehicles","NT","1999",707
"Passenger vehicles","NT","2000",857
"Passenger vehicles","NT","2001",937
"Passenger vehicles","NT","2002",1292
"Passenger vehicles","NT","2003",1723
"Passenger vehicles","NT","2004",2119
"Passenger vehicles","NT","2005",2340
"Passenger vehicles","NT","2006",2856
"Passenger vehicles","NT","2007",3371
"Passenger vehicles","NT","2008",3571
"Passenger vehicles","NT","2009",3512
"Passenger vehicles","NT","2010",4178
"Passenger vehicles","NT","2011",4236
"Passenger vehicles","NT","2012",4876
"Passenger vehicles","NT","2013",5182
"Passenger vehicles","NT","2014",5028
"Passenger vehicles","NT","2015",5363
"Passenger vehicles","NT","2016",5615
"Passenger vehicles","NT","2017",5441
"Passenger vehicles","NT","2018",5433
"Passenger vehicles","NT","2019",4828
"Passenger vehicles","NT","2020",4623
"Passenger vehicles","NT","2021",6443
"Passenger vehicles","NT","2022",6291
"Passenger vehicles","NT","2023",5123
"Passenger vehicles","ACT","1904",3
"Passenger vehicles","ACT","1910",3
"Passenger vehicles","ACT","1912",3
"Passenger vehicles","ACT","1913",3
"Passenger vehicles","ACT","1915",3
"Passenger vehicles","ACT","1917",3
"Passenger vehicles","ACT","1922",3
"Passenger vehicles","ACT","1923",4
"Passenger vehicles","ACT","1924",7
"Passenger vehicles","ACT","1925",3
"Passenger vehicles","ACT","1926",7
"Passenger vehicles","ACT","1927",4
"Passenger vehicles","ACT","1928",16
"Passenger vehicles","ACT","1929",6
"Passenger vehicles","ACT","1930",10
"Passenger vehicles","ACT","1931",3
"Passenger vehicles","ACT","1932",8
"Passenger vehicles","ACT","1933",4
"Passenger vehicles","ACT","1934",7
"Passenger vehicles","ACT","1935",5
"Passenger vehicles","ACT","1936",5
"Passenger vehicles","ACT","1937",7
"Passenger vehicles","ACT","1938",8
"Passenger vehicles","ACT","1939",6
"Passenger vehicles","ACT","1940",3
"Passenger vehicles","ACT","1942",3
"Passenger vehicles","ACT","1944",3
"Passenger vehicles","ACT","1945",3
"Passenger vehicles","ACT","1946",3
"Passenger vehicles","ACT","1947",6
"Passenger vehicles","ACT","1948",10
"Passenger vehicles","ACT","1949",14
"Passenger vehicles","ACT","1950",19
"Passenger vehicles","ACT","1951",11
"Passenger vehicles","ACT","1952",10
"Passenger vehicles","ACT","1953",7
"Passenger vehicles","ACT","1954",16
"Passenger vehicles","ACT","1955",30
"Passenger vehicles","ACT","1956",19
"Passenger vehicles","ACT","1957",28
"Passenger vehicles","ACT","1958",32
"Passenger vehicles","ACT","1959",35
"Passenger vehicles","ACT","1960",35
"Passenger vehicles","ACT","1961",30
"Passenger vehicles","ACT","1962",53
"Passenger vehicles","ACT","1963",57
"Passenger vehicles","ACT","1964",119
"Passenger vehicles","ACT","1965",73
"Passenger vehicles","ACT","1966",102
"Passenger vehicles","ACT","1967",130
"Passenger vehicles","ACT","1968",111
"Passenger vehicles","ACT","1969",134
"Passenger vehicles","ACT","1970",157
"Passenger vehicles","ACT","1971",173
"Passenger vehicles","ACT","1972",99
"Passenger vehicles","ACT","1973",116
"Passenger vehicles","ACT","1974",153
"Passenger vehicles","ACT","1975",101
"Passenger vehicles","ACT","1976",124
"Passenger vehicles","ACT","1977",103
"Passenger vehicles","ACT","1978",117
"Passenger vehicles","ACT","1979",93
"Passenger vehicles","ACT","1980",56
"Passenger vehicles","ACT","1981",76
"Passenger vehicles","ACT","1982",84
"Passenger vehicles","ACT","1983",93
"Passenger vehicles","ACT","1984",97
"Passenger vehicles","ACT","1985",120
"Passenger vehicles","ACT","1986",120
"Passenger vehicles","ACT","1987",106
"Passenger vehicles","ACT","1988",146
"Passenger vehicles","ACT","1989",196
"Passenger vehicles","ACT","1990",252
"Passenger vehicles","ACT","1991",245
"Passenger vehicles","ACT","1992",301
"Passenger vehicles","ACT","1993",365
"Passenger vehicles","ACT","1994",438
"Passenger vehicles","ACT","1995",475
"Passenger vehicles","ACT","1996",555
"Passenger vehicles","ACT","1997",902
"Passenger vehicles","ACT","1998",1318
"Passenger vehicles","ACT","1999",1539
"Passenger vehicles","ACT","2000",2166
"Passenger vehicles","ACT","2001",2512
"Passenger vehicles","ACT","2002",3212
"Passenger vehicles","ACT","2003",4473
"Passenger vehicles","ACT","2004",5196
"Passenger vehicles","ACT","2005",6236
"Passenger vehicles","ACT","2006",7369
"Passenger vehicles","ACT","2007",9163
"Passenger vehicles","ACT","2008",9438
"Passenger vehicles","ACT","2009",9753
"Passenger vehicles","ACT","2010",12009
"Passenger vehicles","ACT","2011",12068
"Passenger vehicles","ACT","2012",14716
"Passenger vehicles","ACT","2013",15677
"Passenger vehicles","ACT","2014",14867
"Passenger vehicles","ACT","2015",16545
"Passenger vehicles","ACT","2016",17413
"Passenger vehicles","ACT","2017",17321
"Passenger vehicles","ACT","2018",16420
"Passenger vehicles","ACT","2019",15503
"Passenger vehicles","ACT","2020",14875
"Passenger vehicles","ACT","2021",13860
"Passenger vehicles","ACT","2022",14777
"Passenger vehicles","ACT","2023",12368
"Passenger vehicles","ACT","Not stated",7
"Light commercial vehicles","NSW","1901",3
"Light commercial vehicles","NSW","1923",6
"Light commercial vehicles","NSW","1926",6
"Light commercial vehicles","NSW","1927",14
"Light commercial vehicles","NSW","1928",77
"Light commercial vehicles","NSW","1929",20
"Light commercial vehicles","NSW","1930",10
"Light commercial vehicles","NSW","1931",9
"Light commercial vehicles","NSW","1932",18
"Light commercial vehicles","NSW","1933",9
"Light commercial vehicles","NSW","1934",19
"Light commercial vehicles","NSW","1935",16
"Light commercial vehicles","NSW","1936",19
"Light commercial vehicles","NSW","1937",31
"Light commercial vehicles","NSW","1938",23
"Light commercial vehicles","NSW","1939",17
"Light commercial vehicles","NSW","1940",18
"Light commercial vehicles","NSW","1941",16
"Light commercial vehicles","NSW","1942",75
"Light commercial vehicles","NSW","1943",20
"Light commercial vehicles","NSW","1944",28
"Light commercial vehicles","NSW","1945",3
"Light commercial vehicles","NSW","1946",41
"Light commercial vehicles","NSW","1947",25
"Light commercial vehicles","NSW","1948",68
"Light commercial vehicles","NSW","1949",33
"Light commercial vehicles","NSW","1950",30
"Light commercial vehicles","NSW","1951",41
"Light commercial vehicles","NSW","1952",57
"Light commercial vehicles","NSW","1953",77
"Light commercial vehicles","NSW","1954",87
"Light commercial vehicles","NSW","1955",127
"Light commercial vehicles","NSW","1956",135
"Light commercial vehicles","NSW","1957",67
"Light commercial vehicles","NSW","1958",82
"Light commercial vehicles","NSW","1959",77
"Light commercial vehicles","NSW","1960",69
"Light commercial vehicles","NSW","1961",76
"Light commercial vehicles","NSW","1962",100
"Light commercial vehicles","NSW","1963",114
"Light commercial vehicles","NSW","1964",211
"Light commercial vehicles","NSW","1965",127
"Light commercial vehicles","NSW","1966",152
"Light commercial vehicles","NSW","1967",164
"Light commercial vehicles","NSW","1968",111
"Light commercial vehicles","NSW","1969",125
"Light commercial vehicles","NSW","1970",194
"Light commercial vehicles","NSW","1971",303
"Light commercial vehicles","NSW","1972",351
"Light commercial vehicles","NSW","1973",343
"Light commercial vehicles","NSW","1974",519
"Light commercial vehicles","NSW","1975",470
"Light commercial vehicles","NSW","1976",556
"Light commercial vehicles","NSW","1977",556
"Light commercial vehicles","NSW","1978",698
"Light commercial vehicles","NSW","1979",644
"Light commercial vehicles","NSW","1980",521
"Light commercial vehicles","NSW","1981",664
"Light commercial vehicles","NSW","1982",602
"Light commercial vehicles","NSW","1983",533
"Light commercial vehicles","NSW","1984",1062
"Light commercial vehicles","NSW","1985",1256
"Light commercial vehicles","NSW","1986",731
"Light commercial vehicles","NSW","1987",714
"Light commercial vehicles","NSW","1988",1640
"Light commercial vehicles","NSW","1989",2379
"Light commercial vehicles","NSW","1990",2874
"Light commercial vehicles","NSW","1991",2639
"Light commercial vehicles","NSW","1992",3376
"Light commercial vehicles","NSW","1993",3441
"Light commercial vehicles","NSW","1994",4566
"Light commercial vehicles","NSW","1995",5031
"Light commercial vehicles","NSW","1996",5615
"Light commercial vehicles","NSW","1997",6999
"Light commercial vehicles","NSW","1998",9458
"Light commercial vehicles","NSW","1999",11553
"Light commercial vehicles","NSW","2000",12212
"Light commercial vehicles","NSW","2001",12331
"Light commercial vehicles","NSW","2002",15892
"Light commercial vehicles","NSW","2003",20466
"Light commercial vehicles","NSW","2004",23199
"Light commercial vehicles","NSW","2005",26006
"Light commercial vehicles","NSW","2006",25296
"Light commercial vehicles","NSW","2007",28658
"Light commercial vehicles","NSW","2008",35676
"Light commercial vehicles","NSW","2009",33919
"Light commercial vehicles","NSW","2010",38094
"Light commercial vehicles","NSW","2011",36460
"Light commercial vehicles","NSW","2012",46661
"Light commercial vehicles","NSW","2013",48968
"Light commercial vehicles","NSW","2014",48534
"Light commercial vehicles","NSW","2015",54195
"Light commercial vehicles","NSW","2016",60709
"Light commercial vehicles","NSW","2017",67087
"Light commercial vehicles","NSW","2018",67970
"Light commercial vehicles","NSW","2019",59779
"Light commercial vehicles","NSW","2020",56916
"Light commercial vehicles","NSW","2021",78041
"Light commercial vehicles","NSW","2022",71713
"Light commercial vehicles","NSW","2023",56675
"Light commercial vehicles","NSW","2024",21
"Light commercial vehicles","NSW","Not stated",48
"Light commercial vehicles","Vic","1906",3
"Light commercial vehicles","Vic","1909",3
"Light commercial vehicles","Vic","1918",3
"Light commercial vehicles","Vic","1920",3
"Light commercial vehicles","Vic","1923",5
"Light commercial vehicles","Vic","1924",4
"Light commercial vehicles","Vic","1926",5
"Light commercial vehicles","Vic","1927",13
"Light commercial vehicles","Vic","1928",60
"Light commercial vehicles","Vic","1929",22
"Light commercial vehicles","Vic","1930",12
"Light commercial vehicles","Vic","1931",6
"Light commercial vehicles","Vic","1932",21
"Light commercial vehicles","Vic","1933",9
"Light commercial vehicles","Vic","1934",14
"Light commercial vehicles","Vic","1935",16
"Light commercial vehicles","Vic","1936",19
"Light commercial vehicles","Vic","1937",22
"Light commercial vehicles","Vic","1938",14
"Light commercial vehicles","Vic","1939",16
"Light commercial vehicles","Vic","1940",19
"Light commercial vehicles","Vic","1941",12
"Light commercial vehicles","Vic","1942",39
"Light commercial vehicles","Vic","1943",14
"Light commercial vehicles","Vic","1944",12
"Light commercial vehicles","Vic","1945",5
"Light commercial vehicles","Vic","1946",40
"Light commercial vehicles","Vic","1947",26
"Light commercial vehicles","Vic","1948",67
"Light commercial vehicles","Vic","1949",35
"Light commercial vehicles","Vic","1950",53
"Light commercial vehicles","Vic","1951",54
"Light commercial vehicles","Vic","1952",74
"Light commercial vehicles","Vic","1953",92
"Light commercial vehicles","Vic","1954",126
"Light commercial vehicles","Vic","1955",147
"Light commercial vehicles","Vic","1956",179
"Light commercial vehicles","Vic","1957",100
"Light commercial vehicles","Vic","1958",101
"Light commercial vehicles","Vic","1959",119
"Light commercial vehicles","Vic","1960",107
"Light commercial vehicles","Vic","1961",121
"Light commercial vehicles","Vic","1962",140
"Light commercial vehicles","Vic","1963",168
"Light commercial vehicles","Vic","1964",313
"Light commercial vehicles","Vic","1965",239
"Light commercial vehicles","Vic","1966",254
"Light commercial vehicles","Vic","1967",253
"Light commercial vehicles","Vic","1968",271
"Light commercial vehicles","Vic","1969",269
"Light commercial vehicles","Vic","1970",429
"Light commercial vehicles","Vic","1971",449
"Light commercial vehicles","Vic","1972",610
"Light commercial vehicles","Vic","1973",600
"Light commercial vehicles","Vic","1974",783
"Light commercial vehicles","Vic","1975",827
"Light commercial vehicles","Vic","1976",924
"Light commercial vehicles","Vic","1977",1001
"Light commercial vehicles","Vic","1978",1228
"Light commercial vehicles","Vic","1979",1038
"Light commercial vehicles","Vic","1980",819
"Light commercial vehicles","Vic","1981",1055
"Light commercial vehicles","Vic","1982",1012
"Light commercial vehicles","Vic","1983",973
"Light commercial vehicles","Vic","1984",1396
"Light commercial vehicles","Vic","1985",1446
"Light commercial vehicles","Vic","1986",1110
"Light commercial vehicles","Vic","1987",968
"Light commercial vehicles","Vic","1988",1811
"Light commercial vehicles","Vic","1989",2253
"Light commercial vehicles","Vic","1990",2568
"Light commercial vehicles","Vic","1991",2002
"Light commercial vehicles","Vic","1992",2596
"Light commercial vehicles","Vic","1993",2899
"Light commercial vehicles","Vic","1994",3787
"Light commercial vehicles","Vic","1995",4487
"Light commercial vehicles","Vic","1996",5252
"Light commercial vehicles","Vic","1997",6053
"Light commercial vehicles","Vic","1998",7713
"Light commercial vehicles","Vic","1999",9873
"Light commercial vehicles","Vic","2000",10488
"Light commercial vehicles","Vic","2001",12981
"Light commercial vehicles","Vic","2002",14945
"Light commercial vehicles","Vic","2003",18731
"Light commercial vehicles","Vic","2004",20735
"Light commercial vehicles","Vic","2005",23102
"Light commercial vehicles","Vic","2006",22498
"Light commercial vehicles","Vic","2007",24648
"Light commercial vehicles","Vic","2008",29730
"Light commercial vehicles","Vic","2009",29359
"Light commercial vehicles","Vic","2010",32935
"Light commercial vehicles","Vic","2011",28809
"Light commercial vehicles","Vic","2012",36523
"Light commercial vehicles","Vic","2013",38469
"Light commercial vehicles","Vic","2014",38550
"Light commercial vehicles","Vic","2015",41606
"Light commercial vehicles","Vic","2016",46509
"Light commercial vehicles","Vic","2017",49580
"Light commercial vehicles","Vic","2018",54849
"Light commercial vehicles","Vic","2019",46995
"Light commercial vehicles","Vic","2020",40674
"Light commercial vehicles","Vic","2021",62016
"Light commercial vehicles","Vic","2022",58202
"Light commercial vehicles","Vic","2023",45711
"Light commercial vehicles","Vic","2024",31
"Light commercial vehicles","Vic","Not stated",90
"Light commercial vehicles","Qld","1914",3
"Light commercial vehicles","Qld","1915",3
"Light commercial vehicles","Qld","1916",3
"Light commercial vehicles","Qld","1917",3
"Light commercial vehicles","Qld","1918",3
"Light commercial vehicles","Qld","1920",3
"Light commercial vehicles","Qld","1921",3
"Light commercial vehicles","Qld","1922",5
"Light commercial vehicles","Qld","1923",44
"Light commercial vehicles","Qld","1924",12
"Light commercial vehicles","Qld","1925",24
"Light commercial vehicles","Qld","1926",41
"Light commercial vehicles","Qld","1927",36
"Light commercial vehicles","Qld","1928",97
"Light commercial vehicles","Qld","1929",53
"Light commercial vehicles","Qld","1930",25
"Light commercial vehicles","Qld","1931",12
"Light commercial vehicles","Qld","1932",29
"Light commercial vehicles","Qld","1933",15
"Light commercial vehicles","Qld","1934",45
"Light commercial vehicles","Qld","1935",24
"Light commercial vehicles","Qld","1936",24
"Light commercial vehicles","Qld","1937",36
"Light commercial vehicles","Qld","1938",35
"Light commercial vehicles","Qld","1939",25
"Light commercial vehicles","Qld","1940",45
"Light commercial vehicles","Qld","1941",31
"Light commercial vehicles","Qld","1942",160
"Light commercial vehicles","Qld","1943",36
"Light commercial vehicles","Qld","1944",35
"Light commercial vehicles","Qld","1945",8
"Light commercial vehicles","Qld","1946",65
"Light commercial vehicles","Qld","1947",53
"Light commercial vehicles","Qld","1948",103
"Light commercial vehicles","Qld","1949",72
"Light commercial vehicles","Qld","1950",115
"Light commercial vehicles","Qld","1951",107
"Light commercial vehicles","Qld","1952",108
"Light commercial vehicles","Qld","1953",166
"Light commercial vehicles","Qld","1954",218
"Light commercial vehicles","Qld","1955",233
"Light commercial vehicles","Qld","1956",254
"Light commercial vehicles","Qld","1957",175
"Light commercial vehicles","Qld","1958",164
"Light commercial vehicles","Qld","1959",169
"Light commercial vehicles","Qld","1960",166
"Light commercial vehicles","Qld","1961",136
"Light commercial vehicles","Qld","1962",166
"Light commercial vehicles","Qld","1963",226
"Light commercial vehicles","Qld","1964",493
"Light commercial vehicles","Qld","1965",279
"Light commercial vehicles","Qld","1966",365
"Light commercial vehicles","Qld","1967",315
"Light commercial vehicles","Qld","1968",296
"Light commercial vehicles","Qld","1969",302
"Light commercial vehicles","Qld","1970",517
"Light commercial vehicles","Qld","1971",605
"Light commercial vehicles","Qld","1972",660
"Light commercial vehicles","Qld","1973",614
"Light commercial vehicles","Qld","1974",864
"Light commercial vehicles","Qld","1975",869
"Light commercial vehicles","Qld","1976",932
"Light commercial vehicles","Qld","1977",896
"Light commercial vehicles","Qld","1978",1194
"Light commercial vehicles","Qld","1979",1033
"Light commercial vehicles","Qld","1980",839
"Light commercial vehicles","Qld","1981",961
"Light commercial vehicles","Qld","1982",979
"Light commercial vehicles","Qld","1983",937
"Light commercial vehicles","Qld","1984",1505
"Light commercial vehicles","Qld","1985",1741
"Light commercial vehicles","Qld","1986",1031
"Light commercial vehicles","Qld","1987",915
"Light commercial vehicles","Qld","1988",1949
"Light commercial vehicles","Qld","1989",2846
"Light commercial vehicles","Qld","1990",3312
"Light commercial vehicles","Qld","1991",3183
"Light commercial vehicles","Qld","1992",4293
"Light commercial vehicles","Qld","1993",4727
"Light commercial vehicles","Qld","1994",5876
"Light commercial vehicles","Qld","1995",5839
"Light commercial vehicles","Qld","1996",6484
"Light commercial vehicles","Qld","1997",7644
"Light commercial vehicles","Qld","1998",10067
"Light commercial vehicles","Qld","1999",11828
"Light commercial vehicles","Qld","2000",12520
"Light commercial vehicles","Qld","2001",11754
"Light commercial vehicles","Qld","2002",16012
"Light commercial vehicles","Qld","2003",21107
"Light commercial vehicles","Qld","2004",26782
"Light commercial vehicles","Qld","2005",30345
"Light commercial vehicles","Qld","2006",29307
"Light commercial vehicles","Qld","2007",35172
"Light commercial vehicles","Qld","2008",40804
"Light commercial vehicles","Qld","2009",34196
"Light commercial vehicles","Qld","2010",37299
"Light commercial vehicles","Qld","2011",37408
"Light commercial vehicles","Qld","2012",50555
"Light commercial vehicles","Qld","2013",49631
"Light commercial vehicles","Qld","2014",44288
"Light commercial vehicles","Qld","2015",49985
"Light commercial vehicles","Qld","2016",50882
"Light commercial vehicles","Qld","2017",56920
"Light commercial vehicles","Qld","2018",63089
"Light commercial vehicles","Qld","2019",52510
"Light commercial vehicles","Qld","2020",49657
"Light commercial vehicles","Qld","2021",65764
"Light commercial vehicles","Qld","2022",65614
"Light commercial vehicles","Qld","2023",52081
"Light commercial vehicles","Qld","2024",16
"Light commercial vehicles","Qld","Not stated",187
"Light commercial vehicles","SA","1919",3
"Light commercial vehicles","SA","1920",3
"Light commercial vehicles","SA","1922",4
"Light commercial vehicles","SA","1923",16
"Light commercial vehicles","SA","1924",21
"Light commercial vehicles","SA","1925",21
"Light commercial vehicles","SA","1926",20
"Light commercial vehicles","SA","1927",24
"Light commercial vehicles","SA","1928",33
"Light commercial vehicles","SA","1929",15
"Light commercial vehicles","SA","1930",4
"Light commercial vehicles","SA","1932",4
"Light commercial vehicles","SA","1933",4
"Light commercial vehicles","SA","1934",11
"Light commercial vehicles","SA","1935",7
"Light commercial vehicles","SA","1936",8
"Light commercial vehicles","SA","1937",19
"Light commercial vehicles","SA","1938",16
"Light commercial vehicles","SA","1939",11
"Light commercial vehicles","SA","1940",10
"Light commercial vehicles","SA","1941",13
"Light commercial vehicles","SA","1942",26
"Light commercial vehicles","SA","1943",11
"Light commercial vehicles","SA","1944",8
"Light commercial vehicles","SA","1945",6
"Light commercial vehicles","SA","1946",17
"Light commercial vehicles","SA","1947",19
"Light commercial vehicles","SA","1948",42
"Light commercial vehicles","SA","1949",33
"Light commercial vehicles","SA","1950",34
"Light commercial vehicles","SA","1951",30
"Light commercial vehicles","SA","1952",42
"Light commercial vehicles","SA","1953",59
"Light commercial vehicles","SA","1954",82
"Light commercial vehicles","SA","1955",72
"Light commercial vehicles","SA","1956",78
"Light commercial vehicles","SA","1957",35
"Light commercial vehicles","SA","1958",63
"Light commercial vehicles","SA","1959",54
"Light commercial vehicles","SA","1960",55
"Light commercial vehicles","SA","1961",46
"Light commercial vehicles","SA","1962",42
"Light commercial vehicles","SA","1963",66
"Light commercial vehicles","SA","1964",123
"Light commercial vehicles","SA","1965",94
"Light commercial vehicles","SA","1966",102
"Light commercial vehicles","SA","1967",102
"Light commercial vehicles","SA","1968",107
"Light commercial vehicles","SA","1969",113
"Light commercial vehicles","SA","1970",185
"Light commercial vehicles","SA","1971",171
"Light commercial vehicles","SA","1972",202
"Light commercial vehicles","SA","1973",224
"Light commercial vehicles","SA","1974",261
"Light commercial vehicles","SA","1975",288
"Light commercial vehicles","SA","1976",343
"Light commercial vehicles","SA","1977",377
"Light commercial vehicles","SA","1978",419
"Light commercial vehicles","SA","1979",348
"Light commercial vehicles","SA","1980",336
"Light commercial vehicles","SA","1981",327
"Light commercial vehicles","SA","1982",293
"Light commercial vehicles","SA","1983",340
"Light commercial vehicles","SA","1984",540
"Light commercial vehicles","SA","1985",606
"Light commercial vehicles","SA","1986",391
"Light commercial vehicles","SA","1987",349
"Light commercial vehicles","SA","1988",705
"Light commercial vehicles","SA","1989",919
"Light commercial vehicles","SA","1990",1039
"Light commercial vehicles","SA","1991",843
"Light commercial vehicles","SA","1992",1134
"Light commercial vehicles","SA","1993",1199
"Light commercial vehicles","SA","1994",1530
"Light commercial vehicles","SA","1995",1776
"Light commercial vehicles","SA","1996",2149
"Light commercial vehicles","SA","1997",2277
"Light commercial vehicles","SA","1998",3139
"Light commercial vehicles","SA","1999",3163
"Light commercial vehicles","SA","2000",3558
"Light commercial vehicles","SA","2001",3891
"Light commercial vehicles","SA","2002",5217
"Light commercial vehicles","SA","2003",6150
"Light commercial vehicles","SA","2004",6810
"Light commercial vehicles","SA","2005",7465
"Light commercial vehicles","SA","2006",7191
"Light commercial vehicles","SA","2007",8142
"Light commercial vehicles","SA","2008",9893
"Light commercial vehicles","SA","2009",9161
"Light commercial vehicles","SA","2010",10604
"Light commercial vehicles","SA","2011",9086
"Light commercial vehicles","SA","2012",11610
"Light commercial vehicles","SA","2013",11751
"Light commercial vehicles","SA","2014",11446
"Light commercial vehicles","SA","2015",12111
"Light commercial vehicles","SA","2016",12707
"Light commercial vehicles","SA","2017",14435
"Light commercial vehicles","SA","2018",15526
"Light commercial vehicles","SA","2019",13540
"Light commercial vehicles","SA","2020",12450
"Light commercial vehicles","SA","2021",16604
"Light commercial vehicles","SA","2022",16172
"Light commercial vehicles","SA","2023",13660
"Light commercial vehicles","SA","2024",14
"Light commercial vehicles","SA","Not stated",18
"Light commercial vehicles","WA","1927",4
"Light commercial vehicles","WA","1928",3
"Light commercial vehicles","WA","1929",10
"Light commercial vehicles","WA","1930",4
"Light commercial vehicles","WA","1932",3
"Light commercial vehicles","WA","1933",3
"Light commercial vehicles","WA","1934",4
"Light commercial vehicles","WA","1935",3
"Light commercial vehicles","WA","1936",3
"Light commercial vehicles","WA","1937",7
"Light commercial vehicles","WA","1938",3
"Light commercial vehicles","WA","1939",3
"Light commercial vehicles","WA","1940",3
"Light commercial vehicles","WA","1941",7
"Light commercial vehicles","WA","1942",18
"Light commercial vehicles","WA","1943",8
"Light commercial vehicles","WA","1944",13
"Light commercial vehicles","WA","1945",11
"Light commercial vehicles","WA","1946",15
"Light commercial vehicles","WA","1947",9
"Light commercial vehicles","WA","1948",31
"Light commercial vehicles","WA","1949",20
"Light commercial vehicles","WA","1950",31
"Light commercial vehicles","WA","1951",40
"Light commercial vehicles","WA","1952",39
"Light commercial vehicles","WA","1953",58
"Light commercial vehicles","WA","1954",88
"Light commercial vehicles","WA","1955",89
"Light commercial vehicles","WA","1956",75
"Light commercial vehicles","WA","1957",54
"Light commercial vehicles","WA","1958",62
"Light commercial vehicles","WA","1959",58
"Light commercial vehicles","WA","1960",52
"Light commercial vehicles","WA","1961",64
"Light commercial vehicles","WA","1962",96
"Light commercial vehicles","WA","1963",107
"Light commercial vehicles","WA","1964",155
"Light commercial vehicles","WA","1965",99
"Light commercial vehicles","WA","1966",132
"Light commercial vehicles","WA","1967",128
"Light commercial vehicles","WA","1968",167
"Light commercial vehicles","WA","1969",164
"Light commercial vehicles","WA","1970",237
"Light commercial vehicles","WA","1971",330
"Light commercial vehicles","WA","1972",324
"Light commercial vehicles","WA","1973",322
"Light commercial vehicles","WA","1974",496
"Light commercial vehicles","WA","1975",525
"Light commercial vehicles","WA","1976",668
"Light commercial vehicles","WA","1977",753
"Light commercial vehicles","WA","1978",854
"Light commercial vehicles","WA","1979",609
"Light commercial vehicles","WA","1980",457
"Light commercial vehicles","WA","1981",580
"Light commercial vehicles","WA","1982",618
"Light commercial vehicles","WA","1983",591
"Light commercial vehicles","WA","1984",871
"Light commercial vehicles","WA","1985",1009
"Light commercial vehicles","WA","1986",605
"Light commercial vehicles","WA","1987",664
"Light commercial vehicles","WA","1988",1352
"Light commercial vehicles","WA","1989",1724
"Light commercial vehicles","WA","1990",1692
"Light commercial vehicles","WA","1991",1504
"Light commercial vehicles","WA","1992",2212
"Light commercial vehicles","WA","1993",2532
"Light commercial vehicles","WA","1994",3124
"Light commercial vehicles","WA","1995",3318
"Light commercial vehicles","WA","1996",3740
"Light commercial vehicles","WA","1997",4078
"Light commercial vehicles","WA","1998",4639
"Light commercial vehicles","WA","1999",4774
"Light commercial vehicles","WA","2000",5352
"Light commercial vehicles","WA","2001",5586
"Light commercial vehicles","WA","2002",7300
"Light commercial vehicles","WA","2003",10075
"Light commercial vehicles","WA","2004",11827
"Light commercial vehicles","WA","2005",14202
"Light commercial vehicles","WA","2006",14930
"Light commercial vehicles","WA","2007",16498
"Light commercial vehicles","WA","2008",19447
"Light commercial vehicles","WA","2009",16200
"Light commercial vehicles","WA","2010",19090
"Light commercial vehicles","WA","2011",17799
"Light commercial vehicles","WA","2012",24600
"Light commercial vehicles","WA","2013",22201
"Light commercial vehicles","WA","2014",22632
"Light commercial vehicles","WA","2015",21294
"Light commercial vehicles","WA","2016",21547
"Light commercial vehicles","WA","2017",23498
"Light commercial vehicles","WA","2018",26282
"Light commercial vehicles","WA","2019",23454
"Light commercial vehicles","WA","2020",23827
"Light commercial vehicles","WA","2021",31573
"Light commercial vehicles","WA","2022",29581
"Light commercial vehicles","WA","2023",23330
"Light commercial vehicles","WA","2024",15
"Light commercial vehicles","WA","Not stated",3
"Light commercial vehicles","Tas","1928",10
"Light commercial vehicles","Tas","1929",3
"Light commercial vehicles","Tas","1930",3
"Light commercial vehicles","Tas","1934",3
"Light commercial vehicles","Tas","1936",3
"Light commercial vehicles","Tas","1937",4
"Light commercial vehicles","Tas","1938",5
"Light commercial vehicles","Tas","1939",6
"Light commercial vehicles","Tas","1940",4
"Light commercial vehicles","Tas","1942",11
"Light commercial vehicles","Tas","1943",3
"Light commercial vehicles","Tas","1944",5
"Light commercial vehicles","Tas","1946",9
"Light commercial vehicles","Tas","1947",5
"Light commercial vehicles","Tas","1948",20
"Light commercial vehicles","Tas","1950",7
"Light commercial vehicles","Tas","1951",4
"Light commercial vehicles","Tas","1952",3
"Light commercial vehicles","Tas","1953",9
"Light commercial vehicles","Tas","1954",8
"Light commercial vehicles","Tas","1955",10
"Light commercial vehicles","Tas","1956",18
"Light commercial vehicles","Tas","1957",9
"Light commercial vehicles","Tas","1958",12
"Light commercial vehicles","Tas","1959",13
"Light commercial vehicles","Tas","1960",15
"Light commercial vehicles","Tas","1961",8
"Light commercial vehicles","Tas","1962",16
"Light commercial vehicles","Tas","1963",15
"Light commercial vehicles","Tas","1964",33
"Light commercial vehicles","Tas","1965",16
"Light commercial vehicles","Tas","1966",28
"Light commercial vehicles","Tas","1967",23
"Light commercial vehicles","Tas","1968",25
"Light commercial vehicles","Tas","1969",26
"Light commercial vehicles","Tas","1970",34
"Light commercial vehicles","Tas","1971",39
"Light commercial vehicles","Tas","1972",62
"Light commercial vehicles","Tas","1973",69
"Light commercial vehicles","Tas","1974",86
"Light commercial vehicles","Tas","1975",119
"Light commercial vehicles","Tas","1976",109
"Light commercial vehicles","Tas","1977",131
"Light commercial vehicles","Tas","1978",168
"Light commercial vehicles","Tas","1979",145
"Light commercial vehicles","Tas","1980",171
"Light commercial vehicles","Tas","1981",160
"Light commercial vehicles","Tas","1982",198
"Light commercial vehicles","Tas","1983",203
"Light commercial vehicles","Tas","1984",375
"Light commercial vehicles","Tas","1985",513
"Light commercial vehicles","Tas","1986",435
"Light commercial vehicles","Tas","1987",287
"Light commercial vehicles","Tas","1988",575
"Light commercial vehicles","Tas","1989",883
"Light commercial vehicles","Tas","1990",981
"Light commercial vehicles","Tas","1991",801
"Light commercial vehicles","Tas","1992",1164
"Light commercial vehicles","Tas","1993",1118
"Light commercial vehicles","Tas","1994",1484
"Light commercial vehicles","Tas","1995",1529
"Light commercial vehicles","Tas","1996",1574
"Light commercial vehicles","Tas","1997",1776
"Light commercial vehicles","Tas","1998",2171
"Light commercial vehicles","Tas","1999",2334
"Light commercial vehicles","Tas","2000",2600
"Light commercial vehicles","Tas","2001",2391
"Light commercial vehicles","Tas","2002",3074
"Light commercial vehicles","Tas","2003",3621
"Light commercial vehicles","Tas","2004",4378
"Light commercial vehicles","Tas","2005",4566
"Light commercial vehicles","Tas","2006",3887
"Light commercial vehicles","Tas","2007",4313
"Light commercial vehicles","Tas","2008",5233
"Light commercial vehicles","Tas","2009",4525
"Light commercial vehicles","Tas","2010",5150
"Light commercial vehicles","Tas","2011",4241
"Light commercial vehicles","Tas","2012",4945
"Light commercial vehicles","Tas","2013",5595
"Light commercial vehicles","Tas","2014",5151
"Light commercial vehicles","Tas","2015",5607
"Light commercial vehicles","Tas","2016",5670
"Light commercial vehicles","Tas","2017",5679
"Light commercial vehicles","Tas","2018",6462
"Light commercial vehicles","Tas","2019",5939
"Light commercial vehicles","Tas","2020",4946
"Light commercial vehicles","Tas","2021",6721
"Light commercial vehicles","Tas","2022",5856
"Light commercial vehicles","Tas","2023",4337
"Light commercial vehicles","Tas","2024",8
"Light commercial vehicles","NT","1920",3
"Light commercial vehicles","NT","1926",3
"Light commercial vehicles","NT","1928",3
"Light commercial vehicles","NT","1936",3
"Light commercial vehicles","NT","1937",3
"Light commercial vehicles","NT","1940",3
"Light commercial vehicles","NT","1944",3
"Light commercial vehicles","NT","1945",3
"Light commercial vehicles","NT","1946",3
"Light commercial vehicles","NT","1947",3
"Light commercial vehicles","NT","1948",3
"Light commercial vehicles","NT","1950",3
"Light commercial vehicles","NT","1951",3
"Light commercial vehicles","NT","1952",3
"Light commercial vehicles","NT","1953",3
"Light commercial vehicles","NT","1954",5
"Light commercial vehicles","NT","1955",7
"Light commercial vehicles","NT","1956",3
"Light commercial vehicles","NT","1957",4
"Light commercial vehicles","NT","1959",8
"Light commercial vehicles","NT","1961",3
"Light commercial vehicles","NT","1962",4
"Light commercial vehicles","NT","1963",8
"Light commercial vehicles","NT","1964",6
"Light commercial vehicles","NT","1966",4
"Light commercial vehicles","NT","1967",3
"Light commercial vehicles","NT","1968",4
"Light commercial vehicles","NT","1969",7
"Light commercial vehicles","NT","1970",7
"Light commercial vehicles","NT","1971",16
"Light commercial vehicles","NT","1972",14
"Light commercial vehicles","NT","1973",9
"Light commercial vehicles","NT","1974",12
"Light commercial vehicles","NT","1975",23
"Light commercial vehicles","NT","1976",24
"Light commercial vehicles","NT","1977",29
"Light commercial vehicles","NT","1978",24
"Light commercial vehicles","NT","1979",24
"Light commercial vehicles","NT","1980",17
"Light commercial vehicles","NT","1981",28
"Light commercial vehicles","NT","1982",27
"Light commercial vehicles","NT","1983",30
"Light commercial vehicles","NT","1984",55
"Light commercial vehicles","NT","1985",45
"Light commercial vehicles","NT","1986",24
"Light commercial vehicles","NT","1987",28
"Light commercial vehicles","NT","1988",53
"Light commercial vehicles","NT","1989",87
"Light commercial vehicles","NT","1990",83
"Light commercial vehicles","NT","1991",98
"Light commercial vehicles","NT","1992",126
"Light commercial vehicles","NT","1993",154
"Light commercial vehicles","NT","1994",188
"Light commercial vehicles","NT","1995",228
"Light commercial vehicles","NT","1996",253
"Light commercial vehicles","NT","1997",273
"Light commercial vehicles","NT","1998",386
"Light commercial vehicles","NT","1999",395
"Light commercial vehicles","NT","2000",481
"Light commercial vehicles","NT","2001",547
"Light commercial vehicles","NT","2002",717
"Light commercial vehicles","NT","2003",850
"Light commercial vehicles","NT","2004",991
"Light commercial vehicles","NT","2005",1287
"Light commercial vehicles","NT","2006",1432
"Light commercial vehicles","NT","2007",1622
"Light commercial vehicles","NT","2008",1884
"Light commercial vehicles","NT","2009",1644
"Light commercial vehicles","NT","2010",1913
"Light commercial vehicles","NT","2011",1692
"Light commercial vehicles","NT","2012",2340
"Light commercial vehicles","NT","2013",2507
"Light commercial vehicles","NT","2014",2740
"Light commercial vehicles","NT","2015",2543
"Light commercial vehicles","NT","2016",2514
"Light commercial vehicles","NT","2017",2908
"Light commercial vehicles","NT","2018",2979
"Light commercial vehicles","NT","2019",2765
"Light commercial vehicles","NT","2020",2694
"Light commercial vehicles","NT","2021",3513
"Light commercial vehicles","NT","2022",3446
"Light commercial vehicles","NT","2023",2629
"Light commercial vehicles","NT","2024",4
"Light commercial vehicles","ACT","1929",3
"Light commercial vehicles","ACT","1947",3
"Light commercial vehicles","ACT","1948",3
"Light commercial vehicles","ACT","1949",3
"Light commercial vehicles","ACT","1951",3
"Light commercial vehicles","ACT","1954",5
"Light commercial vehicles","ACT","1955",6
"Light commercial vehicles","ACT","1956",5
"Light commercial vehicles","ACT","1958",4
"Light commercial vehicles","ACT","1959",3
"Light commercial vehicles","ACT","1960",6
"Light commercial vehicles","ACT","1961",6
"Light commercial vehicles","ACT","1962",5
"Light commercial vehicles","ACT","1963",8
"Light commercial vehicles","ACT","1964",16
"Light commercial vehicles","ACT","1965",8
"Light commercial vehicles","ACT","1966",6
"Light commercial vehicles","ACT","1967",16
"Light commercial vehicles","ACT","1968",7
"Light commercial vehicles","ACT","1969",4
"Light commercial vehicles","ACT","1970",6
"Light commercial vehicles","ACT","1971",20
"Light commercial vehicles","ACT","1972",17
"Light commercial vehicles","ACT","1973",23
"Light commercial vehicles","ACT","1974",30
"Light commercial vehicles","ACT","1975",26
"Light commercial vehicles","ACT","1976",24
"Light commercial vehicles","ACT","1977",37
"Light commercial vehicles","ACT","1978",33
"Light commercial vehicles","ACT","1979",30
"Light commercial vehicles","ACT","1980",28
"Light commercial vehicles","ACT","1981",24
"Light commercial vehicles","ACT","1982",25
"Light commercial vehicles","ACT","1983",23
"Light commercial vehicles","ACT","1984",40
"Light commercial vehicles","ACT","1985",52
"Light commercial vehicles","ACT","1986",27
"Light commercial vehicles","ACT","1987",19
"Light commercial vehicles","ACT","1988",42
"Light commercial vehicles","ACT","1989",63
"Light commercial vehicles","ACT","1990",82
"Light commercial vehicles","ACT","1991",80
"Light commercial vehicles","ACT","1992",86
"Light commercial vehicles","ACT","1993",98
"Light commercial vehicles","ACT","1994",150
"Light commercial vehicles","ACT","1995",132
"Light commercial vehicles","ACT","1996",127
"Light commercial vehicles","ACT","1997",185
"Light commercial vehicles","ACT","1998",248
"Light commercial vehicles","ACT","1999",258
"Light commercial vehicles","ACT","2000",354
"Light commercial vehicles","ACT","2001",387
"Light commercial vehicles","ACT","2002",497
"Light commercial vehicles","ACT","2003",712
"Light commercial vehicles","ACT","2004",770
"Light commercial vehicles","ACT","2005",857
"Light commercial vehicles","ACT","2006",863
"Light commercial vehicles","ACT","2007",974
"Light commercial vehicles","ACT","2008",1254
"Light commercial vehicles","ACT","2009",1270
"Light commercial vehicles","ACT","2010",1416
"Light commercial vehicles","ACT","2011",1292
"Light commercial vehicles","ACT","2012",1728
"Light commercial vehicles","ACT","2013",1805
"Light commercial vehicles","ACT","2014",1888
"Light commercial vehicles","ACT","2015",2107
"Light commercial vehicles","ACT","2016",2416
"Light commercial vehicles","ACT","2017",2584
"Light commercial vehicles","ACT","2018",2742
"Light commercial vehicles","ACT","2019",2455
"Light commercial vehicles","ACT","2020",2344
"Light commercial vehicles","ACT","2021",2877
"Light commercial vehicles","ACT","2022",2439
"Light commercial vehicles","ACT","2023",1881
"Light commercial vehicles","ACT","Not stated",3
"Light rigid trucks","NSW","1954",3
"Light rigid trucks","NSW","1956",3
"Light rigid trucks","NSW","1957",3
"Light rigid trucks","NSW","1960",3
"Light rigid trucks","NSW","1967",3
"Light rigid trucks","NSW","1968",5
"Light rigid trucks","NSW","1970",3
"Light rigid trucks","NSW","1972",5
"Light rigid trucks","NSW","1974",3
"Light rigid trucks","NSW","1975",3
"Light rigid trucks","NSW","1976",8
"Light rigid trucks","NSW","1977",5
"Light rigid trucks","NSW","1978",8
"Light rigid trucks","NSW","1979",5
"Light rigid trucks","NSW","1980",13
"Light rigid trucks","NSW","1981",27
"Light rigid trucks","NSW","1982",18
"Light rigid trucks","NSW","1983",10
"Light rigid trucks","NSW","1984",32
"Light rigid trucks","NSW","1985",76
"Light rigid trucks","NSW","1986",62
"Light rigid trucks","NSW","1987",68
"Light rigid trucks","NSW","1988",158
"Light rigid trucks","NSW","1989",277
"Light rigid trucks","NSW","1990",277
"Light rigid trucks","NSW","1991",199
"Light rigid trucks","NSW","1992",259
"Light rigid trucks","NSW","1993",277
"Light rigid trucks","NSW","1994",339
"Light rigid trucks","NSW","1995",404
"Light rigid trucks","NSW","1996",359
"Light rigid trucks","NSW","1997",413
"Light rigid trucks","NSW","1998",643
"Light rigid trucks","NSW","1999",805
"Light rigid trucks","NSW","2000",865
"Light rigid trucks","NSW","2001",953
"Light rigid trucks","NSW","2002",1580
"Light rigid trucks","NSW","2003",906
"Light rigid trucks","NSW","2004",1640
"Light rigid trucks","NSW","2005",1747
"Light rigid trucks","NSW","2006",1543
"Light rigid trucks","NSW","2007",2084
"Light rigid trucks","NSW","2008",2041
"Light rigid trucks","NSW","2009",1780
"Light rigid trucks","NSW","2010",2443
"Light rigid trucks","NSW","2011",1488
"Light rigid trucks","NSW","2012",1884
"Light rigid trucks","NSW","2013",2160
"Light rigid trucks","NSW","2014",2562
"Light rigid trucks","NSW","2015",3448
"Light rigid trucks","NSW","2016",3858
"Light rigid trucks","NSW","2017",4175
"Light rigid trucks","NSW","2018",4457
"Light rigid trucks","NSW","2019",3751
"Light rigid trucks","NSW","2020",3831
"Light rigid trucks","NSW","2021",6702
"Light rigid trucks","NSW","2022",8066
"Light rigid trucks","NSW","2023",6330
"Light rigid trucks","NSW","2024",26
"Light rigid trucks","NSW","Not stated",3
"Light rigid trucks","Vic","1946",3
"Light rigid trucks","Vic","1958",3
"Light rigid trucks","Vic","1962",3
"Light rigid trucks","Vic","1964",3
"Light rigid trucks","Vic","1967",4
"Light rigid trucks","Vic","1968",5
"Light rigid trucks","Vic","1970",4
"Light rigid trucks","Vic","1971",3
"Light rigid trucks","Vic","1972",4
"Light rigid trucks","Vic","1974",3
"Light rigid trucks","Vic","1975",3
"Light rigid trucks","Vic","1976",6
"Light rigid trucks","Vic","1977",3
"Light rigid trucks","Vic","1978",7
"Light rigid trucks","Vic","1979",6
"Light rigid trucks","Vic","1980",11
"Light rigid trucks","Vic","1981",5
"Light rigid trucks","Vic","1982",9
"Light rigid trucks","Vic","1983",6
"Light rigid trucks","Vic","1984",22
"Light rigid trucks","Vic","1985",52
"Light rigid trucks","Vic","1986",61
"Light rigid trucks","Vic","1987",64
"Light rigid trucks","Vic","1988",120
"Light rigid trucks","Vic","1989",144
"Light rigid trucks","Vic","1990",148
"Light rigid trucks","Vic","1991",86
"Light rigid trucks","Vic","1992",125
"Light rigid trucks","Vic","1993",150
"Light rigid trucks","Vic","1994",162
"Light rigid trucks","Vic","1995",225
"Light rigid trucks","Vic","1996",205
"Light rigid trucks","Vic","1997",221
"Light rigid trucks","Vic","1998",315
"Light rigid trucks","Vic","1999",433
"Light rigid trucks","Vic","2000",440
"Light rigid trucks","Vic","2001",650
"Light rigid trucks","Vic","2002",1016
"Light rigid trucks","Vic","2003",660
"Light rigid trucks","Vic","2004",1190
"Light rigid trucks","Vic","2005",1518
"Light rigid trucks","Vic","2006",1203
"Light rigid trucks","Vic","2007",1450
"Light rigid trucks","Vic","2008",1803
"Light rigid trucks","Vic","2009",1282
"Light rigid trucks","Vic","2010",1855
"Light rigid trucks","Vic","2011",1188
"Light rigid trucks","Vic","2012",1352
"Light rigid trucks","Vic","2013",1582
"Light rigid trucks","Vic","2014",2030
"Light rigid trucks","Vic","2015",2446
"Light rigid trucks","Vic","2016",2844
"Light rigid trucks","Vic","2017",2989
"Light rigid trucks","Vic","2018",3348
"Light rigid trucks","Vic","2019",3158
"Light rigid trucks","Vic","2020",2790
"Light rigid trucks","Vic","2021",4516
"Light rigid trucks","Vic","2022",6838
"Light rigid trucks","Vic","2023",4867
"Light rigid trucks","Vic","2024",17
"Light rigid trucks","Qld","1926",3
"Light rigid trucks","Qld","1928",3
"Light rigid trucks","Qld","1929",3
"Light rigid trucks","Qld","1932",3
"Light rigid trucks","Qld","1934",3
"Light rigid trucks","Qld","1936",3
"Light rigid trucks","Qld","1939",4
"Light rigid trucks","Qld","1941",3
"Light rigid trucks","Qld","1942",9
"Light rigid trucks","Qld","1944",3
"Light rigid trucks","Qld","1946",3
"Light rigid trucks","Qld","1948",5
"Light rigid trucks","Qld","1949",3
"Light rigid trucks","Qld","1950",4
"Light rigid trucks","Qld","1951",7
"Light rigid trucks","Qld","1953",5
"Light rigid trucks","Qld","1954",3
"Light rigid trucks","Qld","1955",4
"Light rigid trucks","Qld","1957",3
"Light rigid trucks","Qld","1960",3
"Light rigid trucks","Qld","1962",3
"Light rigid trucks","Qld","1964",6
"Light rigid trucks","Qld","1966",4
"Light rigid trucks","Qld","1967",3
"Light rigid trucks","Qld","1968",7
"Light rigid trucks","Qld","1969",3
"Light rigid trucks","Qld","1970",5
"Light rigid trucks","Qld","1971",11
"Light rigid trucks","Qld","1972",3
"Light rigid trucks","Qld","1973",10
"Light rigid trucks","Qld","1974",18
"Light rigid trucks","Qld","1975",12
"Light rigid trucks","Qld","1976",16
"Light rigid trucks","Qld","1977",14
"Light rigid trucks","Qld","1978",10
"Light rigid trucks","Qld","1979",8
"Light rigid trucks","Qld","1980",22
"Light rigid trucks","Qld","1981",32
"Light rigid trucks","Qld","1982",31
"Light rigid trucks","Qld","1983",30
"Light rigid trucks","Qld","1984",48
"Light rigid trucks","Qld","1985",120
"Light rigid trucks","Qld","1986",80
"Light rigid trucks","Qld","1987",138
"Light rigid trucks","Qld","1988",260
"Light rigid trucks","Qld","1989",217
"Light rigid trucks","Qld","1990",216
"Light rigid trucks","Qld","1991",156
"Light rigid trucks","Qld","1992",235
"Light rigid trucks","Qld","1993",261
"Light rigid trucks","Qld","1994",359
"Light rigid trucks","Qld","1995",331
"Light rigid trucks","Qld","1996",278
"Light rigid trucks","Qld","1997",360
"Light rigid trucks","Qld","1998",470
"Light rigid trucks","Qld","1999",594
"Light rigid trucks","Qld","2000",637
"Light rigid trucks","Qld","2001",760
"Light rigid trucks","Qld","2002",1333
"Light rigid trucks","Qld","2003",923
"Light rigid trucks","Qld","2004",1469
"Light rigid trucks","Qld","2005",1676
"Light rigid trucks","Qld","2006",1415
"Light rigid trucks","Qld","2007",1790
"Light rigid trucks","Qld","2008",1588
"Light rigid trucks","Qld","2009",1261
"Light rigid trucks","Qld","2010",1575
"Light rigid trucks","Qld","2011",1058
"Light rigid trucks","Qld","2012",1249
"Light rigid trucks","Qld","2013",1372
"Light rigid trucks","Qld","2014",1573
"Light rigid trucks","Qld","2015",2010
"Light rigid trucks","Qld","2016",2136
"Light rigid trucks","Qld","2017",2402
"Light rigid trucks","Qld","2018",2785
"Light rigid trucks","Qld","2019",2041
"Light rigid trucks","Qld","2020",2476
"Light rigid trucks","Qld","2021",4138
"Light rigid trucks","Qld","2022",6734
"Light rigid trucks","Qld","2023",6169
"Light rigid trucks","Qld","2024",33
"Light rigid trucks","SA","1935",3
"Light rigid trucks","SA","1944",3
"Light rigid trucks","SA","1945",3
"Light rigid trucks","SA","1947",3
"Light rigid trucks","SA","1954",3
"Light rigid trucks","SA","1959",3
"Light rigid trucks","SA","1960",3
"Light rigid trucks","SA","1964",3
"Light rigid trucks","SA","1966",4
"Light rigid trucks","SA","1967",3
"Light rigid trucks","SA","1968",3
"Light rigid trucks","SA","1969",3
"Light rigid trucks","SA","1970",3
"Light rigid trucks","SA","1972",4
"Light rigid trucks","SA","1973",3
"Light rigid trucks","SA","1974",3
"Light rigid trucks","SA","1975",3
"Light rigid trucks","SA","1976",4
"Light rigid trucks","SA","1977",3
"Light rigid trucks","SA","1978",3
"Light rigid trucks","SA","1979",3
"Light rigid trucks","SA","1980",3
"Light rigid trucks","SA","1981",4
"Light rigid trucks","SA","1983",5
"Light rigid trucks","SA","1984",11
"Light rigid trucks","SA","1985",19
"Light rigid trucks","SA","1986",32
"Light rigid trucks","SA","1987",36
"Light rigid trucks","SA","1988",53
"Light rigid trucks","SA","1989",48
"Light rigid trucks","SA","1990",73
"Light rigid trucks","SA","1991",33
"Light rigid trucks","SA","1992",35
"Light rigid trucks","SA","1993",29
"Light rigid trucks","SA","1994",54
"Light rigid trucks","SA","1995",58
"Light rigid trucks","SA","1996",54
"Light rigid trucks","SA","1997",62
"Light rigid trucks","SA","1998",84
"Light rigid trucks","SA","1999",99
"Light rigid trucks","SA","2000",126
"Light rigid trucks","SA","2001",130
"Light rigid trucks","SA","2002",235
"Light rigid trucks","SA","2003",183
"Light rigid trucks","SA","2004",350
"Light rigid trucks","SA","2005",438
"Light rigid trucks","SA","2006",324
"Light rigid trucks","SA","2007",364
"Light rigid trucks","SA","2008",441
"Light rigid trucks","SA","2009",308
"Light rigid trucks","SA","2010",446
"Light rigid trucks","SA","2011",283
"Light rigid trucks","SA","2012",341
"Light rigid trucks","SA","2013",340
"Light rigid trucks","SA","2014",477
"Light rigid trucks","SA","2015",517
"Light rigid trucks","SA","2016",562
"Light rigid trucks","SA","2017",643
"Light rigid trucks","SA","2018",735
"Light rigid trucks","SA","2019",599
"Light rigid trucks","SA","2020",647
"Light rigid trucks","SA","2021",1069
"Light rigid trucks","SA","2022",1491
"Light rigid trucks","SA","2023",1453
"Light rigid trucks","SA","2024",6
"Light rigid trucks","WA","1970",3
"Light rigid trucks","WA","1976",5
"Light rigid trucks","WA","1977",4
"Light rigid trucks","WA","1978",6
"Light rigid trucks","WA","1979",4
"Light rigid trucks","WA","1980",4
"Light rigid trucks","WA","1981",6
"Light rigid trucks","WA","1982",3
"Light rigid trucks","WA","1983",3
"Light rigid trucks","WA","1984",7
"Light rigid trucks","WA","1985",21
"Light rigid trucks","WA","1986",18
"Light rigid trucks","WA","1987",35
"Light rigid trucks","WA","1988",75
"Light rigid trucks","WA","1989",126
"Light rigid trucks","WA","1990",111
"Light rigid trucks","WA","1991",77
"Light rigid trucks","WA","1992",100
"Light rigid trucks","WA","1993",85
"Light rigid trucks","WA","1994",133
"Light rigid trucks","WA","1995",155
"Light rigid trucks","WA","1996",155
"Light rigid trucks","WA","1997",133
"Light rigid trucks","WA","1998",137
"Light rigid trucks","WA","1999",181
"Light rigid trucks","WA","2000",178
"Light rigid trucks","WA","2001",210
"Light rigid trucks","WA","2002",587
"Light rigid trucks","WA","2003",361
"Light rigid trucks","WA","2004",737
"Light rigid trucks","WA","2005",896
"Light rigid trucks","WA","2006",652
"Light rigid trucks","WA","2007",697
"Light rigid trucks","WA","2008",813
"Light rigid trucks","WA","2009",492
"Light rigid trucks","WA","2010",899
"Light rigid trucks","WA","2011",545
"Light rigid trucks","WA","2012",751
"Light rigid trucks","WA","2013",766
"Light rigid trucks","WA","2014",885
"Light rigid trucks","WA","2015",859
"Light rigid trucks","WA","2016",852
"Light rigid trucks","WA","2017",935
"Light rigid trucks","WA","2018",886
"Light rigid trucks","WA","2019",947
"Light rigid trucks","WA","2020",925
"Light rigid trucks","WA","2021",1774
"Light rigid trucks","WA","2022",2961
"Light rigid trucks","WA","2023",3189
"Light rigid trucks","WA","2024",11
"Light rigid trucks","Tas","1925",3
"Light rigid trucks","Tas","1934",3
"Light rigid trucks","Tas","1952",3
"Light rigid trucks","Tas","1953",3
"Light rigid trucks","Tas","1957",3
"Light rigid trucks","Tas","1958",3
"Light rigid trucks","Tas","1963",3
"Light rigid trucks","Tas","1965",3
"Light rigid trucks","Tas","1968",3
"Light rigid trucks","Tas","1971",3
"Light rigid trucks","Tas","1973",4
"Light rigid trucks","Tas","1974",9
"Light rigid trucks","Tas","1975",8
"Light rigid trucks","Tas","1976",9
"Light rigid trucks","Tas","1977",12
"Light rigid trucks","Tas","1978",16
"Light rigid trucks","Tas","1979",12
"Light rigid trucks","Tas","1980",15
"Light rigid trucks","Tas","1981",11
"Light rigid trucks","Tas","1982",4
"Light rigid trucks","Tas","1983",9
"Light rigid trucks","Tas","1984",13
"Light rigid trucks","Tas","1985",30
"Light rigid trucks","Tas","1986",17
"Light rigid trucks","Tas","1987",24
"Light rigid trucks","Tas","1988",40
"Light rigid trucks","Tas","1989",57
"Light rigid trucks","Tas","1990",47
"Light rigid trucks","Tas","1991",33
"Light rigid trucks","Tas","1992",27
"Light rigid trucks","Tas","1993",38
"Light rigid trucks","Tas","1994",50
"Light rigid trucks","Tas","1995",29
"Light rigid trucks","Tas","1996",41
"Light rigid trucks","Tas","1997",29
"Light rigid trucks","Tas","1998",62
"Light rigid trucks","Tas","1999",74
"Light rigid trucks","Tas","2000",49
"Light rigid trucks","Tas","2001",77
"Light rigid trucks","Tas","2002",171
"Light rigid trucks","Tas","2003",96
"Light rigid trucks","Tas","2004",151
"Light rigid trucks","Tas","2005",204
"Light rigid trucks","Tas","2006",122
"Light rigid trucks","Tas","2007",131
"Light rigid trucks","Tas","2008",202
"Light rigid trucks","Tas","2009",103
"Light rigid trucks","Tas","2010",162
"Light rigid trucks","Tas","2011",110
"Light rigid trucks","Tas","2012",92
"Light rigid trucks","Tas","2013",144
"Light rigid trucks","Tas","2014",177
"Light rigid trucks","Tas","2015",197
"Light rigid trucks","Tas","2016",194
"Light rigid trucks","Tas","2017",174
"Light rigid trucks","Tas","2018",206
"Light rigid trucks","Tas","2019",190
"Light rigid trucks","Tas","2020",205
"Light rigid trucks","Tas","2021",337
"Light rigid trucks","Tas","2022",539
"Light rigid trucks","Tas","2023",408
"Light rigid trucks","NT","1934",3
"Light rigid trucks","NT","1971",3
"Light rigid trucks","NT","1975",3
"Light rigid trucks","NT","1983",3
"Light rigid trucks","NT","1984",3
"Light rigid trucks","NT","1985",7
"Light rigid trucks","NT","1986",3
"Light rigid trucks","NT","1987",5
"Light rigid trucks","NT","1988",6
"Light rigid trucks","NT","1989",10
"Light rigid trucks","NT","1990",9
"Light rigid trucks","NT","1991",7
"Light rigid trucks","NT","1992",8
"Light rigid trucks","NT","1993",11
"Light rigid trucks","NT","1994",16
"Light rigid trucks","NT","1995",20
"Light rigid trucks","NT","1996",7
"Light rigid trucks","NT","1997",19
"Light rigid trucks","NT","1998",34
"Light rigid trucks","NT","1999",18
"Light rigid trucks","NT","2000",25
"Light rigid trucks","NT","2001",34
"Light rigid trucks","NT","2002",63
"Light rigid trucks","NT","2003",39
"Light rigid trucks","NT","2004",61
"Light rigid trucks","NT","2005",71
"Light rigid trucks","NT","2006",64
"Light rigid trucks","NT","2007",65
"Light rigid trucks","NT","2008",65
"Light rigid trucks","NT","2009",54
"Light rigid trucks","NT","2010",80
"Light rigid trucks","NT","2011",47
"Light rigid trucks","NT","2012",77
"Light rigid trucks","NT","2013",60
"Light rigid trucks","NT","2014",73
"Light rigid trucks","NT","2015",70
"Light rigid trucks","NT","2016",64
"Light rigid trucks","NT","2017",78
"Light rigid trucks","NT","2018",110
"Light rigid trucks","NT","2019",82
"Light rigid trucks","NT","2020",68
"Light rigid trucks","NT","2021",153
"Light rigid trucks","NT","2022",291
"Light rigid trucks","NT","2023",355
"Light rigid trucks","ACT","1984",3
"Light rigid trucks","ACT","1987",3
"Light rigid trucks","ACT","1988",5
"Light rigid trucks","ACT","1989",7
"Light rigid trucks","ACT","1991",3
"Light rigid trucks","ACT","1992",4
"Light rigid trucks","ACT","1993",5
"Light rigid trucks","ACT","1994",10
"Light rigid trucks","ACT","1995",8
"Light rigid trucks","ACT","1996",7
"Light rigid trucks","ACT","1997",5
"Light rigid trucks","ACT","1998",9
"Light rigid trucks","ACT","1999",24
"Light rigid trucks","ACT","2000",15
"Light rigid trucks","ACT","2001",16
"Light rigid trucks","ACT","2002",23
"Light rigid trucks","ACT","2003",29
"Light rigid trucks","ACT","2004",43
"Light rigid trucks","ACT","2005",36
"Light rigid trucks","ACT","2006",31
"Light rigid trucks","ACT","2007",57
"Light rigid trucks","ACT","2008",59
"Light rigid trucks","ACT","2009",32
"Light rigid trucks","ACT","2010",56
"Light rigid trucks","ACT","2011",35
"Light rigid trucks","ACT","2012",46
"Light rigid trucks","ACT","2013",60
"Light rigid trucks","ACT","2014",52
"Light rigid trucks","ACT","2015",105
"Light rigid trucks","ACT","2016",89
"Light rigid trucks","ACT","2017",121
"Light rigid trucks","ACT","2018",155
"Light rigid trucks","ACT","2019",118
"Light rigid trucks","ACT","2020",168
"Light rigid trucks","ACT","2021",210
"Light rigid trucks","ACT","2022",222
"Light rigid trucks","ACT","2023",129
"Light rigid trucks","ACT","2024",3
"Heavy rigid trucks","NSW","1942",3
"Heavy rigid trucks","NSW","1944",3
"Heavy rigid trucks","NSW","1948",3
"Heavy rigid trucks","NSW","1949",3
"Heavy rigid trucks","NSW","1952",3
"Heavy rigid trucks","NSW","1954",3
"Heavy rigid trucks","NSW","1956",3
"Heavy rigid trucks","NSW","1960",3
"Heavy rigid trucks","NSW","1961",5
"Heavy rigid trucks","NSW","1962",4
"Heavy rigid trucks","NSW","1963",10
"Heavy rigid trucks","NSW","1964",13
"Heavy rigid trucks","NSW","1965",10
"Heavy rigid trucks","NSW","1966",21
"Heavy rigid trucks","NSW","1967",26
"Heavy rigid trucks","NSW","1968",37
"Heavy rigid trucks","NSW","1969",37
"Heavy rigid trucks","NSW","1970",35
"Heavy rigid trucks","NSW","1971",29
"Heavy rigid trucks","NSW","1972",30
"Heavy rigid trucks","NSW","1973",53
"Heavy rigid trucks","NSW","1974",90
"Heavy rigid trucks","NSW","1975",101
"Heavy rigid trucks","NSW","1976",159
"Heavy rigid trucks","NSW","1977",153
"Heavy rigid trucks","NSW","1978",186
"Heavy rigid trucks","NSW","1979",254
"Heavy rigid trucks","NSW","1980",303
"Heavy rigid trucks","NSW","1981",407
"Heavy rigid trucks","NSW","1982",383
"Heavy rigid trucks","NSW","1983",378
"Heavy rigid trucks","NSW","1984",645
"Heavy rigid trucks","NSW","1985",1024
"Heavy rigid trucks","NSW","1986",786
"Heavy rigid trucks","NSW","1987",664
"Heavy rigid trucks","NSW","1988",961
"Heavy rigid trucks","NSW","1989",1173
"Heavy rigid trucks","NSW","1990",1039
"Heavy rigid trucks","NSW","1991",701
"Heavy rigid trucks","NSW","1992",943
"Heavy rigid trucks","NSW","1993",903
"Heavy rigid trucks","NSW","1994",1261
"Heavy rigid trucks","NSW","1995",1120
"Heavy rigid trucks","NSW","1996",1135
"Heavy rigid trucks","NSW","1997",1309
"Heavy rigid trucks","NSW","1998",1817
"Heavy rigid trucks","NSW","1999",1894
"Heavy rigid trucks","NSW","2000",1791
"Heavy rigid trucks","NSW","2001",1796
"Heavy rigid trucks","NSW","2002",2619
"Heavy rigid trucks","NSW","2003",2430
"Heavy rigid trucks","NSW","2004",3658
"Heavy rigid trucks","NSW","2005",3644
"Heavy rigid trucks","NSW","2006",3881
"Heavy rigid trucks","NSW","2007",5299
"Heavy rigid trucks","NSW","2008",3653
"Heavy rigid trucks","NSW","2009",3435
"Heavy rigid trucks","NSW","2010",4176
"Heavy rigid trucks","NSW","2011",2554
"Heavy rigid trucks","NSW","2012",3423
"Heavy rigid trucks","NSW","2013",3344
"Heavy rigid trucks","NSW","2014",3599
"Heavy rigid trucks","NSW","2015",4024
"Heavy rigid trucks","NSW","2016",4260
"Heavy rigid trucks","NSW","2017",4946
"Heavy rigid trucks","NSW","2018",5267
"Heavy rigid trucks","NSW","2019",4224
"Heavy rigid trucks","NSW","2020",3787
"Heavy rigid trucks","NSW","2021",6161
"Heavy rigid trucks","NSW","2022",6082
"Heavy rigid trucks","NSW","2023",2207
"Heavy rigid trucks","NSW","2024",3
"Heavy rigid trucks","NSW","Not stated",33
"Heavy rigid trucks","Vic","1911",3
"Heavy rigid trucks","Vic","1936",3
"Heavy rigid trucks","Vic","1939",3
"Heavy rigid trucks","Vic","1942",3
"Heavy rigid trucks","Vic","1945",3
"Heavy rigid trucks","Vic","1946",3
"Heavy rigid trucks","Vic","1948",5
"Heavy rigid trucks","Vic","1949",8
"Heavy rigid trucks","Vic","1950",4
"Heavy rigid trucks","Vic","1951",7
"Heavy rigid trucks","Vic","1952",9
"Heavy rigid trucks","Vic","1953",7
"Heavy rigid trucks","Vic","1954",15
"Heavy rigid trucks","Vic","1955",8
"Heavy rigid trucks","Vic","1956",7
"Heavy rigid trucks","Vic","1957",13
"Heavy rigid trucks","Vic","1958",11
"Heavy rigid trucks","Vic","1959",12
"Heavy rigid trucks","Vic","1960",38
"Heavy rigid trucks","Vic","1961",28
"Heavy rigid trucks","Vic","1962",52
"Heavy rigid trucks","Vic","1963",58
"Heavy rigid trucks","Vic","1964",98
"Heavy rigid trucks","Vic","1965",101
"Heavy rigid trucks","Vic","1966",86
"Heavy rigid trucks","Vic","1967",99
"Heavy rigid trucks","Vic","1968",122
"Heavy rigid trucks","Vic","1969",152
"Heavy rigid trucks","Vic","1970",192
"Heavy rigid trucks","Vic","1971",148
"Heavy rigid trucks","Vic","1972",178
"Heavy rigid trucks","Vic","1973",233
"Heavy rigid trucks","Vic","1974",231
"Heavy rigid trucks","Vic","1975",284
"Heavy rigid trucks","Vic","1976",317
"Heavy rigid trucks","Vic","1977",331
"Heavy rigid trucks","Vic","1978",429
"Heavy rigid trucks","Vic","1979",410
"Heavy rigid trucks","Vic","1980",426
"Heavy rigid trucks","Vic","1981",462
"Heavy rigid trucks","Vic","1982",438
"Heavy rigid trucks","Vic","1983",405
"Heavy rigid trucks","Vic","1984",700
"Heavy rigid trucks","Vic","1985",1038
"Heavy rigid trucks","Vic","1986",876
"Heavy rigid trucks","Vic","1987",832
"Heavy rigid trucks","Vic","1988",1074
"Heavy rigid trucks","Vic","1989",971
"Heavy rigid trucks","Vic","1990",1011
"Heavy rigid trucks","Vic","1991",641
"Heavy rigid trucks","Vic","1992",762
"Heavy rigid trucks","Vic","1993",868
"Heavy rigid trucks","Vic","1994",1102
"Heavy rigid trucks","Vic","1995",1066
"Heavy rigid trucks","Vic","1996",1008
"Heavy rigid trucks","Vic","1997",1230
"Heavy rigid trucks","Vic","1998",1460
"Heavy rigid trucks","Vic","1999",1515
"Heavy rigid trucks","Vic","2000",1465
"Heavy rigid trucks","Vic","2001",1628
"Heavy rigid trucks","Vic","2002",2104
"Heavy rigid trucks","Vic","2003",2106
"Heavy rigid trucks","Vic","2004",2779
"Heavy rigid trucks","Vic","2005",3006
"Heavy rigid trucks","Vic","2006",3137
"Heavy rigid trucks","Vic","2007",4075
"Heavy rigid trucks","Vic","2008",3154
"Heavy rigid trucks","Vic","2009",2839
"Heavy rigid trucks","Vic","2010",3343
"Heavy rigid trucks","Vic","2011",2049
"Heavy rigid trucks","Vic","2012",2754
"Heavy rigid trucks","Vic","2013",2710
"Heavy rigid trucks","Vic","2014",2849
"Heavy rigid trucks","Vic","2015",3117
"Heavy rigid trucks","Vic","2016",3345
"Heavy rigid trucks","Vic","2017",3586
"Heavy rigid trucks","Vic","2018",4503
"Heavy rigid trucks","Vic","2019",3375
"Heavy rigid trucks","Vic","2020",2881
"Heavy rigid trucks","Vic","2021",5290
"Heavy rigid trucks","Vic","2022",5027
"Heavy rigid trucks","Vic","2023",1849
"Heavy rigid trucks","Vic","2024",3
"Heavy rigid trucks","Vic","Not stated",9
"Heavy rigid trucks","Qld","1922",3
"Heavy rigid trucks","Qld","1930",3
"Heavy rigid trucks","Qld","1934",3
"Heavy rigid trucks","Qld","1940",3
"Heavy rigid trucks","Qld","1941",4
"Heavy rigid trucks","Qld","1942",5
"Heavy rigid trucks","Qld","1943",4
"Heavy rigid trucks","Qld","1944",4
"Heavy rigid trucks","Qld","1945",11
"Heavy rigid trucks","Qld","1946",4
"Heavy rigid trucks","Qld","1947",3
"Heavy rigid trucks","Qld","1948",4
"Heavy rigid trucks","Qld","1949",3
"Heavy rigid trucks","Qld","1950",4
"Heavy rigid trucks","Qld","1951",3
"Heavy rigid trucks","Qld","1952",6
"Heavy rigid trucks","Qld","1954",3
"Heavy rigid trucks","Qld","1955",4
"Heavy rigid trucks","Qld","1956",12
"Heavy rigid trucks","Qld","1957",5
"Heavy rigid trucks","Qld","1958",4
"Heavy rigid trucks","Qld","1959",15
"Heavy rigid trucks","Qld","1960",11
"Heavy rigid trucks","Qld","1961",8
"Heavy rigid trucks","Qld","1962",13
"Heavy rigid trucks","Qld","1963",19
"Heavy rigid trucks","Qld","1964",31
"Heavy rigid trucks","Qld","1965",26
"Heavy rigid trucks","Qld","1966",42
"Heavy rigid trucks","Qld","1967",40
"Heavy rigid trucks","Qld","1968",49
"Heavy rigid trucks","Qld","1969",51
"Heavy rigid trucks","Qld","1970",107
"Heavy rigid trucks","Qld","1971",76
"Heavy rigid trucks","Qld","1972",70
"Heavy rigid trucks","Qld","1973",78
"Heavy rigid trucks","Qld","1974",124
"Heavy rigid trucks","Qld","1975",122
"Heavy rigid trucks","Qld","1976",168
"Heavy rigid trucks","Qld","1977",176
"Heavy rigid trucks","Qld","1978",144
"Heavy rigid trucks","Qld","1979",230
"Heavy rigid trucks","Qld","1980",318
"Heavy rigid trucks","Qld","1981",371
"Heavy rigid trucks","Qld","1982",371
"Heavy rigid trucks","Qld","1983",318
"Heavy rigid trucks","Qld","1984",509
"Heavy rigid trucks","Qld","1985",809
"Heavy rigid trucks","Qld","1986",577
"Heavy rigid trucks","Qld","1987",524
"Heavy rigid trucks","Qld","1988",815
"Heavy rigid trucks","Qld","1989",913
"Heavy rigid trucks","Qld","1990",820
"Heavy rigid trucks","Qld","1991",584
"Heavy rigid trucks","Qld","1992",741
"Heavy rigid trucks","Qld","1993",780
"Heavy rigid trucks","Qld","1994",1027
"Heavy rigid trucks","Qld","1995",937
"Heavy rigid trucks","Qld","1996",936
"Heavy rigid trucks","Qld","1997",1036
"Heavy rigid trucks","Qld","1998",1323
"Heavy rigid trucks","Qld","1999",1394
"Heavy rigid trucks","Qld","2000",1376
"Heavy rigid trucks","Qld","2001",1296
"Heavy rigid trucks","Qld","2002",1863
"Heavy rigid trucks","Qld","2003",1809
"Heavy rigid trucks","Qld","2004",2597
"Heavy rigid trucks","Qld","2005",2713
"Heavy rigid trucks","Qld","2006",3095
"Heavy rigid trucks","Qld","2007",4367
"Heavy rigid trucks","Qld","2008",2818
"Heavy rigid trucks","Qld","2009",2475
"Heavy rigid trucks","Qld","2010",2905
"Heavy rigid trucks","Qld","2011",2085
"Heavy rigid trucks","Qld","2012",2785
"Heavy rigid trucks","Qld","2013",2505
"Heavy rigid trucks","Qld","2014",2732
"Heavy rigid trucks","Qld","2015",2715
"Heavy rigid trucks","Qld","2016",2716
"Heavy rigid trucks","Qld","2017",3346
"Heavy rigid trucks","Qld","2018",3912
"Heavy rigid trucks","Qld","2019",3056
"Heavy rigid trucks","Qld","2020",2891
"Heavy rigid trucks","Qld","2021",4843
"Heavy rigid trucks","Qld","2022",5334
"Heavy rigid trucks","Qld","2023",2269
"Heavy rigid trucks","Qld","Not stated",23
"Heavy rigid trucks","SA","1922",3
"Heavy rigid trucks","SA","1930",3
"Heavy rigid trucks","SA","1935",3
"Heavy rigid trucks","SA","1942",3
"Heavy rigid trucks","SA","1944",3
"Heavy rigid trucks","SA","1947",3
"Heavy rigid trucks","SA","1948",4
"Heavy rigid trucks","SA","1949",5
"Heavy rigid trucks","SA","1951",3
"Heavy rigid trucks","SA","1952",6
"Heavy rigid trucks","SA","1953",8
"Heavy rigid trucks","SA","1954",8
"Heavy rigid trucks","SA","1955",9
"Heavy rigid trucks","SA","1956",17
"Heavy rigid trucks","SA","1957",13
"Heavy rigid trucks","SA","1958",10
"Heavy rigid trucks","SA","1959",12
"Heavy rigid trucks","SA","1960",16
"Heavy rigid trucks","SA","1961",15
"Heavy rigid trucks","SA","1962",20
"Heavy rigid trucks","SA","1963",38
"Heavy rigid trucks","SA","1964",66
"Heavy rigid trucks","SA","1965",60
"Heavy rigid trucks","SA","1966",54
"Heavy rigid trucks","SA","1967",47
"Heavy rigid trucks","SA","1968",83
"Heavy rigid trucks","SA","1969",71
"Heavy rigid trucks","SA","1970",86
"Heavy rigid trucks","SA","1971",63
"Heavy rigid trucks","SA","1972",76
"Heavy rigid trucks","SA","1973",97
"Heavy rigid trucks","SA","1974",134
"Heavy rigid trucks","SA","1975",172
"Heavy rigid trucks","SA","1976",185
"Heavy rigid trucks","SA","1977",159
"Heavy rigid trucks","SA","1978",154
"Heavy rigid trucks","SA","1979",173
"Heavy rigid trucks","SA","1980",219
"Heavy rigid trucks","SA","1981",223
"Heavy rigid trucks","SA","1982",190
"Heavy rigid trucks","SA","1983",204
"Heavy rigid trucks","SA","1984",287
"Heavy rigid trucks","SA","1985",361
"Heavy rigid trucks","SA","1986",294
"Heavy rigid trucks","SA","1987",222
"Heavy rigid trucks","SA","1988",350
"Heavy rigid trucks","SA","1989",306
"Heavy rigid trucks","SA","1990",313
"Heavy rigid trucks","SA","1991",210
"Heavy rigid trucks","SA","1992",203
"Heavy rigid trucks","SA","1993",209
"Heavy rigid trucks","SA","1994",283
"Heavy rigid trucks","SA","1995",274
"Heavy rigid trucks","SA","1996",266
"Heavy rigid trucks","SA","1997",354
"Heavy rigid trucks","SA","1998",402
"Heavy rigid trucks","SA","1999",395
"Heavy rigid trucks","SA","2000",398
"Heavy rigid trucks","SA","2001",363
"Heavy rigid trucks","SA","2002",563
"Heavy rigid trucks","SA","2003",544
"Heavy rigid trucks","SA","2004",762
"Heavy rigid trucks","SA","2005",753
"Heavy rigid trucks","SA","2006",775
"Heavy rigid trucks","SA","2007",1148
"Heavy rigid trucks","SA","2008",835
"Heavy rigid trucks","SA","2009",771
"Heavy rigid trucks","SA","2010",892
"Heavy rigid trucks","SA","2011",543
"Heavy rigid trucks","SA","2012",676
"Heavy rigid trucks","SA","2013",647
"Heavy rigid trucks","SA","2014",788
"Heavy rigid trucks","SA","2015",771
"Heavy rigid trucks","SA","2016",811
"Heavy rigid trucks","SA","2017",896
"Heavy rigid trucks","SA","2018",1127
"Heavy rigid trucks","SA","2019",893
"Heavy rigid trucks","SA","2020",908
"Heavy rigid trucks","SA","2021",1479
"Heavy rigid trucks","SA","2022",1424
"Heavy rigid trucks","SA","2023",415
"Heavy rigid trucks","SA","2024",4
"Heavy rigid trucks","WA","1936",3
"Heavy rigid trucks","WA","1939",3
"Heavy rigid trucks","WA","1941",3
"Heavy rigid trucks","WA","1942",4
"Heavy rigid trucks","WA","1943",7
"Heavy rigid trucks","WA","1944",3
"Heavy rigid trucks","WA","1946",5
"Heavy rigid trucks","WA","1947",3
"Heavy rigid trucks","WA","1949",5
"Heavy rigid trucks","WA","1950",6
"Heavy rigid trucks","WA","1951",3
"Heavy rigid trucks","WA","1952",6
"Heavy rigid trucks","WA","1953",10
"Heavy rigid trucks","WA","1954",6
"Heavy rigid trucks","WA","1955",5
"Heavy rigid trucks","WA","1956",7
"Heavy rigid trucks","WA","1957",9
"Heavy rigid trucks","WA","1958",11
"Heavy rigid trucks","WA","1959",7
"Heavy rigid trucks","WA","1960",8
"Heavy rigid trucks","WA","1961",8
"Heavy rigid trucks","WA","1962",30
"Heavy rigid trucks","WA","1963",36
"Heavy rigid trucks","WA","1964",37
"Heavy rigid trucks","WA","1965",61
"Heavy rigid trucks","WA","1966",72
"Heavy rigid trucks","WA","1967",84
"Heavy rigid trucks","WA","1968",101
"Heavy rigid trucks","WA","1969",99
"Heavy rigid trucks","WA","1970",115
"Heavy rigid trucks","WA","1971",94
"Heavy rigid trucks","WA","1972",118
"Heavy rigid trucks","WA","1973",162
"Heavy rigid trucks","WA","1974",212
"Heavy rigid trucks","WA","1975",287
"Heavy rigid trucks","WA","1976",426
"Heavy rigid trucks","WA","1977",346
"Heavy rigid trucks","WA","1978",333
"Heavy rigid trucks","WA","1979",366
"Heavy rigid trucks","WA","1980",465
"Heavy rigid trucks","WA","1981",490
"Heavy rigid trucks","WA","1982",506
"Heavy rigid trucks","WA","1983",407
"Heavy rigid trucks","WA","1984",591
"Heavy rigid trucks","WA","1985",926
"Heavy rigid trucks","WA","1986",646
"Heavy rigid trucks","WA","1987",650
"Heavy rigid trucks","WA","1988",955
"Heavy rigid trucks","WA","1989",903
"Heavy rigid trucks","WA","1990",779
"Heavy rigid trucks","WA","1991",515
"Heavy rigid trucks","WA","1992",681
"Heavy rigid trucks","WA","1993",700
"Heavy rigid trucks","WA","1994",927
"Heavy rigid trucks","WA","1995",838
"Heavy rigid trucks","WA","1996",842
"Heavy rigid trucks","WA","1997",865
"Heavy rigid trucks","WA","1998",1055
"Heavy rigid trucks","WA","1999",985
"Heavy rigid trucks","WA","2000",1030
"Heavy rigid trucks","WA","2001",924
"Heavy rigid trucks","WA","2002",1231
"Heavy rigid trucks","WA","2003",1226
"Heavy rigid trucks","WA","2004",1563
"Heavy rigid trucks","WA","2005",1820
"Heavy rigid trucks","WA","2006",2227
"Heavy rigid trucks","WA","2007",3048
"Heavy rigid trucks","WA","2008",2398
"Heavy rigid trucks","WA","2009",1728
"Heavy rigid trucks","WA","2010",2401
"Heavy rigid trucks","WA","2011",1698
"Heavy rigid trucks","WA","2012",2861
"Heavy rigid trucks","WA","2013",1867
"Heavy rigid trucks","WA","2014",1783
"Heavy rigid trucks","WA","2015",1514
"Heavy rigid trucks","WA","2016",1318
"Heavy rigid trucks","WA","2017",1436
"Heavy rigid trucks","WA","2018",1855
"Heavy rigid trucks","WA","2019",1691
"Heavy rigid trucks","WA","2020",1906
"Heavy rigid trucks","WA","2021",2996
"Heavy rigid trucks","WA","2022",2719
"Heavy rigid trucks","WA","2023",1113
"Heavy rigid trucks","WA","2024",3
"Heavy rigid trucks","Tas","1947",3
"Heavy rigid trucks","Tas","1951",3
"Heavy rigid trucks","Tas","1960",3
"Heavy rigid trucks","Tas","1962",3
"Heavy rigid trucks","Tas","1963",3
"Heavy rigid trucks","Tas","1964",3
"Heavy rigid trucks","Tas","1965",3
"Heavy rigid trucks","Tas","1966",6
"Heavy rigid trucks","Tas","1967",4
"Heavy rigid trucks","Tas","1968",7
"Heavy rigid trucks","Tas","1969",5
"Heavy rigid trucks","Tas","1970",8
"Heavy rigid trucks","Tas","1971",5
"Heavy rigid trucks","Tas","1972",9
"Heavy rigid trucks","Tas","1973",8
"Heavy rigid trucks","Tas","1974",18
"Heavy rigid trucks","Tas","1975",16
"Heavy rigid trucks","Tas","1976",27
"Heavy rigid trucks","Tas","1977",37
"Heavy rigid trucks","Tas","1978",40
"Heavy rigid trucks","Tas","1979",61
"Heavy rigid trucks","Tas","1980",70
"Heavy rigid trucks","Tas","1981",61
"Heavy rigid trucks","Tas","1982",75
"Heavy rigid trucks","Tas","1983",76
"Heavy rigid trucks","Tas","1984",156
"Heavy rigid trucks","Tas","1985",240
"Heavy rigid trucks","Tas","1986",170
"Heavy rigid trucks","Tas","1987",164
"Heavy rigid trucks","Tas","1988",211
"Heavy rigid trucks","Tas","1989",224
"Heavy rigid trucks","Tas","1990",197
"Heavy rigid trucks","Tas","1991",122
"Heavy rigid trucks","Tas","1992",130
"Heavy rigid trucks","Tas","1993",128
"Heavy rigid trucks","Tas","1994",206
"Heavy rigid trucks","Tas","1995",193
"Heavy rigid trucks","Tas","1996",162
"Heavy rigid trucks","Tas","1997",173
"Heavy rigid trucks","Tas","1998",205
"Heavy rigid trucks","Tas","1999",204
"Heavy rigid trucks","Tas","2000",202
"Heavy rigid trucks","Tas","2001",186
"Heavy rigid trucks","Tas","2002",282
"Heavy rigid trucks","Tas","2003",262
"Heavy rigid trucks","Tas","2004",354
"Heavy rigid trucks","Tas","2005",356
"Heavy rigid trucks","Tas","2006",362
"Heavy rigid trucks","Tas","2007",476
"Heavy rigid trucks","Tas","2008",364
"Heavy rigid trucks","Tas","2009",302
"Heavy rigid trucks","Tas","2010",364
"Heavy rigid trucks","Tas","2011",196
"Heavy rigid trucks","Tas","2012",222
"Heavy rigid trucks","Tas","2013",278
"Heavy rigid trucks","Tas","2014",251
"Heavy rigid trucks","Tas","2015",303
"Heavy rigid trucks","Tas","2016",334
"Heavy rigid trucks","Tas","2017",331
"Heavy rigid trucks","Tas","2018",388
"Heavy rigid trucks","Tas","2019",356
"Heavy rigid trucks","Tas","2020",297
"Heavy rigid trucks","Tas","2021",450
"Heavy rigid trucks","Tas","2022",348
"Heavy rigid trucks","Tas","2023",165
"Heavy rigid trucks","NT","1968",3
"Heavy rigid trucks","NT","1972",3
"Heavy rigid trucks","NT","1973",3
"Heavy rigid trucks","NT","1974",3
"Heavy rigid trucks","NT","1975",3
"Heavy rigid trucks","NT","1976",3
"Heavy rigid trucks","NT","1977",3
"Heavy rigid trucks","NT","1978",3
"Heavy rigid trucks","NT","1979",4
"Heavy rigid trucks","NT","1980",7
"Heavy rigid trucks","NT","1981",7
"Heavy rigid trucks","NT","1982",7
"Heavy rigid trucks","NT","1983",14
"Heavy rigid trucks","NT","1984",15
"Heavy rigid trucks","NT","1985",32
"Heavy rigid trucks","NT","1986",29
"Heavy rigid trucks","NT","1987",24
"Heavy rigid trucks","NT","1988",49
"Heavy rigid trucks","NT","1989",44
"Heavy rigid trucks","NT","1990",45
"Heavy rigid trucks","NT","1991",28
"Heavy rigid trucks","NT","1992",40
"Heavy rigid trucks","NT","1993",41
"Heavy rigid trucks","NT","1994",72
"Heavy rigid trucks","NT","1995",55
"Heavy rigid trucks","NT","1996",66
"Heavy rigid trucks","NT","1997",84
"Heavy rigid trucks","NT","1998",79
"Heavy rigid trucks","NT","1999",97
"Heavy rigid trucks","NT","2000",109
"Heavy rigid trucks","NT","2001",102
"Heavy rigid trucks","NT","2002",111
"Heavy rigid trucks","NT","2003",110
"Heavy rigid trucks","NT","2004",139
"Heavy rigid trucks","NT","2005",194
"Heavy rigid trucks","NT","2006",201
"Heavy rigid trucks","NT","2007",279
"Heavy rigid trucks","NT","2008",260
"Heavy rigid trucks","NT","2009",185
"Heavy rigid trucks","NT","2010",226
"Heavy rigid trucks","NT","2011",143
"Heavy rigid trucks","NT","2012",215
"Heavy rigid trucks","NT","2013",168
"Heavy rigid trucks","NT","2014",177
"Heavy rigid trucks","NT","2015",170
"Heavy rigid trucks","NT","2016",159
"Heavy rigid trucks","NT","2017",177
"Heavy rigid trucks","NT","2018",201
"Heavy rigid trucks","NT","2019",168
"Heavy rigid trucks","NT","2020",138
"Heavy rigid trucks","NT","2021",249
"Heavy rigid trucks","NT","2022",244
"Heavy rigid trucks","NT","2023",98
"Heavy rigid trucks","ACT","1976",3
"Heavy rigid trucks","ACT","1980",3
"Heavy rigid trucks","ACT","1981",3
"Heavy rigid trucks","ACT","1982",3
"Heavy rigid trucks","ACT","1983",6
"Heavy rigid trucks","ACT","1984",4
"Heavy rigid trucks","ACT","1985",8
"Heavy rigid trucks","ACT","1986",3
"Heavy rigid trucks","ACT","1987",6
"Heavy rigid trucks","ACT","1988",7
"Heavy rigid trucks","ACT","1989",10
"Heavy rigid trucks","ACT","1990",7
"Heavy rigid trucks","ACT","1991",3
"Heavy rigid trucks","ACT","1992",12
"Heavy rigid trucks","ACT","1993",5
"Heavy rigid trucks","ACT","1994",13
"Heavy rigid trucks","ACT","1995",10
"Heavy rigid trucks","ACT","1996",11
"Heavy rigid trucks","ACT","1997",14
"Heavy rigid trucks","ACT","1998",13
"Heavy rigid trucks","ACT","1999",17
"Heavy rigid trucks","ACT","2000",26
"Heavy rigid trucks","ACT","2001",27
"Heavy rigid trucks","ACT","2002",39
"Heavy rigid trucks","ACT","2003",33
"Heavy rigid trucks","ACT","2004",49
"Heavy rigid trucks","ACT","2005",51
"Heavy rigid trucks","ACT","2006",62
"Heavy rigid trucks","ACT","2007",95
"Heavy rigid trucks","ACT","2008",51
"Heavy rigid trucks","ACT","2009",61
"Heavy rigid trucks","ACT","2010",70
"Heavy rigid trucks","ACT","2011",51
"Heavy rigid trucks","ACT","2012",47
"Heavy rigid trucks","ACT","2013",83
"Heavy rigid trucks","ACT","2014",64
"Heavy rigid trucks","ACT","2015",83
"Heavy rigid trucks","ACT","2016",96
"Heavy rigid trucks","ACT","2017",84
"Heavy rigid trucks","ACT","2018",89
"Heavy rigid trucks","ACT","2019",114
"Heavy rigid trucks","ACT","2020",93
"Heavy rigid trucks","ACT","2021",117
"Heavy rigid trucks","ACT","2022",124
"Heavy rigid trucks","ACT","2023",33
"Articulated trucks","NSW","1959",3
"Articulated trucks","NSW","1963",3
"Articulated trucks","NSW","1967",3
"Articulated trucks","NSW","1968",3
"Articulated trucks","NSW","1969",3
"Articulated trucks","NSW","1972",4
"Articulated trucks","NSW","1973",5
"Articulated trucks","NSW","1974",3
"Articulated trucks","NSW","1975",9
"Articulated trucks","NSW","1976",16
"Articulated trucks","NSW","1977",13
"Articulated trucks","NSW","1978",18
"Articulated trucks","NSW","1979",38
"Articulated trucks","NSW","1980",43
"Articulated trucks","NSW","1981",43
"Articulated trucks","NSW","1982",31
"Articulated trucks","NSW","1983",21
"Articulated trucks","NSW","1984",59
"Articulated trucks","NSW","1985",90
"Articulated trucks","NSW","1986",73
"Articulated trucks","NSW","1987",53
"Articulated trucks","NSW","1988",116
"Articulated trucks","NSW","1989",148
"Articulated trucks","NSW","1990",106
"Articulated trucks","NSW","1991",48
"Articulated trucks","NSW","1992",74
"Articulated trucks","NSW","1993",173
"Articulated trucks","NSW","1994",255
"Articulated trucks","NSW","1995",248
"Articulated trucks","NSW","1996",234
"Articulated trucks","NSW","1997",272
"Articulated trucks","NSW","1998",374
"Articulated trucks","NSW","1999",362
"Articulated trucks","NSW","2000",302
"Articulated trucks","NSW","2001",307
"Articulated trucks","NSW","2002",428
"Articulated trucks","NSW","2003",598
"Articulated trucks","NSW","2004",776
"Articulated trucks","NSW","2005",781
"Articulated trucks","NSW","2006",757
"Articulated trucks","NSW","2007",1377
"Articulated trucks","NSW","2008",711
"Articulated trucks","NSW","2009",545
"Articulated trucks","NSW","2010",1089
"Articulated trucks","NSW","2011",671
"Articulated trucks","NSW","2012",1100
"Articulated trucks","NSW","2013",1218
"Articulated trucks","NSW","2014",1185
"Articulated trucks","NSW","2015",1210
"Articulated trucks","NSW","2016",1094
"Articulated trucks","NSW","2017",1392
"Articulated trucks","NSW","2018",1648
"Articulated trucks","NSW","2019",1364
"Articulated trucks","NSW","2020",1312
"Articulated trucks","NSW","2021",1846
"Articulated trucks","NSW","2022",1985
"Articulated trucks","NSW","2023",1409
"Articulated trucks","Vic","1961",3
"Articulated trucks","Vic","1963",3
"Articulated trucks","Vic","1964",7
"Articulated trucks","Vic","1965",3
"Articulated trucks","Vic","1966",6
"Articulated trucks","Vic","1967",3
"Articulated trucks","Vic","1968",7
"Articulated trucks","Vic","1969",14
"Articulated trucks","Vic","1970",30
"Articulated trucks","Vic","1971",16
"Articulated trucks","Vic","1972",16
"Articulated trucks","Vic","1973",33
"Articulated trucks","Vic","1974",31
"Articulated trucks","Vic","1975",38
"Articulated trucks","Vic","1976",75
"Articulated trucks","Vic","1977",80
"Articulated trucks","Vic","1978",74
"Articulated trucks","Vic","1979",100
"Articulated trucks","Vic","1980",99
"Articulated trucks","Vic","1981",99
"Articulated trucks","Vic","1982",80
"Articulated trucks","Vic","1983",57
"Articulated trucks","Vic","1984",100
"Articulated trucks","Vic","1985",183
"Articulated trucks","Vic","1986",152
"Articulated trucks","Vic","1987",139
"Articulated trucks","Vic","1988",229
"Articulated trucks","Vic","1989",197
"Articulated trucks","Vic","1990",171
"Articulated trucks","Vic","1991",80
"Articulated trucks","Vic","1992",139
"Articulated trucks","Vic","1993",276
"Articulated trucks","Vic","1994",441
"Articulated trucks","Vic","1995",385
"Articulated trucks","Vic","1996",330
"Articulated trucks","Vic","1997",385
"Articulated trucks","Vic","1998",508
"Articulated trucks","Vic","1999",421
"Articulated trucks","Vic","2000",383
"Articulated trucks","Vic","2001",378
"Articulated trucks","Vic","2002",502
"Articulated trucks","Vic","2003",742
"Articulated trucks","Vic","2004",816
"Articulated trucks","Vic","2005",897
"Articulated trucks","Vic","2006",866
"Articulated trucks","Vic","2007",1607
"Articulated trucks","Vic","2008",792
"Articulated trucks","Vic","2009",636
"Articulated trucks","Vic","2010",1093
"Articulated trucks","Vic","2011",660
"Articulated trucks","Vic","2012",1131
"Articulated trucks","Vic","2013",1341
"Articulated trucks","Vic","2014",1326
"Articulated trucks","Vic","2015",1209
"Articulated trucks","Vic","2016",1270
"Articulated trucks","Vic","2017",1734
"Articulated trucks","Vic","2018",2104
"Articulated trucks","Vic","2019",1743
"Articulated trucks","Vic","2020",1670
"Articulated trucks","Vic","2021",2334
"Articulated trucks","Vic","2022",2826
"Articulated trucks","Vic","2023",1857
"Articulated trucks","Vic","Not stated",3
"Articulated trucks","Qld","1942",3
"Articulated trucks","Qld","1945",3
"Articulated trucks","Qld","1947",3
"Articulated trucks","Qld","1955",3
"Articulated trucks","Qld","1957",3
"Articulated trucks","Qld","1960",5
"Articulated trucks","Qld","1961",3
"Articulated trucks","Qld","1962",5
"Articulated trucks","Qld","1963",5
"Articulated trucks","Qld","1964",23
"Articulated trucks","Qld","1965",8
"Articulated trucks","Qld","1966",12
"Articulated trucks","Qld","1967",6
"Articulated trucks","Qld","1968",9
"Articulated trucks","Qld","1969",11
"Articulated trucks","Qld","1970",9
"Articulated trucks","Qld","1971",14
"Articulated trucks","Qld","1972",12
"Articulated trucks","Qld","1973",7
"Articulated trucks","Qld","1974",16
"Articulated trucks","Qld","1975",37
"Articulated trucks","Qld","1976",35
"Articulated trucks","Qld","1977",30
"Articulated trucks","Qld","1978",43
"Articulated trucks","Qld","1979",58
"Articulated trucks","Qld","1980",69
"Articulated trucks","Qld","1981",60
"Articulated trucks","Qld","1982",56
"Articulated trucks","Qld","1983",26
"Articulated trucks","Qld","1984",80
"Articulated trucks","Qld","1985",100
"Articulated trucks","Qld","1986",95
"Articulated trucks","Qld","1987",90
"Articulated trucks","Qld","1988",142
"Articulated trucks","Qld","1989",133
"Articulated trucks","Qld","1990",119
"Articulated trucks","Qld","1991",50
"Articulated trucks","Qld","1992",73
"Articulated trucks","Qld","1993",149
"Articulated trucks","Qld","1994",214
"Articulated trucks","Qld","1995",241
"Articulated trucks","Qld","1996",213
"Articulated trucks","Qld","1997",273
"Articulated trucks","Qld","1998",337
"Articulated trucks","Qld","1999",342
"Articulated trucks","Qld","2000",293
"Articulated trucks","Qld","2001",296
"Articulated trucks","Qld","2002",450
"Articulated trucks","Qld","2003",549
"Articulated trucks","Qld","2004",709
"Articulated trucks","Qld","2005",699
"Articulated trucks","Qld","2006",737
"Articulated trucks","Qld","2007",1350
"Articulated trucks","Qld","2008",624
"Articulated trucks","Qld","2009",540
"Articulated trucks","Qld","2010",990
"Articulated trucks","Qld","2011",597
"Articulated trucks","Qld","2012",1066
"Articulated trucks","Qld","2013",1138
"Articulated trucks","Qld","2014",1023
"Articulated trucks","Qld","2015",850
"Articulated trucks","Qld","2016",913
"Articulated trucks","Qld","2017",1322
"Articulated trucks","Qld","2018",1522
"Articulated trucks","Qld","2019",1314
"Articulated trucks","Qld","2020",1192
"Articulated trucks","Qld","2021",2001
"Articulated trucks","Qld","2022",2114
"Articulated trucks","Qld","2023",1447
"Articulated trucks","Qld","Not stated",3
"Articulated trucks","SA","1949",3
"Articulated trucks","SA","1964",3
"Articulated trucks","SA","1965",3
"Articulated trucks","SA","1967",3
"Articulated trucks","SA","1969",3
"Articulated trucks","SA","1970",6
"Articulated trucks","SA","1971",5
"Articulated trucks","SA","1972",8
"Articulated trucks","SA","1973",9
"Articulated trucks","SA","1974",13
"Articulated trucks","SA","1975",15
"Articulated trucks","SA","1976",24
"Articulated trucks","SA","1977",21
"Articulated trucks","SA","1978",26
"Articulated trucks","SA","1979",38
"Articulated trucks","SA","1980",25
"Articulated trucks","SA","1981",28
"Articulated trucks","SA","1982",19
"Articulated trucks","SA","1983",19
"Articulated trucks","SA","1984",31
"Articulated trucks","SA","1985",42
"Articulated trucks","SA","1986",44
"Articulated trucks","SA","1987",46
"Articulated trucks","SA","1988",61
"Articulated trucks","SA","1989",68
"Articulated trucks","SA","1990",56
"Articulated trucks","SA","1991",42
"Articulated trucks","SA","1992",32
"Articulated trucks","SA","1993",67
"Articulated trucks","SA","1994",133
"Articulated trucks","SA","1995",107
"Articulated trucks","SA","1996",88
"Articulated trucks","SA","1997",132
"Articulated trucks","SA","1998",149
"Articulated trucks","SA","1999",133
"Articulated trucks","SA","2000",113
"Articulated trucks","SA","2001",112
"Articulated trucks","SA","2002",182
"Articulated trucks","SA","2003",216
"Articulated trucks","SA","2004",303
"Articulated trucks","SA","2005",284
"Articulated trucks","SA","2006",318
"Articulated trucks","SA","2007",552
"Articulated trucks","SA","2008",294
"Articulated trucks","SA","2009",221
"Articulated trucks","SA","2010",393
"Articulated trucks","SA","2011",270
"Articulated trucks","SA","2012",401
"Articulated trucks","SA","2013",479
"Articulated trucks","SA","2014",444
"Articulated trucks","SA","2015",364
"Articulated trucks","SA","2016",333
"Articulated trucks","SA","2017",448
"Articulated trucks","SA","2018",537
"Articulated trucks","SA","2019",419
"Articulated trucks","SA","2020",408
"Articulated trucks","SA","2021",708
"Articulated trucks","SA","2022",772
"Articulated trucks","SA","2023",457
"Articulated trucks","WA","1966",3
"Articulated trucks","WA","1967",3
"Articulated trucks","WA","1968",4
"Articulated trucks","WA","1970",7
"Articulated trucks","WA","1971",10
"Articulated trucks","WA","1972",8
"Articulated trucks","WA","1973",8
"Articulated trucks","WA","1974",13
"Articulated trucks","WA","1975",17
"Articulated trucks","WA","1976",40
"Articulated trucks","WA","1977",33
"Articulated trucks","WA","1978",43
"Articulated trucks","WA","1979",59
"Articulated trucks","WA","1980",52
"Articulated trucks","WA","1981",58
"Articulated trucks","WA","1982",45
"Articulated trucks","WA","1983",27
"Articulated trucks","WA","1984",57
"Articulated trucks","WA","1985",95
"Articulated trucks","WA","1986",74
"Articulated trucks","WA","1987",76
"Articulated trucks","WA","1988",137
"Articulated trucks","WA","1989",126
"Articulated trucks","WA","1990",106
"Articulated trucks","WA","1991",43
"Articulated trucks","WA","1992",61
"Articulated trucks","WA","1993",105
"Articulated trucks","WA","1994",187
"Articulated trucks","WA","1995",203
"Articulated trucks","WA","1996",199
"Articulated trucks","WA","1997",219
"Articulated trucks","WA","1998",300
"Articulated trucks","WA","1999",257
"Articulated trucks","WA","2000",272
"Articulated trucks","WA","2001",258
"Articulated trucks","WA","2002",362
"Articulated trucks","WA","2003",482
"Articulated trucks","WA","2004",637
"Articulated trucks","WA","2005",671
"Articulated trucks","WA","2006",682
"Articulated trucks","WA","2007",1144
"Articulated trucks","WA","2008",642
"Articulated trucks","WA","2009",526
"Articulated trucks","WA","2010",846
"Articulated trucks","WA","2011",494
"Articulated trucks","WA","2012",976
"Articulated trucks","WA","2013",942
"Articulated trucks","WA","2014",889
"Articulated trucks","WA","2015",617
"Articulated trucks","WA","2016",582
"Articulated trucks","WA","2017",767
"Articulated trucks","WA","2018",905
"Articulated trucks","WA","2019",783
"Articulated trucks","WA","2020",702
"Articulated trucks","WA","2021",1235
"Articulated trucks","WA","2022",1216
"Articulated trucks","WA","2023",577
"Articulated trucks","Tas","1971",3
"Articulated trucks","Tas","1977",3
"Articulated trucks","Tas","1978",7
"Articulated trucks","Tas","1979",4
"Articulated trucks","Tas","1980",5
"Articulated trucks","Tas","1981",4
"Articulated trucks","Tas","1982",5
"Articulated trucks","Tas","1984",10
"Articulated trucks","Tas","1985",7
"Articulated trucks","Tas","1986",6
"Articulated trucks","Tas","1987",6
"Articulated trucks","Tas","1988",8
"Articulated trucks","Tas","1989",18
"Articulated trucks","Tas","1990",17
"Articulated trucks","Tas","1991",5
"Articulated trucks","Tas","1992",4
"Articulated trucks","Tas","1993",3
"Articulated trucks","Tas","1994",13
"Articulated trucks","Tas","1995",15
"Articulated trucks","Tas","1996",25
"Articulated trucks","Tas","1997",29
"Articulated trucks","Tas","1998",33
"Articulated trucks","Tas","1999",24
"Articulated trucks","Tas","2000",30
"Articulated trucks","Tas","2001",23
"Articulated trucks","Tas","2002",52
"Articulated trucks","Tas","2003",62
"Articulated trucks","Tas","2004",71
"Articulated trucks","Tas","2005",73
"Articulated trucks","Tas","2006",73
"Articulated trucks","Tas","2007",149
"Articulated trucks","Tas","2008",64
"Articulated trucks","Tas","2009",35
"Articulated trucks","Tas","2010",80
"Articulated trucks","Tas","2011",32
"Articulated trucks","Tas","2012",80
"Articulated trucks","Tas","2013",95
"Articulated trucks","Tas","2014",108
"Articulated trucks","Tas","2015",100
"Articulated trucks","Tas","2016",114
"Articulated trucks","Tas","2017",125
"Articulated trucks","Tas","2018",181
"Articulated trucks","Tas","2019",114
"Articulated trucks","Tas","2020",102
"Articulated trucks","Tas","2021",116
"Articulated trucks","Tas","2022",145
"Articulated trucks","Tas","2023",93
"Articulated trucks","NT","1968",3
"Articulated trucks","NT","1974",3
"Articulated trucks","NT","1978",3
"Articulated trucks","NT","1981",3
"Articulated trucks","NT","1985",5
"Articulated trucks","NT","1986",7
"Articulated trucks","NT","1987",4
"Articulated trucks","NT","1988",9
"Articulated trucks","NT","1989",12
"Articulated trucks","NT","1990",6
"Articulated trucks","NT","1991",3
"Articulated trucks","NT","1993",6
"Articulated trucks","NT","1994",12
"Articulated trucks","NT","1995",14
"Articulated trucks","NT","1996",22
"Articulated trucks","NT","1997",18
"Articulated trucks","NT","1998",14
"Articulated trucks","NT","1999",14
"Articulated trucks","NT","2000",20
"Articulated trucks","NT","2001",23
"Articulated trucks","NT","2002",27
"Articulated trucks","NT","2003",42
"Articulated trucks","NT","2004",34
"Articulated trucks","NT","2005",51
"Articulated trucks","NT","2006",46
"Articulated trucks","NT","2007",94
"Articulated trucks","NT","2008",54
"Articulated trucks","NT","2009",40
"Articulated trucks","NT","2010",77
"Articulated trucks","NT","2011",33
"Articulated trucks","NT","2012",68
"Articulated trucks","NT","2013",83
"Articulated trucks","NT","2014",78
"Articulated trucks","NT","2015",39
"Articulated trucks","NT","2016",35
"Articulated trucks","NT","2017",45
"Articulated trucks","NT","2018",59
"Articulated trucks","NT","2019",56
"Articulated trucks","NT","2020",54
"Articulated trucks","NT","2021",65
"Articulated trucks","NT","2022",56
"Articulated trucks","NT","2023",36
"Articulated trucks","ACT","1990",3
"Articulated trucks","ACT","1994",3
"Articulated trucks","ACT","1996",3
"Articulated trucks","ACT","1999",3
"Articulated trucks","ACT","2000",4
"Articulated trucks","ACT","2001",5
"Articulated trucks","ACT","2002",3
"Articulated trucks","ACT","2004",9
"Articulated trucks","ACT","2005",15
"Articulated trucks","ACT","2006",4
"Articulated trucks","ACT","2007",16
"Articulated trucks","ACT","2008",4
"Articulated trucks","ACT","2009",4
"Articulated trucks","ACT","2010",10
"Articulated trucks","ACT","2011",7
"Articulated trucks","ACT","2012",9
"Articulated trucks","ACT","2013",11
"Articulated trucks","ACT","2014",9
"Articulated trucks","ACT","2015",6
"Articulated trucks","ACT","2016",9
"Articulated trucks","ACT","2017",11
"Articulated trucks","ACT","2018",12
"Articulated trucks","ACT","2019",4
"Articulated trucks","ACT","2020",9
"Articulated trucks","ACT","2021",4
"Articulated trucks","ACT","2022",9
"Articulated trucks","ACT","2023",8
"Non-freight-carrying vehicles","NSW","1926",3
"Non-freight-carrying vehicles","NSW","1927",3
"Non-freight-carrying vehicles","NSW","1959",3
"Non-freight-carrying vehicles","NSW","1961",3
"Non-freight-carrying vehicles","NSW","1965",3
"Non-freight-carrying vehicles","NSW","1967",3
"Non-freight-carrying vehicles","NSW","1968",4
"Non-freight-carrying vehicles","NSW","1969",3
"Non-freight-carrying vehicles","NSW","1970",3
"Non-freight-carrying vehicles","NSW","1971",3
"Non-freight-carrying vehicles","NSW","1972",3
"Non-freight-carrying vehicles","NSW","1973",4
"Non-freight-carrying vehicles","NSW","1974",4
"Non-freight-carrying vehicles","NSW","1975",9
"Non-freight-carrying vehicles","NSW","1976",4
"Non-freight-carrying vehicles","NSW","1977",12
"Non-freight-carrying vehicles","NSW","1978",7
"Non-freight-carrying vehicles","NSW","1979",8
"Non-freight-carrying vehicles","NSW","1980",11
"Non-freight-carrying vehicles","NSW","1981",10
"Non-freight-carrying vehicles","NSW","1982",18
"Non-freight-carrying vehicles","NSW","1983",20
"Non-freight-carrying vehicles","NSW","1984",27
"Non-freight-carrying vehicles","NSW","1985",27
"Non-freight-carrying vehicles","NSW","1986",22
"Non-freight-carrying vehicles","NSW","1987",21
"Non-freight-carrying vehicles","NSW","1988",31
"Non-freight-carrying vehicles","NSW","1989",39
"Non-freight-carrying vehicles","NSW","1990",35
"Non-freight-carrying vehicles","NSW","1991",44
"Non-freight-carrying vehicles","NSW","1992",45
"Non-freight-carrying vehicles","NSW","1993",24
"Non-freight-carrying vehicles","NSW","1994",69
"Non-freight-carrying vehicles","NSW","1995",53
"Non-freight-carrying vehicles","NSW","1996",54
"Non-freight-carrying vehicles","NSW","1997",50
"Non-freight-carrying vehicles","NSW","1998",61
"Non-freight-carrying vehicles","NSW","1999",79
"Non-freight-carrying vehicles","NSW","2000",101
"Non-freight-carrying vehicles","NSW","2001",95
"Non-freight-carrying vehicles","NSW","2002",142
"Non-freight-carrying vehicles","NSW","2003",118
"Non-freight-carrying vehicles","NSW","2004",182
"Non-freight-carrying vehicles","NSW","2005",230
"Non-freight-carrying vehicles","NSW","2006",233
"Non-freight-carrying vehicles","NSW","2007",253
"Non-freight-carrying vehicles","NSW","2008",228
"Non-freight-carrying vehicles","NSW","2009",235
"Non-freight-carrying vehicles","NSW","2010",273
"Non-freight-carrying vehicles","NSW","2011",226
"Non-freight-carrying vehicles","NSW","2012",195
"Non-freight-carrying vehicles","NSW","2013",217
"Non-freight-carrying vehicles","NSW","2014",300
"Non-freight-carrying vehicles","NSW","2015",278
"Non-freight-carrying vehicles","NSW","2016",268
"Non-freight-carrying vehicles","NSW","2017",369
"Non-freight-carrying vehicles","NSW","2018",342
"Non-freight-carrying vehicles","NSW","2019",451
"Non-freight-carrying vehicles","NSW","2020",357
"Non-freight-carrying vehicles","NSW","2021",351
"Non-freight-carrying vehicles","NSW","2022",345
"Non-freight-carrying vehicles","NSW","2023",210
"Non-freight-carrying vehicles","NSW","2024",9
"Non-freight-carrying vehicles","NSW","Not stated",3
"Non-freight-carrying vehicles","Vic","1925",3
"Non-freight-carrying vehicles","Vic","1942",3
"Non-freight-carrying vehicles","Vic","1946",3
"Non-freight-carrying vehicles","Vic","1956",3
"Non-freight-carrying vehicles","Vic","1958",3
"Non-freight-carrying vehicles","Vic","1960",3
"Non-freight-carrying vehicles","Vic","1964",4
"Non-freight-carrying vehicles","Vic","1965",5
"Non-freight-carrying vehicles","Vic","1966",4
"Non-freight-carrying vehicles","Vic","1967",6
"Non-freight-carrying vehicles","Vic","1968",6
"Non-freight-carrying vehicles","Vic","1969",7
"Non-freight-carrying vehicles","Vic","1970",10
"Non-freight-carrying vehicles","Vic","1971",14
"Non-freight-carrying vehicles","Vic","1972",12
"Non-freight-carrying vehicles","Vic","1973",19
"Non-freight-carrying vehicles","Vic","1974",11
"Non-freight-carrying vehicles","Vic","1975",25
"Non-freight-carrying vehicles","Vic","1976",27
"Non-freight-carrying vehicles","Vic","1977",22
"Non-freight-carrying vehicles","Vic","1978",13
"Non-freight-carrying vehicles","Vic","1979",19
"Non-freight-carrying vehicles","Vic","1980",23
"Non-freight-carrying vehicles","Vic","1981",40
"Non-freight-carrying vehicles","Vic","1982",33
"Non-freight-carrying vehicles","Vic","1983",35
"Non-freight-carrying vehicles","Vic","1984",39
"Non-freight-carrying vehicles","Vic","1985",48
"Non-freight-carrying vehicles","Vic","1986",57
"Non-freight-carrying vehicles","Vic","1987",92
"Non-freight-carrying vehicles","Vic","1988",94
"Non-freight-carrying vehicles","Vic","1989",77
"Non-freight-carrying vehicles","Vic","1990",88
"Non-freight-carrying vehicles","Vic","1991",130
"Non-freight-carrying vehicles","Vic","1992",149
"Non-freight-carrying vehicles","Vic","1993",102
"Non-freight-carrying vehicles","Vic","1994",92
"Non-freight-carrying vehicles","Vic","1995",134
"Non-freight-carrying vehicles","Vic","1996",129
"Non-freight-carrying vehicles","Vic","1997",122
"Non-freight-carrying vehicles","Vic","1998",147
"Non-freight-carrying vehicles","Vic","1999",215
"Non-freight-carrying vehicles","Vic","2000",166
"Non-freight-carrying vehicles","Vic","2001",171
"Non-freight-carrying vehicles","Vic","2002",209
"Non-freight-carrying vehicles","Vic","2003",202
"Non-freight-carrying vehicles","Vic","2004",297
"Non-freight-carrying vehicles","Vic","2005",294
"Non-freight-carrying vehicles","Vic","2006",292
"Non-freight-carrying vehicles","Vic","2007",452
"Non-freight-carrying vehicles","Vic","2008",358
"Non-freight-carrying vehicles","Vic","2009",323
"Non-freight-carrying vehicles","Vic","2010",342
"Non-freight-carrying vehicles","Vic","2011",302
"Non-freight-carrying vehicles","Vic","2012",491
"Non-freight-carrying vehicles","Vic","2013",428
"Non-freight-carrying vehicles","Vic","2014",500
"Non-freight-carrying vehicles","Vic","2015",528
"Non-freight-carrying vehicles","Vic","2016",443
"Non-freight-carrying vehicles","Vic","2017",420
"Non-freight-carrying vehicles","Vic","2018",599
"Non-freight-carrying vehicles","Vic","2019",620
"Non-freight-carrying vehicles","Vic","2020",515
"Non-freight-carrying vehicles","Vic","2021",734
"Non-freight-carrying vehicles","Vic","2022",672
"Non-freight-carrying vehicles","Vic","2023",311
"Non-freight-carrying vehicles","Vic","Not stated",40
"Non-freight-carrying vehicles","Qld","1924",3
"Non-freight-carrying vehicles","Qld","1925",3
"Non-freight-carrying vehicles","Qld","1926",3
"Non-freight-carrying vehicles","Qld","1932",3
"Non-freight-carrying vehicles","Qld","1936",3
"Non-freight-carrying vehicles","Qld","1939",3
"Non-freight-carrying vehicles","Qld","1962",3
"Non-freight-carrying vehicles","Qld","1968",3
"Non-freight-carrying vehicles","Qld","1970",5
"Non-freight-carrying vehicles","Qld","1971",6
"Non-freight-carrying vehicles","Qld","1972",3
"Non-freight-carrying vehicles","Qld","1974",5
"Non-freight-carrying vehicles","Qld","1976",8
"Non-freight-carrying vehicles","Qld","1977",10
"Non-freight-carrying vehicles","Qld","1978",13
"Non-freight-carrying vehicles","Qld","1979",14
"Non-freight-carrying vehicles","Qld","1980",17
"Non-freight-carrying vehicles","Qld","1981",23
"Non-freight-carrying vehicles","Qld","1982",17
"Non-freight-carrying vehicles","Qld","1983",12
"Non-freight-carrying vehicles","Qld","1984",20
"Non-freight-carrying vehicles","Qld","1985",16
"Non-freight-carrying vehicles","Qld","1986",18
"Non-freight-carrying vehicles","Qld","1987",29
"Non-freight-carrying vehicles","Qld","1988",32
"Non-freight-carrying vehicles","Qld","1989",53
"Non-freight-carrying vehicles","Qld","1990",42
"Non-freight-carrying vehicles","Qld","1991",28
"Non-freight-carrying vehicles","Qld","1992",34
"Non-freight-carrying vehicles","Qld","1993",31
"Non-freight-carrying vehicles","Qld","1994",38
"Non-freight-carrying vehicles","Qld","1995",65
"Non-freight-carrying vehicles","Qld","1996",54
"Non-freight-carrying vehicles","Qld","1997",65
"Non-freight-carrying vehicles","Qld","1998",78
"Non-freight-carrying vehicles","Qld","1999",78
"Non-freight-carrying vehicles","Qld","2000",72
"Non-freight-carrying vehicles","Qld","2001",80
"Non-freight-carrying vehicles","Qld","2002",111
"Non-freight-carrying vehicles","Qld","2003",99
"Non-freight-carrying vehicles","Qld","2004",144
"Non-freight-carrying vehicles","Qld","2005",216
"Non-freight-carrying vehicles","Qld","2006",233
"Non-freight-carrying vehicles","Qld","2007",299
"Non-freight-carrying vehicles","Qld","2008",217
"Non-freight-carrying vehicles","Qld","2009",193
"Non-freight-carrying vehicles","Qld","2010",237
"Non-freight-carrying vehicles","Qld","2011",307
"Non-freight-carrying vehicles","Qld","2012",299
"Non-freight-carrying vehicles","Qld","2013",228
"Non-freight-carrying vehicles","Qld","2014",327
"Non-freight-carrying vehicles","Qld","2015",292
"Non-freight-carrying vehicles","Qld","2016",303
"Non-freight-carrying vehicles","Qld","2017",346
"Non-freight-carrying vehicles","Qld","2018",300
"Non-freight-carrying vehicles","Qld","2019",321
"Non-freight-carrying vehicles","Qld","2020",288
"Non-freight-carrying vehicles","Qld","2021",329
"Non-freight-carrying vehicles","Qld","2022",310
"Non-freight-carrying vehicles","Qld","2023",190
"Non-freight-carrying vehicles","Qld","2024",7
"Non-freight-carrying vehicles","SA","1927",3
"Non-freight-carrying vehicles","SA","1928",3
"Non-freight-carrying vehicles","SA","1940",3
"Non-freight-carrying vehicles","SA","1941",3
"Non-freight-carrying vehicles","SA","1946",3
"Non-freight-carrying vehicles","SA","1955",3
"Non-freight-carrying vehicles","SA","1962",3
"Non-freight-carrying vehicles","SA","1963",3
"Non-freight-carrying vehicles","SA","1968",3
"Non-freight-carrying vehicles","SA","1969",3
"Non-freight-carrying vehicles","SA","1970",5
"Non-freight-carrying vehicles","SA","1971",5
"Non-freight-carrying vehicles","SA","1972",6
"Non-freight-carrying vehicles","SA","1973",3
"Non-freight-carrying vehicles","SA","1974",3
"Non-freight-carrying vehicles","SA","1976",7
"Non-freight-carrying vehicles","SA","1978",6
"Non-freight-carrying vehicles","SA","1979",3
"Non-freight-carrying vehicles","SA","1980",10
"Non-freight-carrying vehicles","SA","1981",5
"Non-freight-carrying vehicles","SA","1982",14
"Non-freight-carrying vehicles","SA","1983",12
"Non-freight-carrying vehicles","SA","1984",16
"Non-freight-carrying vehicles","SA","1985",20
"Non-freight-carrying vehicles","SA","1986",16
"Non-freight-carrying vehicles","SA","1987",15
"Non-freight-carrying vehicles","SA","1988",24
"Non-freight-carrying vehicles","SA","1989",19
"Non-freight-carrying vehicles","SA","1990",27
"Non-freight-carrying vehicles","SA","1991",21
"Non-freight-carrying vehicles","SA","1992",17
"Non-freight-carrying vehicles","SA","1993",27
"Non-freight-carrying vehicles","SA","1994",25
"Non-freight-carrying vehicles","SA","1995",35
"Non-freight-carrying vehicles","SA","1996",28
"Non-freight-carrying vehicles","SA","1997",38
"Non-freight-carrying vehicles","SA","1998",31
"Non-freight-carrying vehicles","SA","1999",37
"Non-freight-carrying vehicles","SA","2000",46
"Non-freight-carrying vehicles","SA","2001",34
"Non-freight-carrying vehicles","SA","2002",71
"Non-freight-carrying vehicles","SA","2003",54
"Non-freight-carrying vehicles","SA","2004",80
"Non-freight-carrying vehicles","SA","2005",105
"Non-freight-carrying vehicles","SA","2006",103
"Non-freight-carrying vehicles","SA","2007",139
"Non-freight-carrying vehicles","SA","2008",119
"Non-freight-carrying vehicles","SA","2009",95
"Non-freight-carrying vehicles","SA","2010",141
"Non-freight-carrying vehicles","SA","2011",86
"Non-freight-carrying vehicles","SA","2012",118
"Non-freight-carrying vehicles","SA","2013",136
"Non-freight-carrying vehicles","SA","2014",156
"Non-freight-carrying vehicles","SA","2015",122
"Non-freight-carrying vehicles","SA","2016",140
"Non-freight-carrying vehicles","SA","2017",228
"Non-freight-carrying vehicles","SA","2018",268
"Non-freight-carrying vehicles","SA","2019",285
"Non-freight-carrying vehicles","SA","2020",257
"Non-freight-carrying vehicles","SA","2021",305
"Non-freight-carrying vehicles","SA","2022",231
"Non-freight-carrying vehicles","SA","2023",151
"Non-freight-carrying vehicles","SA","Not stated",3
"Non-freight-carrying vehicles","WA","1906",3
"Non-freight-carrying vehicles","WA","1927",3
"Non-freight-carrying vehicles","WA","1935",3
"Non-freight-carrying vehicles","WA","1942",3
"Non-freight-carrying vehicles","WA","1949",3
"Non-freight-carrying vehicles","WA","1952",3
"Non-freight-carrying vehicles","WA","1953",3
"Non-freight-carrying vehicles","WA","1955",3
"Non-freight-carrying vehicles","WA","1957",3
"Non-freight-carrying vehicles","WA","1958",4
"Non-freight-carrying vehicles","WA","1959",5
"Non-freight-carrying vehicles","WA","1960",3
"Non-freight-carrying vehicles","WA","1962",3
"Non-freight-carrying vehicles","WA","1963",7
"Non-freight-carrying vehicles","WA","1964",8
"Non-freight-carrying vehicles","WA","1965",3
"Non-freight-carrying vehicles","WA","1966",4
"Non-freight-carrying vehicles","WA","1967",7
"Non-freight-carrying vehicles","WA","1968",16
"Non-freight-carrying vehicles","WA","1969",11
"Non-freight-carrying vehicles","WA","1970",26
"Non-freight-carrying vehicles","WA","1971",19
"Non-freight-carrying vehicles","WA","1972",13
"Non-freight-carrying vehicles","WA","1973",6
"Non-freight-carrying vehicles","WA","1974",12
"Non-freight-carrying vehicles","WA","1975",18
"Non-freight-carrying vehicles","WA","1976",26
"Non-freight-carrying vehicles","WA","1977",23
"Non-freight-carrying vehicles","WA","1978",32
"Non-freight-carrying vehicles","WA","1979",24
"Non-freight-carrying vehicles","WA","1980",34
"Non-freight-carrying vehicles","WA","1981",39
"Non-freight-carrying vehicles","WA","1982",34
"Non-freight-carrying vehicles","WA","1983",30
"Non-freight-carrying vehicles","WA","1984",40
"Non-freight-carrying vehicles","WA","1985",50
"Non-freight-carrying vehicles","WA","1986",35
"Non-freight-carrying vehicles","WA","1987",60
"Non-freight-carrying vehicles","WA","1988",74
"Non-freight-carrying vehicles","WA","1989",66
"Non-freight-carrying vehicles","WA","1990",51
"Non-freight-carrying vehicles","WA","1991",30
"Non-freight-carrying vehicles","WA","1992",48
"Non-freight-carrying vehicles","WA","1993",44
"Non-freight-carrying vehicles","WA","1994",52
"Non-freight-carrying vehicles","WA","1995",57
"Non-freight-carrying vehicles","WA","1996",85
"Non-freight-carrying vehicles","WA","1997",81
"Non-freight-carrying vehicles","WA","1998",64
"Non-freight-carrying vehicles","WA","1999",58
"Non-freight-carrying vehicles","WA","2000",79
"Non-freight-carrying vehicles","WA","2001",86
"Non-freight-carrying vehicles","WA","2002",140
"Non-freight-carrying vehicles","WA","2003",77
"Non-freight-carrying vehicles","WA","2004",160
"Non-freight-carrying vehicles","WA","2005",206
"Non-freight-carrying vehicles","WA","2006",219
"Non-freight-carrying vehicles","WA","2007",317
"Non-freight-carrying vehicles","WA","2008",353
"Non-freight-carrying vehicles","WA","2009",139
"Non-freight-carrying vehicles","WA","2010",300
"Non-freight-carrying vehicles","WA","2011",328
"Non-freight-carrying vehicles","WA","2012",429
"Non-freight-carrying vehicles","WA","2013",285
"Non-freight-carrying vehicles","WA","2014",267
"Non-freight-carrying vehicles","WA","2015",316
"Non-freight-carrying vehicles","WA","2016",239
"Non-freight-carrying vehicles","WA","2017",263
"Non-freight-carrying vehicles","WA","2018",305
"Non-freight-carrying vehicles","WA","2019",349
"Non-freight-carrying vehicles","WA","2020",359
"Non-freight-carrying vehicles","WA","2021",521
"Non-freight-carrying vehicles","WA","2022",402
"Non-freight-carrying vehicles","WA","2023",195
"Non-freight-carrying vehicles","WA","2024",4
"Non-freight-carrying vehicles","Tas","1961",3
"Non-freight-carrying vehicles","Tas","1971",3
"Non-freight-carrying vehicles","Tas","1974",3
"Non-freight-carrying vehicles","Tas","1976",4
"Non-freight-carrying vehicles","Tas","1978",4
"Non-freight-carrying vehicles","Tas","1981",4
"Non-freight-carrying vehicles","Tas","1982",3
"Non-freight-carrying vehicles","Tas","1983",6
"Non-freight-carrying vehicles","Tas","1984",6
"Non-freight-carrying vehicles","Tas","1985",3
"Non-freight-carrying vehicles","Tas","1986",15
"Non-freight-carrying vehicles","Tas","1987",6
"Non-freight-carrying vehicles","Tas","1988",13
"Non-freight-carrying vehicles","Tas","1989",10
"Non-freight-carrying vehicles","Tas","1990",13
"Non-freight-carrying vehicles","Tas","1991",8
"Non-freight-carrying vehicles","Tas","1992",21
"Non-freight-carrying vehicles","Tas","1993",18
"Non-freight-carrying vehicles","Tas","1994",21
"Non-freight-carrying vehicles","Tas","1995",21
"Non-freight-carrying vehicles","Tas","1996",20
"Non-freight-carrying vehicles","Tas","1997",10
"Non-freight-carrying vehicles","Tas","1998",13
"Non-freight-carrying vehicles","Tas","1999",11
"Non-freight-carrying vehicles","Tas","2000",15
"Non-freight-carrying vehicles","Tas","2001",19
"Non-freight-carrying vehicles","Tas","2002",30
"Non-freight-carrying vehicles","Tas","2003",36
"Non-freight-carrying vehicles","Tas","2004",21
"Non-freight-carrying vehicles","Tas","2005",47
"Non-freight-carrying vehicles","Tas","2006",38
"Non-freight-carrying vehicles","Tas","2007",43
"Non-freight-carrying vehicles","Tas","2008",24
"Non-freight-carrying vehicles","Tas","2009",51
"Non-freight-carrying vehicles","Tas","2010",26
"Non-freight-carrying vehicles","Tas","2011",35
"Non-freight-carrying vehicles","Tas","2012",37
"Non-freight-carrying vehicles","Tas","2013",31
"Non-freight-carrying vehicles","Tas","2014",24
"Non-freight-carrying vehicles","Tas","2015",20
"Non-freight-carrying vehicles","Tas","2016",25
"Non-freight-carrying vehicles","Tas","2017",15
"Non-freight-carrying vehicles","Tas","2018",41
"Non-freight-carrying vehicles","Tas","2019",63
"Non-freight-carrying vehicles","Tas","2020",59
"Non-freight-carrying vehicles","Tas","2021",56
"Non-freight-carrying vehicles","Tas","2022",48
"Non-freight-carrying vehicles","Tas","2023",27
"Non-freight-carrying vehicles","NT","1979",3
"Non-freight-carrying vehicles","NT","1986",3
"Non-freight-carrying vehicles","NT","1987",3
"Non-freight-carrying vehicles","NT","1988",4
"Non-freight-carrying vehicles","NT","1990",4
"Non-freight-carrying vehicles","NT","1991",3
"Non-freight-carrying vehicles","NT","1992",3
"Non-freight-carrying vehicles","NT","1993",6
"Non-freight-carrying vehicles","NT","1994",5
"Non-freight-carrying vehicles","NT","1996",6
"Non-freight-carrying vehicles","NT","1997",8
"Non-freight-carrying vehicles","NT","1998",8
"Non-freight-carrying vehicles","NT","1999",10
"Non-freight-carrying vehicles","NT","2000",6
"Non-freight-carrying vehicles","NT","2001",3
"Non-freight-carrying vehicles","NT","2002",9
"Non-freight-carrying vehicles","NT","2003",3
"Non-freight-carrying vehicles","NT","2004",10
"Non-freight-carrying vehicles","NT","2005",10
"Non-freight-carrying vehicles","NT","2006",11
"Non-freight-carrying vehicles","NT","2007",18
"Non-freight-carrying vehicles","NT","2008",26
"Non-freight-carrying vehicles","NT","2009",13
"Non-freight-carrying vehicles","NT","2010",11
"Non-freight-carrying vehicles","NT","2011",18
"Non-freight-carrying vehicles","NT","2012",13
"Non-freight-carrying vehicles","NT","2013",8
"Non-freight-carrying vehicles","NT","2014",18
"Non-freight-carrying vehicles","NT","2015",7
"Non-freight-carrying vehicles","NT","2016",17
"Non-freight-carrying vehicles","NT","2017",20
"Non-freight-carrying vehicles","NT","2018",16
"Non-freight-carrying vehicles","NT","2019",21
"Non-freight-carrying vehicles","NT","2020",21
"Non-freight-carrying vehicles","NT","2021",20
"Non-freight-carrying vehicles","NT","2022",21
"Non-freight-carrying vehicles","NT","2023",3
"Non-freight-carrying vehicles","ACT","1976",3
"Non-freight-carrying vehicles","ACT","1985",3
"Non-freight-carrying vehicles","ACT","1990",3
"Non-freight-carrying vehicles","ACT","2004",8
"Non-freight-carrying vehicles","ACT","2005",5
"Non-freight-carrying vehicles","ACT","2006",5
"Non-freight-carrying vehicles","ACT","2007",4
"Non-freight-carrying vehicles","ACT","2008",13
"Non-freight-carrying vehicles","ACT","2009",13
"Non-freight-carrying vehicles","ACT","2010",9
"Non-freight-carrying vehicles","ACT","2011",8
"Non-freight-carrying vehicles","ACT","2012",8
"Non-freight-carrying vehicles","ACT","2013",5
"Non-freight-carrying vehicles","ACT","2014",10
"Non-freight-carrying vehicles","ACT","2015",9
"Non-freight-carrying vehicles","ACT","2016",8
"Non-freight-carrying vehicles","ACT","2017",5
"Non-freight-carrying vehicles","ACT","2018",12
"Non-freight-carrying vehicles","ACT","2019",8
"Non-freight-carrying vehicles","ACT","2020",13
"Non-freight-carrying vehicles","ACT","2021",6
"Non-freight-carrying vehicles","ACT","2022",10
"Non-freight-carrying vehicles","ACT","2023",9
"Campervans","NSW","1958",3
"Campervans","NSW","1959",3
"Campervans","NSW","1962",3
"Campervans","NSW","1966",3
"Campervans","NSW","1967",4
"Campervans","NSW","1968",5
"Campervans","NSW","1969",6
"Campervans","NSW","1970",13
"Campervans","NSW","1971",15
"Campervans","NSW","1972",20
"Campervans","NSW","1973",36
"Campervans","NSW","1974",71
"Campervans","NSW","1975",72
"Campervans","NSW","1976",118
"Campervans","NSW","1977",42
"Campervans","NSW","1978",46
"Campervans","NSW","1979",41
"Campervans","NSW","1980",28
"Campervans","NSW","1981",48
"Campervans","NSW","1982",58
"Campervans","NSW","1983",69
"Campervans","NSW","1984",121
"Campervans","NSW","1985",178
"Campervans","NSW","1986",155
"Campervans","NSW","1987",141
"Campervans","NSW","1988",228
"Campervans","NSW","1989",187
"Campervans","NSW","1990",152
"Campervans","NSW","1991",163
"Campervans","NSW","1992",185
"Campervans","NSW","1993",189
"Campervans","NSW","1994",239
"Campervans","NSW","1995",256
"Campervans","NSW","1996",247
"Campervans","NSW","1997",308
"Campervans","NSW","1998",389
"Campervans","NSW","1999",528
"Campervans","NSW","2000",780
"Campervans","NSW","2001",825
"Campervans","NSW","2002",1138
"Campervans","NSW","2003",1562
"Campervans","NSW","2004",1900
"Campervans","NSW","2005",1718
"Campervans","NSW","2006",1876
"Campervans","NSW","2007",1745
"Campervans","NSW","2008",1466
"Campervans","NSW","2009",1007
"Campervans","NSW","2010",1504
"Campervans","NSW","2011",1084
"Campervans","NSW","2012",904
"Campervans","NSW","2013",791
"Campervans","NSW","2014",752
"Campervans","NSW","2015",1001
"Campervans","NSW","2016",990
"Campervans","NSW","2017",932
"Campervans","NSW","2018",945
"Campervans","NSW","2019",827
"Campervans","NSW","2020",717
"Campervans","NSW","2021",1221
"Campervans","NSW","2022",1108
"Campervans","NSW","2023",916
"Campervans","NSW","2024",3
"Campervans","Vic","1940",3
"Campervans","Vic","1951",3
"Campervans","Vic","1952",3
"Campervans","Vic","1953",3
"Campervans","Vic","1956",3
"Campervans","Vic","1960",4
"Campervans","Vic","1961",4
"Campervans","Vic","1962",3
"Campervans","Vic","1963",6
"Campervans","Vic","1964",8
"Campervans","Vic","1965",7
"Campervans","Vic","1966",16
"Campervans","Vic","1967",7
"Campervans","Vic","1968",13
"Campervans","Vic","1969",23
"Campervans","Vic","1970",20
"Campervans","Vic","1971",28
"Campervans","Vic","1972",25
"Campervans","Vic","1973",55
"Campervans","Vic","1974",65
"Campervans","Vic","1975",79
"Campervans","Vic","1976",95
"Campervans","Vic","1977",63
"Campervans","Vic","1978",57
"Campervans","Vic","1979",50
"Campervans","Vic","1980",50
"Campervans","Vic","1981",66
"Campervans","Vic","1982",82
"Campervans","Vic","1983",102
"Campervans","Vic","1984",132
"Campervans","Vic","1985",149
"Campervans","Vic","1986",161
"Campervans","Vic","1987",190
"Campervans","Vic","1988",252
"Campervans","Vic","1989",159
"Campervans","Vic","1990",143
"Campervans","Vic","1991",131
"Campervans","Vic","1992",125
"Campervans","Vic","1993",135
"Campervans","Vic","1994",140
"Campervans","Vic","1995",183
"Campervans","Vic","1996",166
"Campervans","Vic","1997",239
"Campervans","Vic","1998",306
"Campervans","Vic","1999",357
"Campervans","Vic","2000",457
"Campervans","Vic","2001",672
"Campervans","Vic","2002",934
"Campervans","Vic","2003",1376
"Campervans","Vic","2004",1616
"Campervans","Vic","2005",1409
"Campervans","Vic","2006",1545
"Campervans","Vic","2007",1096
"Campervans","Vic","2008",1034
"Campervans","Vic","2009",730
"Campervans","Vic","2010",923
"Campervans","Vic","2011",665
"Campervans","Vic","2012",575
"Campervans","Vic","2013",527
"Campervans","Vic","2014",447
"Campervans","Vic","2015",555
"Campervans","Vic","2016",697
"Campervans","Vic","2017",777
"Campervans","Vic","2018",733
"Campervans","Vic","2019",739
"Campervans","Vic","2020",464
"Campervans","Vic","2021",1022
"Campervans","Vic","2022",919
"Campervans","Vic","2023",975
"Campervans","Vic","2024",10
"Campervans","Qld","1923",3
"Campervans","Qld","1927",3
"Campervans","Qld","1939",3
"Campervans","Qld","1947",3
"Campervans","Qld","1948",3
"Campervans","Qld","1949",3
"Campervans","Qld","1954",3
"Campervans","Qld","1955",3
"Campervans","Qld","1956",3
"Campervans","Qld","1959",3
"Campervans","Qld","1961",3
"Campervans","Qld","1962",4
"Campervans","Qld","1963",3
"Campervans","Qld","1965",5
"Campervans","Qld","1966",5
"Campervans","Qld","1968",8
"Campervans","Qld","1969",8
"Campervans","Qld","1970",13
"Campervans","Qld","1971",10
"Campervans","Qld","1972",19
"Campervans","Qld","1973",27
"Campervans","Qld","1974",68
"Campervans","Qld","1975",60
"Campervans","Qld","1976",90
"Campervans","Qld","1977",45
"Campervans","Qld","1978",39
"Campervans","Qld","1979",45
"Campervans","Qld","1980",42
"Campervans","Qld","1981",60
"Campervans","Qld","1982",100
"Campervans","Qld","1983",100
"Campervans","Qld","1984",170
"Campervans","Qld","1985",206
"Campervans","Qld","1986",224
"Campervans","Qld","1987",259
"Campervans","Qld","1988",371
"Campervans","Qld","1989",270
"Campervans","Qld","1990",228
"Campervans","Qld","1991",220
"Campervans","Qld","1992",270
"Campervans","Qld","1993",303
"Campervans","Qld","1994",347
"Campervans","Qld","1995",355
"Campervans","Qld","1996",388
"Campervans","Qld","1997",461
"Campervans","Qld","1998",569
"Campervans","Qld","1999",606
"Campervans","Qld","2000",749
"Campervans","Qld","2001",952
"Campervans","Qld","2002",1140
"Campervans","Qld","2003",1506
"Campervans","Qld","2004",1608
"Campervans","Qld","2005",1368
"Campervans","Qld","2006",1111
"Campervans","Qld","2007",1103
"Campervans","Qld","2008",1052
"Campervans","Qld","2009",688
"Campervans","Qld","2010",902
"Campervans","Qld","2011",662
"Campervans","Qld","2012",627
"Campervans","Qld","2013",594
"Campervans","Qld","2014",614
"Campervans","Qld","2015",692
"Campervans","Qld","2016",746
"Campervans","Qld","2017",838
"Campervans","Qld","2018",984
"Campervans","Qld","2019",761
"Campervans","Qld","2020",538
"Campervans","Qld","2021",881
"Campervans","Qld","2022",887
"Campervans","Qld","2023",1112
"Campervans","Qld","2024",41
"Campervans","SA","1953",3
"Campervans","SA","1959",3
"Campervans","SA","1963",5
"Campervans","SA","1965",3
"Campervans","SA","1967",3
"Campervans","SA","1968",4
"Campervans","SA","1969",6
"Campervans","SA","1970",11
"Campervans","SA","1971",3
"Campervans","SA","1972",4
"Campervans","SA","1973",7
"Campervans","SA","1974",15
"Campervans","SA","1975",12
"Campervans","SA","1976",19
"Campervans","SA","1977",5
"Campervans","SA","1978",10
"Campervans","SA","1979",10
"Campervans","SA","1980",7
"Campervans","SA","1981",12
"Campervans","SA","1982",7
"Campervans","SA","1983",16
"Campervans","SA","1984",22
"Campervans","SA","1985",25
"Campervans","SA","1986",30
"Campervans","SA","1987",27
"Campervans","SA","1988",51
"Campervans","SA","1989",26
"Campervans","SA","1990",36
"Campervans","SA","1991",22
"Campervans","SA","1992",26
"Campervans","SA","1993",25
"Campervans","SA","1994",35
"Campervans","SA","1995",47
"Campervans","SA","1996",39
"Campervans","SA","1997",44
"Campervans","SA","1998",54
"Campervans","SA","1999",60
"Campervans","SA","2000",120
"Campervans","SA","2001",106
"Campervans","SA","2002",187
"Campervans","SA","2003",251
"Campervans","SA","2004",309
"Campervans","SA","2005",220
"Campervans","SA","2006",189
"Campervans","SA","2007",145
"Campervans","SA","2008",139
"Campervans","SA","2009",89
"Campervans","SA","2010",133
"Campervans","SA","2011",71
"Campervans","SA","2012",76
"Campervans","SA","2013",80
"Campervans","SA","2014",111
"Campervans","SA","2015",97
"Campervans","SA","2016",124
"Campervans","SA","2017",112
"Campervans","SA","2018",101
"Campervans","SA","2019",79
"Campervans","SA","2020",68
"Campervans","SA","2021",93
"Campervans","SA","2022",82
"Campervans","SA","2023",82
"Campervans","SA","2024",3
"Campervans","SA","Not stated",3
"Campervans","WA","1953",3
"Campervans","WA","1958",3
"Campervans","WA","1961",3
"Campervans","WA","1963",3
"Campervans","WA","1966",3
"Campervans","WA","1967",6
"Campervans","WA","1968",3
"Campervans","WA","1969",7
"Campervans","WA","1970",10
"Campervans","WA","1971",8
"Campervans","WA","1972",7
"Campervans","WA","1973",19
"Campervans","WA","1974",23
"Campervans","WA","1975",14
"Campervans","WA","1976",27
"Campervans","WA","1977",13
"Campervans","WA","1978",11
"Campervans","WA","1979",15
"Campervans","WA","1980",11
"Campervans","WA","1981",14
"Campervans","WA","1982",11
"Campervans","WA","1983",17
"Campervans","WA","1984",8
"Campervans","WA","1985",22
"Campervans","WA","1986",12
"Campervans","WA","1987",14
"Campervans","WA","1988",14
"Campervans","WA","1989",14
"Campervans","WA","1990",17
"Campervans","WA","1991",11
"Campervans","WA","1992",14
"Campervans","WA","1993",14
"Campervans","WA","1994",11
"Campervans","WA","1995",18
"Campervans","WA","1996",21
"Campervans","WA","1997",21
"Campervans","WA","1998",47
"Campervans","WA","1999",41
"Campervans","WA","2000",82
"Campervans","WA","2001",86
"Campervans","WA","2002",113
"Campervans","WA","2003",187
"Campervans","WA","2004",167
"Campervans","WA","2005",184
"Campervans","WA","2006",139
"Campervans","WA","2007",128
"Campervans","WA","2008",83
"Campervans","WA","2009",39
"Campervans","WA","2010",46
"Campervans","WA","2011",24
"Campervans","WA","2012",20
"Campervans","WA","2013",11
"Campervans","WA","2014",20
"Campervans","WA","2015",27
"Campervans","WA","2016",25
"Campervans","WA","2017",9
"Campervans","WA","2018",5
"Campervans","WA","2020",11
"Campervans","WA","2021",4
"Campervans","WA","2022",3
"Campervans","Tas","1951",3
"Campervans","Tas","1952",3
"Campervans","Tas","1959",3
"Campervans","Tas","1960",3
"Campervans","Tas","1962",3
"Campervans","Tas","1964",3
"Campervans","Tas","1965",3
"Campervans","Tas","1966",3
"Campervans","Tas","1967",3
"Campervans","Tas","1968",8
"Campervans","Tas","1969",6
"Campervans","Tas","1970",7
"Campervans","Tas","1971",8
"Campervans","Tas","1972",16
"Campervans","Tas","1973",23
"Campervans","Tas","1974",48
"Campervans","Tas","1975",53
"Campervans","Tas","1976",56
"Campervans","Tas","1977",69
"Campervans","Tas","1978",47
"Campervans","Tas","1979",39
"Campervans","Tas","1980",33
"Campervans","Tas","1981",38
"Campervans","Tas","1982",64
"Campervans","Tas","1983",92
"Campervans","Tas","1984",108
"Campervans","Tas","1985",156
"Campervans","Tas","1986",120
"Campervans","Tas","1987",110
"Campervans","Tas","1988",150
"Campervans","Tas","1989",128
"Campervans","Tas","1990",117
"Campervans","Tas","1991",85
"Campervans","Tas","1992",94
"Campervans","Tas","1993",94
"Campervans","Tas","1994",100
"Campervans","Tas","1995",104
"Campervans","Tas","1996",121
"Campervans","Tas","1997",110
"Campervans","Tas","1998",113
"Campervans","Tas","1999",141
"Campervans","Tas","2000",121
"Campervans","Tas","2001",191
"Campervans","Tas","2002",167
"Campervans","Tas","2003",213
"Campervans","Tas","2004",201
"Campervans","Tas","2005",180
"Campervans","Tas","2006",218
"Campervans","Tas","2007",228
"Campervans","Tas","2008",212
"Campervans","Tas","2009",111
"Campervans","Tas","2010",178
"Campervans","Tas","2011",106
"Campervans","Tas","2012",110
"Campervans","Tas","2013",106
"Campervans","Tas","2014",96
"Campervans","Tas","2015",137
"Campervans","Tas","2016",119
"Campervans","Tas","2017",113
"Campervans","Tas","2018",129
"Campervans","Tas","2019",118
"Campervans","Tas","2020",68
"Campervans","Tas","2021",102
"Campervans","Tas","2022",117
"Campervans","Tas","2023",64
"Campervans","NT","1969",3
"Campervans","NT","1980",3
"Campervans","NT","1998",3
"Campervans","NT","1999",5
"Campervans","NT","2000",7
"Campervans","NT","2001",3
"Campervans","NT","2002",4
"Campervans","NT","2003",14
"Campervans","NT","2004",11
"Campervans","NT","2005",11
"Campervans","NT","2006",4
"Campervans","NT","2007",4
"Campervans","NT","2008",5
"Campervans","NT","2010",4
"Campervans","NT","2011",4
"Campervans","NT","2013",3
"Campervans","NT","2014",3
"Campervans","NT","2015",5
"Campervans","NT","2016",4
"Campervans","NT","2017",5
"Campervans","NT","2018",4
"Campervans","NT","2019",5
"Campervans","NT","2021",3
"Campervans","NT","2023",4
"Campervans","NT","2024",3
"Campervans","ACT","1934",3
"Campervans","ACT","1965",3
"Campervans","ACT","1971",3
"Campervans","ACT","1974",8
"Campervans","ACT","1975",10
"Campervans","ACT","1976",13
"Campervans","ACT","1977",5
"Campervans","ACT","1981",3
"Campervans","ACT","1984",5
"Campervans","ACT","1985",4
"Campervans","ACT","1986",9
"Campervans","ACT","1987",4
"Campervans","ACT","1988",5
"Campervans","ACT","1989",6
"Campervans","ACT","1990",10
"Campervans","ACT","1991",5
"Campervans","ACT","1992",3
"Campervans","ACT","1993",5
"Campervans","ACT","1994",16
"Campervans","ACT","1995",8
"Campervans","ACT","1996",5
"Campervans","ACT","1997",11
"Campervans","ACT","1998",9
"Campervans","ACT","1999",15
"Campervans","ACT","2000",20
"Campervans","ACT","2001",19
"Campervans","ACT","2002",23
"Campervans","ACT","2003",44
"Campervans","ACT","2004",45
"Campervans","ACT","2005",61
"Campervans","ACT","2006",50
"Campervans","ACT","2007",52
"Campervans","ACT","2008",33
"Campervans","ACT","2009",27
"Campervans","ACT","2010",41
"Campervans","ACT","2011",38
"Campervans","ACT","2012",19
"Campervans","ACT","2013",25
"Campervans","ACT","2014",15
"Campervans","ACT","2015",24
"Campervans","ACT","2016",30
"Campervans","ACT","2017",24
"Campervans","ACT","2018",21
"Campervans","ACT","2019",23
"Campervans","ACT","2020",17
"Campervans","ACT","2021",24
"Campervans","ACT","2022",27
"Campervans","ACT","2023",25
"Light buses","NSW","1961",3
"Light buses","NSW","1972",3
"Light buses","NSW","1979",3
"Light buses","NSW","1982",3
"Light buses","NSW","1984",6
"Light buses","NSW","1986",5
"Light buses","NSW","1987",3
"Light buses","NSW","1988",14
"Light buses","NSW","1989",17
"Light buses","NSW","1990",13
"Light buses","NSW","1991",27
"Light buses","NSW","1992",19
"Light buses","NSW","1993",31
"Light buses","NSW","1994",49
"Light buses","NSW","1995",59
"Light buses","NSW","1996",57
"Light buses","NSW","1997",67
"Light buses","NSW","1998",86
"Light buses","NSW","1999",100
"Light buses","NSW","2000",174
"Light buses","NSW","2001",93
"Light buses","NSW","2002",144
"Light buses","NSW","2003",204
"Light buses","NSW","2004",147
"Light buses","NSW","2005",459
"Light buses","NSW","2006",524
"Light buses","NSW","2007",509
"Light buses","NSW","2008",839
"Light buses","NSW","2009",535
"Light buses","NSW","2010",590
"Light buses","NSW","2011",797
"Light buses","NSW","2012",527
"Light buses","NSW","2013",527
"Light buses","NSW","2014",717
"Light buses","NSW","2015",695
"Light buses","NSW","2016",620
"Light buses","NSW","2017",603
"Light buses","NSW","2018",633
"Light buses","NSW","2019",682
"Light buses","NSW","2020",440
"Light buses","NSW","2021",802
"Light buses","NSW","2022",426
"Light buses","NSW","2023",573
"Light buses","Vic","1924",3
"Light buses","Vic","1955",3
"Light buses","Vic","1967",3
"Light buses","Vic","1968",3
"Light buses","Vic","1970",3
"Light buses","Vic","1974",3
"Light buses","Vic","1976",3
"Light buses","Vic","1977",3
"Light buses","Vic","1980",5
"Light buses","Vic","1981",6
"Light buses","Vic","1982",18
"Light buses","Vic","1983",11
"Light buses","Vic","1984",27
"Light buses","Vic","1985",25
"Light buses","Vic","1986",24
"Light buses","Vic","1987",27
"Light buses","Vic","1988",40
"Light buses","Vic","1989",30
"Light buses","Vic","1990",47
"Light buses","Vic","1991",53
"Light buses","Vic","1992",55
"Light buses","Vic","1993",71
"Light buses","Vic","1994",90
"Light buses","Vic","1995",90
"Light buses","Vic","1996",92
"Light buses","Vic","1997",129
"Light buses","Vic","1998",129
"Light buses","Vic","1999",145
"Light buses","Vic","2000",197
"Light buses","Vic","2001",122
"Light buses","Vic","2002",143
"Light buses","Vic","2003",131
"Light buses","Vic","2004",118
"Light buses","Vic","2005",365
"Light buses","Vic","2006",433
"Light buses","Vic","2007",367
"Light buses","Vic","2008",556
"Light buses","Vic","2009",431
"Light buses","Vic","2010",488
"Light buses","Vic","2011",712
"Light buses","Vic","2012",369
"Light buses","Vic","2013",382
"Light buses","Vic","2014",494
"Light buses","Vic","2015",508
"Light buses","Vic","2016",528
"Light buses","Vic","2017",514
"Light buses","Vic","2018",665
"Light buses","Vic","2019",626
"Light buses","Vic","2020",259
"Light buses","Vic","2021",410
"Light buses","Vic","2022",327
"Light buses","Vic","2023",255
"Light buses","Qld","1917",3
"Light buses","Qld","1957",3
"Light buses","Qld","1961",3
"Light buses","Qld","1968",3
"Light buses","Qld","1970",3
"Light buses","Qld","1972",3
"Light buses","Qld","1979",6
"Light buses","Qld","1980",7
"Light buses","Qld","1981",12
"Light buses","Qld","1982",11
"Light buses","Qld","1983",13
"Light buses","Qld","1984",19
"Light buses","Qld","1985",27
"Light buses","Qld","1986",23
"Light buses","Qld","1987",30
"Light buses","Qld","1988",48
"Light buses","Qld","1989",37
"Light buses","Qld","1990",46
"Light buses","Qld","1991",56
"Light buses","Qld","1992",69
"Light buses","Qld","1993",69
"Light buses","Qld","1994",92
"Light buses","Qld","1995",91
"Light buses","Qld","1996",81
"Light buses","Qld","1997",105
"Light buses","Qld","1998",120
"Light buses","Qld","1999",153
"Light buses","Qld","2000",176
"Light buses","Qld","2001",156
"Light buses","Qld","2002",167
"Light buses","Qld","2003",223
"Light buses","Qld","2004",181
"Light buses","Qld","2005",420
"Light buses","Qld","2006",524
"Light buses","Qld","2007",509
"Light buses","Qld","2008",716
"Light buses","Qld","2009",333
"Light buses","Qld","2010",493
"Light buses","Qld","2011",624
"Light buses","Qld","2012",506
"Light buses","Qld","2013",486
"Light buses","Qld","2014",668
"Light buses","Qld","2015",565
"Light buses","Qld","2016",538
"Light buses","Qld","2017",616
"Light buses","Qld","2018",595
"Light buses","Qld","2019",525
"Light buses","Qld","2020",475
"Light buses","Qld","2021",777
"Light buses","Qld","2022",689
"Light buses","Qld","2023",693
"Light buses","SA","1936",3
"Light buses","SA","1961",3
"Light buses","SA","1972",3
"Light buses","SA","1978",3
"Light buses","SA","1984",5
"Light buses","SA","1985",10
"Light buses","SA","1986",5
"Light buses","SA","1987",3
"Light buses","SA","1988",15
"Light buses","SA","1989",7
"Light buses","SA","1990",13
"Light buses","SA","1991",10
"Light buses","SA","1992",15
"Light buses","SA","1993",25
"Light buses","SA","1994",40
"Light buses","SA","1995",28
"Light buses","SA","1996",36
"Light buses","SA","1997",40
"Light buses","SA","1998",59
"Light buses","SA","1999",47
"Light buses","SA","2000",49
"Light buses","SA","2001",30
"Light buses","SA","2002",54
"Light buses","SA","2003",75
"Light buses","SA","2004",45
"Light buses","SA","2005",109
"Light buses","SA","2006",116
"Light buses","SA","2007",115
"Light buses","SA","2008",148
"Light buses","SA","2009",89
"Light buses","SA","2010",90
"Light buses","SA","2011",149
"Light buses","SA","2012",101
"Light buses","SA","2013",101
"Light buses","SA","2014",174
"Light buses","SA","2015",147
"Light buses","SA","2016",115
"Light buses","SA","2017",184
"Light buses","SA","2018",133
"Light buses","SA","2019",202
"Light buses","SA","2020",112
"Light buses","SA","2021",198
"Light buses","SA","2022",226
"Light buses","SA","2023",170
"Light buses","WA","1928",3
"Light buses","WA","1930",4
"Light buses","WA","1931",3
"Light buses","WA","1957",3
"Light buses","WA","1962",3
"Light buses","WA","1964",3
"Light buses","WA","1966",4
"Light buses","WA","1967",3
"Light buses","WA","1970",3
"Light buses","WA","1971",4
"Light buses","WA","1972",3
"Light buses","WA","1974",4
"Light buses","WA","1975",13
"Light buses","WA","1976",5
"Light buses","WA","1977",7
"Light buses","WA","1978",3
"Light buses","WA","1979",3
"Light buses","WA","1980",5
"Light buses","WA","1981",5
"Light buses","WA","1982",5
"Light buses","WA","1983",5
"Light buses","WA","1984",12
"Light buses","WA","1985",14
"Light buses","WA","1986",11
"Light buses","WA","1987",15
"Light buses","WA","1988",30
"Light buses","WA","1989",42
"Light buses","WA","1990",54
"Light buses","WA","1991",84
"Light buses","WA","1992",74
"Light buses","WA","1993",32
"Light buses","WA","1994",49
"Light buses","WA","1995",41
"Light buses","WA","1996",45
"Light buses","WA","1997",48
"Light buses","WA","1998",63
"Light buses","WA","1999",86
"Light buses","WA","2000",121
"Light buses","WA","2001",99
"Light buses","WA","2002",136
"Light buses","WA","2003",168
"Light buses","WA","2004",137
"Light buses","WA","2005",238
"Light buses","WA","2006",284
"Light buses","WA","2007",243
"Light buses","WA","2008",476
"Light buses","WA","2009",298
"Light buses","WA","2010",437
"Light buses","WA","2011",459
"Light buses","WA","2012",518
"Light buses","WA","2013",313
"Light buses","WA","2014",411
"Light buses","WA","2015",349
"Light buses","WA","2016",251
"Light buses","WA","2017",311
"Light buses","WA","2018",479
"Light buses","WA","2019",482
"Light buses","WA","2020",494
"Light buses","WA","2021",672
"Light buses","WA","2022",375
"Light buses","WA","2023",470
"Light buses","Tas","1927",3
"Light buses","Tas","1974",3
"Light buses","Tas","1979",3
"Light buses","Tas","1981",3
"Light buses","Tas","1982",4
"Light buses","Tas","1983",3
"Light buses","Tas","1984",5
"Light buses","Tas","1985",10
"Light buses","Tas","1986",4
"Light buses","Tas","1987",6
"Light buses","Tas","1988",10
"Light buses","Tas","1989",8
"Light buses","Tas","1990",15
"Light buses","Tas","1991",10
"Light buses","Tas","1992",22
"Light buses","Tas","1993",13
"Light buses","Tas","1994",22
"Light buses","Tas","1995",17
"Light buses","Tas","1996",15
"Light buses","Tas","1997",17
"Light buses","Tas","1998",33
"Light buses","Tas","1999",23
"Light buses","Tas","2000",47
"Light buses","Tas","2001",21
"Light buses","Tas","2002",29
"Light buses","Tas","2003",46
"Light buses","Tas","2004",25
"Light buses","Tas","2005",59
"Light buses","Tas","2006",58
"Light buses","Tas","2007",49
"Light buses","Tas","2008",57
"Light buses","Tas","2009",44
"Light buses","Tas","2010",53
"Light buses","Tas","2011",54
"Light buses","Tas","2012",49
"Light buses","Tas","2013",54
"Light buses","Tas","2014",55
"Light buses","Tas","2015",86
"Light buses","Tas","2016",60
"Light buses","Tas","2017",39
"Light buses","Tas","2018",50
"Light buses","Tas","2019",70
"Light buses","Tas","2020",29
"Light buses","Tas","2021",84
"Light buses","Tas","2022",40
"Light buses","Tas","2023",52
"Light buses","NT","1986",3
"Light buses","NT","1988",4
"Light buses","NT","1989",3
"Light buses","NT","1991",4
"Light buses","NT","1993",6
"Light buses","NT","1994",4
"Light buses","NT","1995",5
"Light buses","NT","1996",3
"Light buses","NT","1997",3
"Light buses","NT","1998",6
"Light buses","NT","1999",10
"Light buses","NT","2000",16
"Light buses","NT","2001",4
"Light buses","NT","2002",7
"Light buses","NT","2003",8
"Light buses","NT","2004",13
"Light buses","NT","2005",50
"Light buses","NT","2006",89
"Light buses","NT","2007",41
"Light buses","NT","2008",84
"Light buses","NT","2009",49
"Light buses","NT","2010",68
"Light buses","NT","2011",124
"Light buses","NT","2012",88
"Light buses","NT","2013",66
"Light buses","NT","2014",94
"Light buses","NT","2015",63
"Light buses","NT","2016",87
"Light buses","NT","2017",91
"Light buses","NT","2018",119
"Light buses","NT","2019",95
"Light buses","NT","2020",115
"Light buses","NT","2021",180
"Light buses","NT","2022",147
"Light buses","NT","2023",125
"Light buses","ACT","1982",3
"Light buses","ACT","1990",4
"Light buses","ACT","1991",3
"Light buses","ACT","1992",3
"Light buses","ACT","1993",3
"Light buses","ACT","1994",3
"Light buses","ACT","1995",5
"Light buses","ACT","1997",4
"Light buses","ACT","1998",3
"Light buses","ACT","1999",3
"Light buses","ACT","2000",11
"Light buses","ACT","2002",4
"Light buses","ACT","2003",3
"Light buses","ACT","2004",8
"Light buses","ACT","2005",13
"Light buses","ACT","2006",9
"Light buses","ACT","2007",10
"Light buses","ACT","2008",32
"Light buses","ACT","2009",8
"Light buses","ACT","2010",13
"Light buses","ACT","2011",21
"Light buses","ACT","2012",17
"Light buses","ACT","2013",9
"Light buses","ACT","2014",21
"Light buses","ACT","2015",17
"Light buses","ACT","2016",20
"Light buses","ACT","2017",30
"Light buses","ACT","2018",21
"Light buses","ACT","2019",41
"Light buses","ACT","2020",20
"Light buses","ACT","2021",21
"Light buses","ACT","2022",12
"Light buses","ACT","2023",19
"Heavy buses","NSW","1954",3
"Heavy buses","NSW","1965",3
"Heavy buses","NSW","1966",3
"Heavy buses","NSW","1970",3
"Heavy buses","NSW","1972",3
"Heavy buses","NSW","1977",3
"Heavy buses","NSW","1978",4
"Heavy buses","NSW","1980",3
"Heavy buses","NSW","1981",4
"Heavy buses","NSW","1982",3
"Heavy buses","NSW","1984",11
"Heavy buses","NSW","1985",12
"Heavy buses","NSW","1986",20
"Heavy buses","NSW","1987",12
"Heavy buses","NSW","1988",34
"Heavy buses","NSW","1989",36
"Heavy buses","NSW","1990",37
"Heavy buses","NSW","1991",47
"Heavy buses","NSW","1992",65
"Heavy buses","NSW","1993",67
"Heavy buses","NSW","1994",93
"Heavy buses","NSW","1995",101
"Heavy buses","NSW","1996",106
"Heavy buses","NSW","1997",206
"Heavy buses","NSW","1998",364
"Heavy buses","NSW","1999",307
"Heavy buses","NSW","2000",282
"Heavy buses","NSW","2001",227
"Heavy buses","NSW","2002",268
"Heavy buses","NSW","2003",310
"Heavy buses","NSW","2004",283
"Heavy buses","NSW","2005",370
"Heavy buses","NSW","2006",451
"Heavy buses","NSW","2007",684
"Heavy buses","NSW","2008",681
"Heavy buses","NSW","2009",884
"Heavy buses","NSW","2010",854
"Heavy buses","NSW","2011",694
"Heavy buses","NSW","2012",652
"Heavy buses","NSW","2013",617
"Heavy buses","NSW","2014",594
"Heavy buses","NSW","2015",592
"Heavy buses","NSW","2016",636
"Heavy buses","NSW","2017",770
"Heavy buses","NSW","2018",762
"Heavy buses","NSW","2019",633
"Heavy buses","NSW","2020",466
"Heavy buses","NSW","2021",425
"Heavy buses","NSW","2022",435
"Heavy buses","NSW","2023",400
"Heavy buses","NSW","2024",10
"Heavy buses","Vic","1914",3
"Heavy buses","Vic","1957",3
"Heavy buses","Vic","1959",3
"Heavy buses","Vic","1965",3
"Heavy buses","Vic","1967",3
"Heavy buses","Vic","1970",4
"Heavy buses","Vic","1972",3
"Heavy buses","Vic","1974",5
"Heavy buses","Vic","1975",3
"Heavy buses","Vic","1976",5
"Heavy buses","Vic","1978",7
"Heavy buses","Vic","1979",3
"Heavy buses","Vic","1980",9
"Heavy buses","Vic","1981",5
"Heavy buses","Vic","1982",6
"Heavy buses","Vic","1983",9
"Heavy buses","Vic","1984",18
"Heavy buses","Vic","1985",20
"Heavy buses","Vic","1986",32
"Heavy buses","Vic","1987",31
"Heavy buses","Vic","1988",46
"Heavy buses","Vic","1989",35
"Heavy buses","Vic","1990",32
"Heavy buses","Vic","1991",24
"Heavy buses","Vic","1992",43
"Heavy buses","Vic","1993",29
"Heavy buses","Vic","1994",55
"Heavy buses","Vic","1995",75
"Heavy buses","Vic","1996",64
"Heavy buses","Vic","1997",83
"Heavy buses","Vic","1998",118
"Heavy buses","Vic","1999",193
"Heavy buses","Vic","2000",239
"Heavy buses","Vic","2001",223
"Heavy buses","Vic","2002",243
"Heavy buses","Vic","2003",223
"Heavy buses","Vic","2004",289
"Heavy buses","Vic","2005",322
"Heavy buses","Vic","2006",350
"Heavy buses","Vic","2007",425
"Heavy buses","Vic","2008",415
"Heavy buses","Vic","2009",370
"Heavy buses","Vic","2010",441
"Heavy buses","Vic","2011",359
"Heavy buses","Vic","2012",425
"Heavy buses","Vic","2013",470
"Heavy buses","Vic","2014",435
"Heavy buses","Vic","2015",417
"Heavy buses","Vic","2016",516
"Heavy buses","Vic","2017",421
"Heavy buses","Vic","2018",456
"Heavy buses","Vic","2019",526
"Heavy buses","Vic","2020",352
"Heavy buses","Vic","2021",447
"Heavy buses","Vic","2022",367
"Heavy buses","Vic","2023",358
"Heavy buses","Vic","2024",21
"Heavy buses","Qld","1932",3
"Heavy buses","Qld","1937",3
"Heavy buses","Qld","1939",3
"Heavy buses","Qld","1954",3
"Heavy buses","Qld","1956",3
"Heavy buses","Qld","1960",3
"Heavy buses","Qld","1963",3
"Heavy buses","Qld","1968",3
"Heavy buses","Qld","1969",3
"Heavy buses","Qld","1971",4
"Heavy buses","Qld","1972",5
"Heavy buses","Qld","1974",3
"Heavy buses","Qld","1975",3
"Heavy buses","Qld","1976",4
"Heavy buses","Qld","1978",3
"Heavy buses","Qld","1979",3
"Heavy buses","Qld","1980",5
"Heavy buses","Qld","1981",13
"Heavy buses","Qld","1982",6
"Heavy buses","Qld","1983",13
"Heavy buses","Qld","1984",13
"Heavy buses","Qld","1985",21
"Heavy buses","Qld","1986",26
"Heavy buses","Qld","1987",28
"Heavy buses","Qld","1988",38
"Heavy buses","Qld","1989",34
"Heavy buses","Qld","1990",66
"Heavy buses","Qld","1991",41
"Heavy buses","Qld","1992",49
"Heavy buses","Qld","1993",44
"Heavy buses","Qld","1994",57
"Heavy buses","Qld","1995",60
"Heavy buses","Qld","1996",56
"Heavy buses","Qld","1997",55
"Heavy buses","Qld","1998",83
"Heavy buses","Qld","1999",88
"Heavy buses","Qld","2000",136
"Heavy buses","Qld","2001",79
"Heavy buses","Qld","2002",116
"Heavy buses","Qld","2003",108
"Heavy buses","Qld","2004",202
"Heavy buses","Qld","2005",339
"Heavy buses","Qld","2006",339
"Heavy buses","Qld","2007",491
"Heavy buses","Qld","2008",655
"Heavy buses","Qld","2009",588
"Heavy buses","Qld","2010",625
"Heavy buses","Qld","2011",494
"Heavy buses","Qld","2012",584
"Heavy buses","Qld","2013",504
"Heavy buses","Qld","2014",383
"Heavy buses","Qld","2015",341
"Heavy buses","Qld","2016",328
"Heavy buses","Qld","2017",336
"Heavy buses","Qld","2018",357
"Heavy buses","Qld","2019",461
"Heavy buses","Qld","2020",361
"Heavy buses","Qld","2021",348
"Heavy buses","Qld","2022",316
"Heavy buses","Qld","2023",347
"Heavy buses","Qld","2024",15
"Heavy buses","SA","1946",3
"Heavy buses","SA","1948",3
"Heavy buses","SA","1950",3
"Heavy buses","SA","1968",3
"Heavy buses","SA","1972",3
"Heavy buses","SA","1974",3
"Heavy buses","SA","1975",3
"Heavy buses","SA","1976",3
"Heavy buses","SA","1977",3
"Heavy buses","SA","1979",3
"Heavy buses","SA","1980",7
"Heavy buses","SA","1981",11
"Heavy buses","SA","1982",16
"Heavy buses","SA","1983",11
"Heavy buses","SA","1984",19
"Heavy buses","SA","1985",18
"Heavy buses","SA","1986",23
"Heavy buses","SA","1987",13
"Heavy buses","SA","1988",34
"Heavy buses","SA","1989",32
"Heavy buses","SA","1990",18
"Heavy buses","SA","1991",16
"Heavy buses","SA","1992",15
"Heavy buses","SA","1993",12
"Heavy buses","SA","1994",15
"Heavy buses","SA","1995",14
"Heavy buses","SA","1996",15
"Heavy buses","SA","1997",22
"Heavy buses","SA","1998",23
"Heavy buses","SA","1999",32
"Heavy buses","SA","2000",70
"Heavy buses","SA","2001",74
"Heavy buses","SA","2002",117
"Heavy buses","SA","2003",77
"Heavy buses","SA","2004",68
"Heavy buses","SA","2005",85
"Heavy buses","SA","2006",98
"Heavy buses","SA","2007",104
"Heavy buses","SA","2008",139
"Heavy buses","SA","2009",136
"Heavy buses","SA","2010",175
"Heavy buses","SA","2011",203
"Heavy buses","SA","2012",254
"Heavy buses","SA","2013",150
"Heavy buses","SA","2014",121
"Heavy buses","SA","2015",107
"Heavy buses","SA","2016",109
"Heavy buses","SA","2017",108
"Heavy buses","SA","2018",101
"Heavy buses","SA","2019",112
"Heavy buses","SA","2020",124
"Heavy buses","SA","2021",93
"Heavy buses","SA","2022",108
"Heavy buses","SA","2023",98
"Heavy buses","WA","1927",3
"Heavy buses","WA","1933",3
"Heavy buses","WA","1948",3
"Heavy buses","WA","1950",3
"Heavy buses","WA","1951",3
"Heavy buses","WA","1952",3
"Heavy buses","WA","1957",3
"Heavy buses","WA","1962",3
"Heavy buses","WA","1965",3
"Heavy buses","WA","1971",3
"Heavy buses","WA","1973",3
"Heavy buses","WA","1974",5
"Heavy buses","WA","1975",4
"Heavy buses","WA","1976",4
"Heavy buses","WA","1977",10
"Heavy buses","WA","1978",6
"Heavy buses","WA","1979",3
"Heavy buses","WA","1980",7
"Heavy buses","WA","1981",5
"Heavy buses","WA","1982",9
"Heavy buses","WA","1983",18
"Heavy buses","WA","1984",22
"Heavy buses","WA","1985",32
"Heavy buses","WA","1986",39
"Heavy buses","WA","1987",33
"Heavy buses","WA","1988",39
"Heavy buses","WA","1989",41
"Heavy buses","WA","1990",30
"Heavy buses","WA","1991",38
"Heavy buses","WA","1992",34
"Heavy buses","WA","1993",40
"Heavy buses","WA","1994",36
"Heavy buses","WA","1995",49
"Heavy buses","WA","1996",43
"Heavy buses","WA","1997",39
"Heavy buses","WA","1998",46
"Heavy buses","WA","1999",68
"Heavy buses","WA","2000",116
"Heavy buses","WA","2001",131
"Heavy buses","WA","2002",79
"Heavy buses","WA","2003",59
"Heavy buses","WA","2004",81
"Heavy buses","WA","2005",74
"Heavy buses","WA","2006",124
"Heavy buses","WA","2007",212
"Heavy buses","WA","2008",302
"Heavy buses","WA","2009",305
"Heavy buses","WA","2010",283
"Heavy buses","WA","2011",345
"Heavy buses","WA","2012",416
"Heavy buses","WA","2013",287
"Heavy buses","WA","2014",302
"Heavy buses","WA","2015",378
"Heavy buses","WA","2016",303
"Heavy buses","WA","2017",236
"Heavy buses","WA","2018",316
"Heavy buses","WA","2019",361
"Heavy buses","WA","2020",368
"Heavy buses","WA","2021",401
"Heavy buses","WA","2022",416
"Heavy buses","WA","2023",383
"Heavy buses","WA","2024",20
"Heavy buses","Tas","1955",3
"Heavy buses","Tas","1959",3
"Heavy buses","Tas","1968",3
"Heavy buses","Tas","1969",3
"Heavy buses","Tas","1978",5
"Heavy buses","Tas","1980",5
"Heavy buses","Tas","1981",3
"Heavy buses","Tas","1983",3
"Heavy buses","Tas","1984",5
"Heavy buses","Tas","1985",3
"Heavy buses","Tas","1986",9
"Heavy buses","Tas","1987",12
"Heavy buses","Tas","1988",6
"Heavy buses","Tas","1989",12
"Heavy buses","Tas","1990",12
"Heavy buses","Tas","1991",4
"Heavy buses","Tas","1992",15
"Heavy buses","Tas","1993",27
"Heavy buses","Tas","1994",31
"Heavy buses","Tas","1995",32
"Heavy buses","Tas","1996",40
"Heavy buses","Tas","1997",33
"Heavy buses","Tas","1998",46
"Heavy buses","Tas","1999",43
"Heavy buses","Tas","2000",26
"Heavy buses","Tas","2001",28
"Heavy buses","Tas","2002",50
"Heavy buses","Tas","2003",41
"Heavy buses","Tas","2004",37
"Heavy buses","Tas","2005",50
"Heavy buses","Tas","2006",43
"Heavy buses","Tas","2007",75
"Heavy buses","Tas","2008",80
"Heavy buses","Tas","2009",96
"Heavy buses","Tas","2010",95
"Heavy buses","Tas","2011",76
"Heavy buses","Tas","2012",79
"Heavy buses","Tas","2013",50
"Heavy buses","Tas","2014",49
"Heavy buses","Tas","2015",31
"Heavy buses","Tas","2016",25
"Heavy buses","Tas","2017",38
"Heavy buses","Tas","2018",62
"Heavy buses","Tas","2019",75
"Heavy buses","Tas","2020",91
"Heavy buses","Tas","2021",46
"Heavy buses","Tas","2022",28
"Heavy buses","Tas","2023",31
"Heavy buses","NT","1926",3
"Heavy buses","NT","1978",3
"Heavy buses","NT","1980",3
"Heavy buses","NT","1983",3
"Heavy buses","NT","1984",3
"Heavy buses","NT","1985",3
"Heavy buses","NT","1987",5
"Heavy buses","NT","1988",7
"Heavy buses","NT","1990",5
"Heavy buses","NT","1992",5
"Heavy buses","NT","1993",6
"Heavy buses","NT","1994",4
"Heavy buses","NT","1995",7
"Heavy buses","NT","1996",6
"Heavy buses","NT","1997",9
"Heavy buses","NT","1998",4
"Heavy buses","NT","1999",13
"Heavy buses","NT","2000",17
"Heavy buses","NT","2001",13
"Heavy buses","NT","2002",11
"Heavy buses","NT","2003",11
"Heavy buses","NT","2004",18
"Heavy buses","NT","2005",27
"Heavy buses","NT","2006",32
"Heavy buses","NT","2007",65
"Heavy buses","NT","2008",29
"Heavy buses","NT","2009",23
"Heavy buses","NT","2010",51
"Heavy buses","NT","2011",36
"Heavy buses","NT","2012",41
"Heavy buses","NT","2013",74
"Heavy buses","NT","2014",47
"Heavy buses","NT","2015",50
"Heavy buses","NT","2016",28
"Heavy buses","NT","2017",30
"Heavy buses","NT","2018",38
"Heavy buses","NT","2019",40
"Heavy buses","NT","2020",27
"Heavy buses","NT","2021",32
"Heavy buses","NT","2022",42
"Heavy buses","NT","2023",25
"Heavy buses","NT","2024",3
"Heavy buses","ACT","1956",3
"Heavy buses","ACT","1982",3
"Heavy buses","ACT","1985",3
"Heavy buses","ACT","1989",3
"Heavy buses","ACT","1991",8
"Heavy buses","ACT","1992",14
"Heavy buses","ACT","1994",3
"Heavy buses","ACT","2000",8
"Heavy buses","ACT","2002",12
"Heavy buses","ACT","2003",7
"Heavy buses","ACT","2004",27
"Heavy buses","ACT","2005",20
"Heavy buses","ACT","2006",17
"Heavy buses","ACT","2007",7
"Heavy buses","ACT","2008",22
"Heavy buses","ACT","2009",19
"Heavy buses","ACT","2010",59
"Heavy buses","ACT","2011",42
"Heavy buses","ACT","2012",31
"Heavy buses","ACT","2013",22
"Heavy buses","ACT","2014",30
"Heavy buses","ACT","2015",35
"Heavy buses","ACT","2016",37
"Heavy buses","ACT","2017",36
"Heavy buses","ACT","2018",49
"Heavy buses","ACT","2019",33
"Heavy buses","ACT","2020",37
"Heavy buses","ACT","2021",7
"Heavy buses","ACT","2022",8
"Heavy buses","ACT","2023",21
"Motorcycles","NSW","1909",3
"Motorcycles","NSW","1924",3
"Motorcycles","NSW","1925",3
"Motorcycles","NSW","1935",3
"Motorcycles","NSW","1936",3
"Motorcycles","NSW","1937",3
"Motorcycles","NSW","1938",3
"Motorcycles","NSW","1941",3
"Motorcycles","NSW","1942",29
"Motorcycles","NSW","1944",3
"Motorcycles","NSW","1946",8
"Motorcycles","NSW","1947",8
"Motorcycles","NSW","1948",8
"Motorcycles","NSW","1949",12
"Motorcycles","NSW","1950",15
"Motorcycles","NSW","1951",12
"Motorcycles","NSW","1952",8
"Motorcycles","NSW","1953",10
"Motorcycles","NSW","1954",20
"Motorcycles","NSW","1955",14
"Motorcycles","NSW","1956",16
"Motorcycles","NSW","1957",15
"Motorcycles","NSW","1958",6
"Motorcycles","NSW","1959",15
"Motorcycles","NSW","1960",19
"Motorcycles","NSW","1961",26
"Motorcycles","NSW","1962",31
"Motorcycles","NSW","1963",53
"Motorcycles","NSW","1964",36
"Motorcycles","NSW","1965",53
"Motorcycles","NSW","1966",56
"Motorcycles","NSW","1967",64
"Motorcycles","NSW","1968",72
"Motorcycles","NSW","1969",98
"Motorcycles","NSW","1970",89
"Motorcycles","NSW","1971",113
"Motorcycles","NSW","1972",177
"Motorcycles","NSW","1973",157
"Motorcycles","NSW","1974",169
"Motorcycles","NSW","1975",177
"Motorcycles","NSW","1976",178
"Motorcycles","NSW","1977",172
"Motorcycles","NSW","1978",209
"Motorcycles","NSW","1979",179
"Motorcycles","NSW","1980",386
"Motorcycles","NSW","1981",432
"Motorcycles","NSW","1982",345
"Motorcycles","NSW","1983",260
"Motorcycles","NSW","1984",309
"Motorcycles","NSW","1985",398
"Motorcycles","NSW","1986",295
"Motorcycles","NSW","1987",317
"Motorcycles","NSW","1988",458
"Motorcycles","NSW","1989",325
"Motorcycles","NSW","1990",392
"Motorcycles","NSW","1991",509
"Motorcycles","NSW","1992",507
"Motorcycles","NSW","1993",714
"Motorcycles","NSW","1994",1117
"Motorcycles","NSW","1995",1625
"Motorcycles","NSW","1996",1682
"Motorcycles","NSW","1997",1916
"Motorcycles","NSW","1998",2437
"Motorcycles","NSW","1999",2791
"Motorcycles","NSW","2000",2808
"Motorcycles","NSW","2001",3319
"Motorcycles","NSW","2002",3636
"Motorcycles","NSW","2003",4326
"Motorcycles","NSW","2004",4910
"Motorcycles","NSW","2005",6473
"Motorcycles","NSW","2006",8336
"Motorcycles","NSW","2007",10010
"Motorcycles","NSW","2008",11177
"Motorcycles","NSW","2009",9130
"Motorcycles","NSW","2010",9666
"Motorcycles","NSW","2011",9633
"Motorcycles","NSW","2012",11604
"Motorcycles","NSW","2013",12372
"Motorcycles","NSW","2014",13140
"Motorcycles","NSW","2015",14479
"Motorcycles","NSW","2016",16607
"Motorcycles","NSW","2017",15578
"Motorcycles","NSW","2018",15298
"Motorcycles","NSW","2019",16150
"Motorcycles","NSW","2020",16140
"Motorcycles","NSW","2021",24618
"Motorcycles","NSW","2022",18509
"Motorcycles","NSW","2023",12205
"Motorcycles","NSW","2024",3
"Motorcycles","NSW","Not stated",6
"Motorcycles","Vic","1901",11
"Motorcycles","Vic","1925",3
"Motorcycles","Vic","1928",3
"Motorcycles","Vic","1930",3
"Motorcycles","Vic","1931",3
"Motorcycles","Vic","1938",3
"Motorcycles","Vic","1939",7
"Motorcycles","Vic","1940",3
"Motorcycles","Vic","1941",3
"Motorcycles","Vic","1942",20
"Motorcycles","Vic","1943",3
"Motorcycles","Vic","1944",4
"Motorcycles","Vic","1946",3
"Motorcycles","Vic","1947",9
"Motorcycles","Vic","1948",16
"Motorcycles","Vic","1949",12
"Motorcycles","Vic","1950",11
"Motorcycles","Vic","1951",19
"Motorcycles","Vic","1952",12
"Motorcycles","Vic","1953",12
"Motorcycles","Vic","1954",18
"Motorcycles","Vic","1955",15
"Motorcycles","Vic","1956",8
"Motorcycles","Vic","1957",18
"Motorcycles","Vic","1958",23
"Motorcycles","Vic","1959",17
"Motorcycles","Vic","1960",11
"Motorcycles","Vic","1961",11
"Motorcycles","Vic","1962",20
"Motorcycles","Vic","1963",25
"Motorcycles","Vic","1964",39
"Motorcycles","Vic","1965",55
"Motorcycles","Vic","1966",37
"Motorcycles","Vic","1967",31
"Motorcycles","Vic","1968",37
"Motorcycles","Vic","1969",51
"Motorcycles","Vic","1970",52
"Motorcycles","Vic","1971",72
"Motorcycles","Vic","1972",114
"Motorcycles","Vic","1973",107
"Motorcycles","Vic","1974",128
"Motorcycles","Vic","1975",118
"Motorcycles","Vic","1976",164
"Motorcycles","Vic","1977",109
"Motorcycles","Vic","1978",186
"Motorcycles","Vic","1979",173
"Motorcycles","Vic","1980",271
"Motorcycles","Vic","1981",300
"Motorcycles","Vic","1982",299
"Motorcycles","Vic","1983",281
"Motorcycles","Vic","1984",341
"Motorcycles","Vic","1985",418
"Motorcycles","Vic","1986",270
"Motorcycles","Vic","1987",268
"Motorcycles","Vic","1988",688
"Motorcycles","Vic","1989",298
"Motorcycles","Vic","1990",377
"Motorcycles","Vic","1991",499
"Motorcycles","Vic","1992",518
"Motorcycles","Vic","1993",568
"Motorcycles","Vic","1994",813
"Motorcycles","Vic","1995",1040
"Motorcycles","Vic","1996",1212
"Motorcycles","Vic","1997",1625
"Motorcycles","Vic","1998",2130
"Motorcycles","Vic","1999",2725
"Motorcycles","Vic","2000",3193
"Motorcycles","Vic","2001",3888
"Motorcycles","Vic","2002",3386
"Motorcycles","Vic","2003",3901
"Motorcycles","Vic","2004",4266
"Motorcycles","Vic","2005",5355
"Motorcycles","Vic","2006",6926
"Motorcycles","Vic","2007",8232
"Motorcycles","Vic","2008",9360
"Motorcycles","Vic","2009",7924
"Motorcycles","Vic","2010",6739
"Motorcycles","Vic","2011",6254
"Motorcycles","Vic","2012",7131
"Motorcycles","Vic","2013",7584
"Motorcycles","Vic","2014",8990
"Motorcycles","Vic","2015",9861
"Motorcycles","Vic","2016",10046
"Motorcycles","Vic","2017",9477
"Motorcycles","Vic","2018",9387
"Motorcycles","Vic","2019",9028
"Motorcycles","Vic","2020",8329
"Motorcycles","Vic","2021",14785
"Motorcycles","Vic","2022",12230
"Motorcycles","Vic","2023",7731
"Motorcycles","Vic","Not stated",8840
"Motorcycles","Qld","1907",3
"Motorcycles","Qld","1910",3
"Motorcycles","Qld","1911",5
"Motorcycles","Qld","1912",9
"Motorcycles","Qld","1913",7
"Motorcycles","Qld","1914",17
"Motorcycles","Qld","1915",19
"Motorcycles","Qld","1916",15
"Motorcycles","Qld","1917",6
"Motorcycles","Qld","1920",3
"Motorcycles","Qld","1923",6
"Motorcycles","Qld","1924",12
"Motorcycles","Qld","1925",6
"Motorcycles","Qld","1926",8
"Motorcycles","Qld","1927",16
"Motorcycles","Qld","1928",25
"Motorcycles","Qld","1929",13
"Motorcycles","Qld","1930",10
"Motorcycles","Qld","1931",4
"Motorcycles","Qld","1932",3
"Motorcycles","Qld","1933",5
"Motorcycles","Qld","1934",10
"Motorcycles","Qld","1935",9
"Motorcycles","Qld","1936",13
"Motorcycles","Qld","1937",19
"Motorcycles","Qld","1938",37
"Motorcycles","Qld","1939",33
"Motorcycles","Qld","1940",17
"Motorcycles","Qld","1941",38
"Motorcycles","Qld","1942",156
"Motorcycles","Qld","1943",8
"Motorcycles","Qld","1944",26
"Motorcycles","Qld","1945",6
"Motorcycles","Qld","1946",40
"Motorcycles","Qld","1947",46
"Motorcycles","Qld","1948",76
"Motorcycles","Qld","1949",68
"Motorcycles","Qld","1950",87
"Motorcycles","Qld","1951",96
"Motorcycles","Qld","1952",67
"Motorcycles","Qld","1953",66
"Motorcycles","Qld","1954",91
"Motorcycles","Qld","1955",79
"Motorcycles","Qld","1956",81
"Motorcycles","Qld","1957",83
"Motorcycles","Qld","1958",102
"Motorcycles","Qld","1959",68
"Motorcycles","Qld","1960",98
"Motorcycles","Qld","1961",53
"Motorcycles","Qld","1962",76
"Motorcycles","Qld","1963",73
"Motorcycles","Qld","1964",83
"Motorcycles","Qld","1965",117
"Motorcycles","Qld","1966",134
"Motorcycles","Qld","1967",131
"Motorcycles","Qld","1968",174
"Motorcycles","Qld","1969",255
"Motorcycles","Qld","1970",238
"Motorcycles","Qld","1971",379
"Motorcycles","Qld","1972",526
"Motorcycles","Qld","1973",516
"Motorcycles","Qld","1974",648
"Motorcycles","Qld","1975",607
"Motorcycles","Qld","1976",553
"Motorcycles","Qld","1977",347
"Motorcycles","Qld","1978",448
"Motorcycles","Qld","1979",491
"Motorcycles","Qld","1980",638
"Motorcycles","Qld","1981",849
"Motorcycles","Qld","1982",632
"Motorcycles","Qld","1983",497
"Motorcycles","Qld","1984",546
"Motorcycles","Qld","1985",668
"Motorcycles","Qld","1986",500
"Motorcycles","Qld","1987",448
"Motorcycles","Qld","1988",730
"Motorcycles","Qld","1989",547
"Motorcycles","Qld","1990",634
"Motorcycles","Qld","1991",748
"Motorcycles","Qld","1992",805
"Motorcycles","Qld","1993",905
"Motorcycles","Qld","1994",1152
"Motorcycles","Qld","1995",1465
"Motorcycles","Qld","1996",1525
"Motorcycles","Qld","1997",1556
"Motorcycles","Qld","1998",2231
"Motorcycles","Qld","1999",2300
"Motorcycles","Qld","2000",2567
"Motorcycles","Qld","2001",2861
"Motorcycles","Qld","2002",3311
"Motorcycles","Qld","2003",3934
"Motorcycles","Qld","2004",4780
"Motorcycles","Qld","2005",6925
"Motorcycles","Qld","2006",8460
"Motorcycles","Qld","2007",9667
"Motorcycles","Qld","2008",10388
"Motorcycles","Qld","2009",7587
"Motorcycles","Qld","2010",7902
"Motorcycles","Qld","2011",8146
"Motorcycles","Qld","2012",9951
"Motorcycles","Qld","2013",10305
"Motorcycles","Qld","2014",10333
"Motorcycles","Qld","2015",11131
"Motorcycles","Qld","2016",12491
"Motorcycles","Qld","2017",11426
"Motorcycles","Qld","2018",10667
"Motorcycles","Qld","2019",9995
"Motorcycles","Qld","2020",10801
"Motorcycles","Qld","2021",16393
"Motorcycles","Qld","2022",13132
"Motorcycles","Qld","2023",8395
"Motorcycles","Qld","2024",11
"Motorcycles","Qld","Not stated",11
"Motorcycles","SA","1901",4
"Motorcycles","SA","1911",3
"Motorcycles","SA","1913",3
"Motorcycles","SA","1914",3
"Motorcycles","SA","1918",4
"Motorcycles","SA","1919",3
"Motorcycles","SA","1920",3
"Motorcycles","SA","1922",3
"Motorcycles","SA","1923",3
"Motorcycles","SA","1924",7
"Motorcycles","SA","1926",4
"Motorcycles","SA","1927",8
"Motorcycles","SA","1928",7
"Motorcycles","SA","1929",9
"Motorcycles","SA","1930",9
"Motorcycles","SA","1931",3
"Motorcycles","SA","1934",8
"Motorcycles","SA","1935",9
"Motorcycles","SA","1936",15
"Motorcycles","SA","1937",6
"Motorcycles","SA","1938",13
"Motorcycles","SA","1939",13
"Motorcycles","SA","1940",8
"Motorcycles","SA","1941",8
"Motorcycles","SA","1942",50
"Motorcycles","SA","1944",5
"Motorcycles","SA","1945",3
"Motorcycles","SA","1946",16
"Motorcycles","SA","1947",32
"Motorcycles","SA","1948",67
"Motorcycles","SA","1949",70
"Motorcycles","SA","1950",44
"Motorcycles","SA","1951",73
"Motorcycles","SA","1952",41
"Motorcycles","SA","1953",32
"Motorcycles","SA","1954",54
"Motorcycles","SA","1955",42
"Motorcycles","SA","1956",44
"Motorcycles","SA","1957",34
"Motorcycles","SA","1958",38
"Motorcycles","SA","1959",43
"Motorcycles","SA","1960",32
"Motorcycles","SA","1961",29
"Motorcycles","SA","1962",40
"Motorcycles","SA","1963",27
"Motorcycles","SA","1964",31
"Motorcycles","SA","1965",25
"Motorcycles","SA","1966",40
"Motorcycles","SA","1967",48
"Motorcycles","SA","1968",51
"Motorcycles","SA","1969",77
"Motorcycles","SA","1970",79
"Motorcycles","SA","1971",115
"Motorcycles","SA","1972",186
"Motorcycles","SA","1973",162
"Motorcycles","SA","1974",210
"Motorcycles","SA","1975",184
"Motorcycles","SA","1976",209
"Motorcycles","SA","1977",117
"Motorcycles","SA","1978",137
"Motorcycles","SA","1979",127
"Motorcycles","SA","1980",172
"Motorcycles","SA","1981",218
"Motorcycles","SA","1982",160
"Motorcycles","SA","1983",129
"Motorcycles","SA","1984",143
"Motorcycles","SA","1985",162
"Motorcycles","SA","1986",131
"Motorcycles","SA","1987",114
"Motorcycles","SA","1988",195
"Motorcycles","SA","1989",124
"Motorcycles","SA","1990",180
"Motorcycles","SA","1991",204
"Motorcycles","SA","1992",279
"Motorcycles","SA","1993",266
"Motorcycles","SA","1994",347
"Motorcycles","SA","1995",447
"Motorcycles","SA","1996",468
"Motorcycles","SA","1997",515
"Motorcycles","SA","1998",675
"Motorcycles","SA","1999",690
"Motorcycles","SA","2000",716
"Motorcycles","SA","2001",786
"Motorcycles","SA","2002",862
"Motorcycles","SA","2003",1022
"Motorcycles","SA","2004",1225
"Motorcycles","SA","2005",1576
"Motorcycles","SA","2006",2149
"Motorcycles","SA","2007",2606
"Motorcycles","SA","2008",2903
"Motorcycles","SA","2009",2184
"Motorcycles","SA","2010",2155
"Motorcycles","SA","2011",1930
"Motorcycles","SA","2012",2328
"Motorcycles","SA","2013",2392
"Motorcycles","SA","2014",2493
"Motorcycles","SA","2015",2731
"Motorcycles","SA","2016",2891
"Motorcycles","SA","2017",2768
"Motorcycles","SA","2018",2574
"Motorcycles","SA","2019",2425
"Motorcycles","SA","2020",2561
"Motorcycles","SA","2021",4334
"Motorcycles","SA","2022",3251
"Motorcycles","SA","2023",1959
"Motorcycles","SA","Not stated",1050
"Motorcycles","WA","1905",3
"Motorcycles","WA","1910",3
"Motorcycles","WA","1912",7
"Motorcycles","WA","1913",9
"Motorcycles","WA","1914",15
"Motorcycles","WA","1915",11
"Motorcycles","WA","1916",5
"Motorcycles","WA","1917",4
"Motorcycles","WA","1918",8
"Motorcycles","WA","1920",4
"Motorcycles","WA","1922",3
"Motorcycles","WA","1923",9
"Motorcycles","WA","1924",11
"Motorcycles","WA","1925",15
"Motorcycles","WA","1926",24
"Motorcycles","WA","1927",17
"Motorcycles","WA","1928",32
"Motorcycles","WA","1929",31
"Motorcycles","WA","1930",16
"Motorcycles","WA","1931",4
"Motorcycles","WA","1933",4
"Motorcycles","WA","1934",8
"Motorcycles","WA","1935",16
"Motorcycles","WA","1936",19
"Motorcycles","WA","1937",29
"Motorcycles","WA","1938",25
"Motorcycles","WA","1939",23
"Motorcycles","WA","1940",25
"Motorcycles","WA","1941",48
"Motorcycles","WA","1942",133
"Motorcycles","WA","1943",12
"Motorcycles","WA","1944",22
"Motorcycles","WA","1945",5
"Motorcycles","WA","1946",24
"Motorcycles","WA","1947",52
"Motorcycles","WA","1948",61
"Motorcycles","WA","1949",78
"Motorcycles","WA","1950",76
"Motorcycles","WA","1951",121
"Motorcycles","WA","1952",65
"Motorcycles","WA","1953",58
"Motorcycles","WA","1954",84
"Motorcycles","WA","1955",71
"Motorcycles","WA","1956",82
"Motorcycles","WA","1957",72
"Motorcycles","WA","1958",73
"Motorcycles","WA","1959",92
"Motorcycles","WA","1960",101
"Motorcycles","WA","1961",76
"Motorcycles","WA","1962",80
"Motorcycles","WA","1963",96
"Motorcycles","WA","1964",115
"Motorcycles","WA","1965",128
"Motorcycles","WA","1966",171
"Motorcycles","WA","1967",169
"Motorcycles","WA","1968",264
"Motorcycles","WA","1969",155
"Motorcycles","WA","1970",158
"Motorcycles","WA","1971",215
"Motorcycles","WA","1972",325
"Motorcycles","WA","1973",346
"Motorcycles","WA","1974",438
"Motorcycles","WA","1975",472
"Motorcycles","WA","1976",417
"Motorcycles","WA","1977",306
"Motorcycles","WA","1978",389
"Motorcycles","WA","1979",369
"Motorcycles","WA","1980",498
"Motorcycles","WA","1981",618
"Motorcycles","WA","1982",489
"Motorcycles","WA","1983",469
"Motorcycles","WA","1984",451
"Motorcycles","WA","1985",544
"Motorcycles","WA","1986",380
"Motorcycles","WA","1987",387
"Motorcycles","WA","1988",708
"Motorcycles","WA","1989",523
"Motorcycles","WA","1990",496
"Motorcycles","WA","1991",559
"Motorcycles","WA","1992",581
"Motorcycles","WA","1993",677
"Motorcycles","WA","1994",898
"Motorcycles","WA","1995",1059
"Motorcycles","WA","1996",1087
"Motorcycles","WA","1997",1172
"Motorcycles","WA","1998",1506
"Motorcycles","WA","1999",1578
"Motorcycles","WA","2000",1618
"Motorcycles","WA","2001",1613
"Motorcycles","WA","2002",1614
"Motorcycles","WA","2003",1985
"Motorcycles","WA","2004",2437
"Motorcycles","WA","2005",4020
"Motorcycles","WA","2006",5389
"Motorcycles","WA","2007",6155
"Motorcycles","WA","2008",6576
"Motorcycles","WA","2009",5285
"Motorcycles","WA","2010",5188
"Motorcycles","WA","2011",5255
"Motorcycles","WA","2012",6282
"Motorcycles","WA","2013",6838
"Motorcycles","WA","2014",5701
"Motorcycles","WA","2015",5636
"Motorcycles","WA","2016",5031
"Motorcycles","WA","2017",4118
"Motorcycles","WA","2018",3833
"Motorcycles","WA","2019",3633
"Motorcycles","WA","2020",4636
"Motorcycles","WA","2021",7034
"Motorcycles","WA","2022",5455
"Motorcycles","WA","2023",3224
"Motorcycles","WA","Not stated",3
"Motorcycles","Tas","1912",3
"Motorcycles","Tas","1924",3
"Motorcycles","Tas","1925",3
"Motorcycles","Tas","1926",3
"Motorcycles","Tas","1927",3
"Motorcycles","Tas","1928",6
"Motorcycles","Tas","1929",3
"Motorcycles","Tas","1930",6
"Motorcycles","Tas","1933",3
"Motorcycles","Tas","1935",3
"Motorcycles","Tas","1936",3
"Motorcycles","Tas","1937",8
"Motorcycles","Tas","1938",7
"Motorcycles","Tas","1939",5
"Motorcycles","Tas","1942",3
"Motorcycles","Tas","1945",3
"Motorcycles","Tas","1947",3
"Motorcycles","Tas","1948",6
"Motorcycles","Tas","1949",4
"Motorcycles","Tas","1950",8
"Motorcycles","Tas","1951",10
"Motorcycles","Tas","1952",6
"Motorcycles","Tas","1953",3
"Motorcycles","Tas","1954",6
"Motorcycles","Tas","1955",8
"Motorcycles","Tas","1956",13
"Motorcycles","Tas","1957",8
"Motorcycles","Tas","1958",3
"Motorcycles","Tas","1959",6
"Motorcycles","Tas","1960",3
"Motorcycles","Tas","1962",5
"Motorcycles","Tas","1964",4
"Motorcycles","Tas","1965",3
"Motorcycles","Tas","1966",10
"Motorcycles","Tas","1967",7
"Motorcycles","Tas","1968",5
"Motorcycles","Tas","1969",11
"Motorcycles","Tas","1970",6
"Motorcycles","Tas","1971",14
"Motorcycles","Tas","1972",13
"Motorcycles","Tas","1973",21
"Motorcycles","Tas","1974",13
"Motorcycles","Tas","1975",22
"Motorcycles","Tas","1976",15
"Motorcycles","Tas","1977",15
"Motorcycles","Tas","1978",18
"Motorcycles","Tas","1979",23
"Motorcycles","Tas","1980",26
"Motorcycles","Tas","1981",31
"Motorcycles","Tas","1982",26
"Motorcycles","Tas","1983",36
"Motorcycles","Tas","1984",37
"Motorcycles","Tas","1985",36
"Motorcycles","Tas","1986",39
"Motorcycles","Tas","1987",35
"Motorcycles","Tas","1988",41
"Motorcycles","Tas","1989",32
"Motorcycles","Tas","1990",53
"Motorcycles","Tas","1991",56
"Motorcycles","Tas","1992",60
"Motorcycles","Tas","1993",93
"Motorcycles","Tas","1994",144
"Motorcycles","Tas","1995",185
"Motorcycles","Tas","1996",214
"Motorcycles","Tas","1997",237
"Motorcycles","Tas","1998",301
"Motorcycles","Tas","1999",321
"Motorcycles","Tas","2000",331
"Motorcycles","Tas","2001",369
"Motorcycles","Tas","2002",354
"Motorcycles","Tas","2003",436
"Motorcycles","Tas","2004",565
"Motorcycles","Tas","2005",650
"Motorcycles","Tas","2006",840
"Motorcycles","Tas","2007",1023
"Motorcycles","Tas","2008",1095
"Motorcycles","Tas","2009",834
"Motorcycles","Tas","2010",864
"Motorcycles","Tas","2011",756
"Motorcycles","Tas","2012",846
"Motorcycles","Tas","2013",902
"Motorcycles","Tas","2014",959
"Motorcycles","Tas","2015",1015
"Motorcycles","Tas","2016",1091
"Motorcycles","Tas","2017",919
"Motorcycles","Tas","2018",747
"Motorcycles","Tas","2019",739
"Motorcycles","Tas","2020",699
"Motorcycles","Tas","2021",1229
"Motorcycles","Tas","2022",1023
"Motorcycles","Tas","2023",534
"Motorcycles","NT","1919",3
"Motorcycles","NT","1925",3
"Motorcycles","NT","1926",3
"Motorcycles","NT","1930",3
"Motorcycles","NT","1936",3
"Motorcycles","NT","1938",3
"Motorcycles","NT","1940",3
"Motorcycles","NT","1942",4
"Motorcycles","NT","1946",3
"Motorcycles","NT","1947",3
"Motorcycles","NT","1950",3
"Motorcycles","NT","1951",3
"Motorcycles","NT","1955",3
"Motorcycles","NT","1959",3
"Motorcycles","NT","1966",7
"Motorcycles","NT","1967",7
"Motorcycles","NT","1968",7
"Motorcycles","NT","1969",5
"Motorcycles","NT","1970",5
"Motorcycles","NT","1971",4
"Motorcycles","NT","1972",5
"Motorcycles","NT","1973",3
"Motorcycles","NT","1974",8
"Motorcycles","NT","1975",11
"Motorcycles","NT","1976",4
"Motorcycles","NT","1978",6
"Motorcycles","NT","1979",6
"Motorcycles","NT","1980",7
"Motorcycles","NT","1981",8
"Motorcycles","NT","1983",11
"Motorcycles","NT","1984",10
"Motorcycles","NT","1985",12
"Motorcycles","NT","1986",7
"Motorcycles","NT","1987",7
"Motorcycles","NT","1988",10
"Motorcycles","NT","1989",13
"Motorcycles","NT","1990",9
"Motorcycles","NT","1991",11
"Motorcycles","NT","1992",8
"Motorcycles","NT","1993",14
"Motorcycles","NT","1994",13
"Motorcycles","NT","1995",12
"Motorcycles","NT","1996",21
"Motorcycles","NT","1997",23
"Motorcycles","NT","1998",33
"Motorcycles","NT","1999",40
"Motorcycles","NT","2000",46
"Motorcycles","NT","2001",38
"Motorcycles","NT","2002",47
"Motorcycles","NT","2003",38
"Motorcycles","NT","2004",88
"Motorcycles","NT","2005",75
"Motorcycles","NT","2006",148
"Motorcycles","NT","2007",164
"Motorcycles","NT","2008",204
"Motorcycles","NT","2009",143
"Motorcycles","NT","2010",168
"Motorcycles","NT","2011",162
"Motorcycles","NT","2012",221
"Motorcycles","NT","2013",277
"Motorcycles","NT","2014",283
"Motorcycles","NT","2015",270
"Motorcycles","NT","2016",288
"Motorcycles","NT","2017",269
"Motorcycles","NT","2018",243
"Motorcycles","NT","2019",336
"Motorcycles","NT","2020",383
"Motorcycles","NT","2021",599
"Motorcycles","NT","2022",463
"Motorcycles","NT","2023",291
"Motorcycles","ACT","1907",3
"Motorcycles","ACT","1927",3
"Motorcycles","ACT","1928",3
"Motorcycles","ACT","1935",3
"Motorcycles","ACT","1936",3
"Motorcycles","ACT","1937",3
"Motorcycles","ACT","1939",3
"Motorcycles","ACT","1940",3
"Motorcycles","ACT","1941",3
"Motorcycles","ACT","1942",4
"Motorcycles","ACT","1943",3
"Motorcycles","ACT","1944",3
"Motorcycles","ACT","1947",3
"Motorcycles","ACT","1948",6
"Motorcycles","ACT","1949",4
"Motorcycles","ACT","1950",4
"Motorcycles","ACT","1951",4
"Motorcycles","ACT","1952",5
"Motorcycles","ACT","1954",3
"Motorcycles","ACT","1955",3
"Motorcycles","ACT","1956",3
"Motorcycles","ACT","1957",4
"Motorcycles","ACT","1958",8
"Motorcycles","ACT","1959",4
"Motorcycles","ACT","1960",6
"Motorcycles","ACT","1962",4
"Motorcycles","ACT","1963",5
"Motorcycles","ACT","1964",3
"Motorcycles","ACT","1965",7
"Motorcycles","ACT","1966",11
"Motorcycles","ACT","1967",11
"Motorcycles","ACT","1968",10
"Motorcycles","ACT","1969",20
"Motorcycles","ACT","1970",22
"Motorcycles","ACT","1971",13
"Motorcycles","ACT","1972",23
"Motorcycles","ACT","1973",17
"Motorcycles","ACT","1974",24
"Motorcycles","ACT","1975",22
"Motorcycles","ACT","1976",15
"Motorcycles","ACT","1977",21
"Motorcycles","ACT","1978",28
"Motorcycles","ACT","1979",24
"Motorcycles","ACT","1980",35
"Motorcycles","ACT","1981",43
"Motorcycles","ACT","1982",35
"Motorcycles","ACT","1983",29
"Motorcycles","ACT","1984",38
"Motorcycles","ACT","1985",30
"Motorcycles","ACT","1986",26
"Motorcycles","ACT","1987",16
"Motorcycles","ACT","1988",28
"Motorcycles","ACT","1989",22
"Motorcycles","ACT","1990",28
"Motorcycles","ACT","1991",34
"Motorcycles","ACT","1992",37
"Motorcycles","ACT","1993",45
"Motorcycles","ACT","1994",46
"Motorcycles","ACT","1995",67
"Motorcycles","ACT","1996",67
"Motorcycles","ACT","1997",87
"Motorcycles","ACT","1998",107
"Motorcycles","ACT","1999",123
"Motorcycles","ACT","2000",146
"Motorcycles","ACT","2001",165
"Motorcycles","ACT","2002",149
"Motorcycles","ACT","2003",205
"Motorcycles","ACT","2004",262
"Motorcycles","ACT","2005",308
"Motorcycles","ACT","2006",420
"Motorcycles","ACT","2007",508
"Motorcycles","ACT","2008",556
"Motorcycles","ACT","2009",466
"Motorcycles","ACT","2010",493
"Motorcycles","ACT","2011",484
"Motorcycles","ACT","2012",550
"Motorcycles","ACT","2013",580
"Motorcycles","ACT","2014",644
"Motorcycles","ACT","2015",735
"Motorcycles","ACT","2016",746
"Motorcycles","ACT","2017",721
"Motorcycles","ACT","2018",643
"Motorcycles","ACT","2019",620
"Motorcycles","ACT","2020",681
"Motorcycles","ACT","2021",1026
"Motorcycles","ACT","2022",859
"Motorcycles","ACT","2023",508
"Total","-","-",21736966
